Date,Open,High,Low,Close,Volume
2020-11-27,113.47533860340312,114.3709129708123,113.1346317708944,113.49480438232422,46691300
2020-11-30,113.86471334319992,117.75852242774822,113.7089574149293,115.88949584960938,169410200
2020-12-01,117.79746411967523,120.19215587053868,116.82401182614447,119.46206665039062,127728200
2020-12-02,118.78063560532624,120.09480203261869,117.68063727975765,119.8125,89004200
2020-12-03,120.24080509301905,120.49390472899617,118.96558516591388,119.67620849609375,78967600
2020-12-04,119.3452462973935,119.59834596601074,118.29391606792319,119.0045394897461,78260400
2020-12-07,119.0629479962768,121.26295226566269,119.00454323508524,120.4647216796875,86712000
2020-12-08,121.06824323820942,121.66204962752003,119.82221828193694,121.07797241210938,82225500
2020-12-09,121.22401378468822,122.6063142688594,117.78772835245422,118.5470199584961,115089200
2020-12-10,117.30101190387383,120.58154910132534,116.96030505591354,119.96826934814453,81312200
2020-12-11,119.17978224822454,119.50102333511974,117.34969433896117,119.16031646728516,86939800
2020-12-14,119.3452505477775,120.07533977310263,118.31339348591051,118.5470199584961,79184500
2020-12-15,121.03904746799414,124.50454247866038,120.83462338964168,124.48506927490234,157243700
2020-12-16,124.0275637947843,124.9620697049553,123.20012338037756,124.41693878173828,98208600
2020-12-17,125.47797450497976,126.13992968199645,124.6408050730974,125.28328704833984,94359800
2020-12-18,125.53642108894336,125.67270382324948,122.77181256405065,123.29747772216797,192541500
2020-12-21,121.70097950628217,124.90363783892778,120.17265999088353,124.82575988769531,121251600
2020-12-22,128.11605471749206,130.84172406271304,126.20808171972651,128.37889099121094,168904800
2020-12-23,128.65149275201784,128.91431424621467,127.30812347796113,127.48335266113281,88223700
2020-12-24,127.83375369258947,129.91694086606563,127.61959301416368,128.46649169921875,54930100
2020-12-28,130.43289960768968,133.69395641508856,129.96563173528466,133.06121826171875,124486200
2020-12-29,134.38507537843176,135.1054204796811,130.77356128298763,131.28948974609375,121047300
2020-12-30,131.9806813052001,132.37980036355688,129.8585472989338,130.17005920410156,96452100
2020-12-31,130.5204870277971,131.16296911492586,128.2231389904879,129.16738891601562,99116600
2021-01-04,129.97534605093776,130.06295318684514,123.39480688941487,125.97445678710938,143301900
2021-01-05,125.46826826756664,128.242613306386,125.0204736671036,127.531982421875,97664900
2021-01-06,124.32932099883892,127.570918733124,123.02489113823766,123.23905181884766,155088000
2021-01-07,124.95234603859188,128.13553942794485,124.46561985658641,127.44438171386719,109578200
2021-01-08,128.91428961570313,129.10899197173987,126.77269738263777,128.5443878173828,105158200
2021-01-11,125.76029392736588,126.71427293823224,125.08860952298478,125.55586242675781,100384500
2021-01-12,125.08862995743296,126.24704065814508,123.4921686595174,125.38066864013672,91951100
2021-01-13,125.34168812995227,127.96027667813408,125.07886675534918,127.41514587402344,88636800
2021-01-14,127.32756381591491,127.52225130518217,125.34171280576037,125.48773956298828,90221800
2021-01-15,125.3611781802463,126.7629517813355,123.62843438270613,123.76471710205078,111598500
2021-01-19,124.38772578454656,125.29304408982054,123.57002946950722,124.4364013671875,90757300
2021-01-20,125.24438780808299,128.97271223666024,125.13730745125214,128.52491760253906,104319500
2021-01-21,130.2479286583061,135.96208925479198,130.0434971272025,133.23641967773438,120150900
2021-01-22,132.66209590266996,136.1373282057296,131.43555118884584,135.37803649902344,114459400
2021-01-25,139.27182020640586,141.23818305206848,132.91516336360118,139.12579345703125,157611700
2021-01-26,139.78772681607,140.46914031198884,137.6169179490498,139.35940551757812,98390600
2021-01-27,139.62224478331817,140.46915831522645,136.68242977361535,138.2886199951172,140843800
2021-01-28,135.8160892048896,138.22051793091006,133.07094618183902,133.45059204101562,142621100
2021-01-29,132.22402749273948,133.10987264929705,126.753230328146,128.45677185058594,177523800
2021-02-01,130.19924214528973,131.7859741111612,127.45409959233686,130.57888793945312,106239800
2021-02-02,132.12667146199954,132.69127555683025,131.0364096809211,131.4063262939453,83305400
2021-02-03,132.15586101329262,132.16560504134387,130.06294479305137,130.38418579101562,89880900
2021-02-04,132.68152499802775,133.75231340224198,131.01691536139694,133.74258422851562,84183100
2021-02-05,133.90349935519643,133.9717351183683,132.45088238594224,133.3282928466797,75693800
2021-02-08,132.61661008272995,133.5232814106689,131.53446261926186,133.4745330810547,71297200
2021-02-09,133.1917548672735,134.4201468877061,132.44108738356064,132.59706115722656,76774200
2021-02-10,133.0553056014661,133.5525177010359,131.02749721967888,131.99266052246094,73046600
2021-02-11,132.4898338171174,132.9675435248031,130.41329236021338,131.73916625976562,64280000
2021-02-12,130.9787653308469,132.12914848493614,130.33532312132203,131.97315979003906,60145100
2021-02-16,132.09017454240117,132.5971155475775,129.45791334796667,129.84788513183594,80576300
2021-02-17,127.95653150303275,128.90219239259375,126.22119839919687,127.55681610107422,97918500
2021-02-18,125.95798807847142,126.73791669485071,124.21291100168493,126.4552001953125,96856700
2021-02-19,126.9718859638425,127.43009341839543,125.56801758188449,126.61116027832031,87668800
2021-02-22,124.79785290469383,126.46495059628728,122.4483306541044,122.83829498291016,103916400
2021-02-23,120.65448673963841,123.53045927947294,115.41923371769597,122.70178985595703,158273000
2021-02-24,121.80487424070276,122.40931177714582,119.16287735238498,122.20458221435547,111039900
2021-02-25,121.5513960656033,123.28672920715788,117.51528197921584,117.95398712158203,148199500
2021-02-26,119.51383705660506,121.71712880247114,118.15871701805524,118.21721649169922,164560400
2021-03-01,120.64471905780232,124.71982986571714,119.70880940251382,124.58334350585938,116307900
2021-03-02,125.18782240063729,125.49004121695306,121.87313682284052,121.98037719726562,102260900
2021-03-03,121.67811746535834,122.55553508836154,118.78264302842219,118.99712371826172,112966300
2021-03-04,118.69491428410296,120.49849054949536,115.64345838509743,117.11556243896484,178155000
2021-03-05,117.94423786319923,118.88014757741405,114.61980182519049,118.3731918334961,153766600
2021-03-08,117.89550256292887,117.96374575469044,113.29394038143423,113.44017791748047,154376600
2021-03-09,116.04316214765258,118.99712873808402,115.80918658429786,118.05146789550781,129525800
2021-03-10,118.63641969338748,119.10437082693089,116.45262294368767,116.96932983398438,111943300
2021-03-11,119.46512138613018,120.11830738240509,118.21724144161956,118.89967346191406,103026500
2021-03-12,117.3788074668468,118.1294826044811,116.1699248367297,117.99299621582031,88105100
2021-03-15,118.36346860634158,120.88847429766527,117.39830527073745,120.87872314453125,92403800
2021-03-16,122.54579497339591,124.02765763412758,121.59039037182497,122.41905975341797,115227900
2021-03-17,120.93722665347914,122.70180609403398,119.2701289957093,121.62940979003906,111932600
2021-03-18,119.7965455571018,120.08902057387003,117.30078651568779,117.5055160522461,121229700
2021-03-19,116.89134214689703,118.38294855656439,116.67686143267959,116.97908020019531,185549500
2021-03-22,117.31056434336112,120.76173611147584,117.24232114898952,120.29377746582031,111912300
2021-03-23,120.23528824072892,121.12244978834059,119.07514647128622,119.4651107788086,95467100
2021-03-24,119.73807557407793,119.81606991796893,117.05708136591241,117.07657623291016,88530500
2021-03-25,116.54037047817636,118.60717576184044,116.01391986522562,117.56401824951172,98844700
2021-03-26,117.33003655489678,118.43168604296147,115.9359194779791,118.16845703125,94071200
2021-03-29,118.59744917887969,119.50411307157158,117.70053643972989,118.3439712524414,80819200
2021-03-30,117.09606408266947,117.37878796591035,115.87743050212212,116.8913345336914,85671900
2021-03-31,118.59743117177423,120.42050239594532,118.10997769999379,119.08488464355469,118323800
2021-04-01,120.55698579856444,121.0639340927336,119.41633912027298,119.91354370117188,75089100
2021-04-05,120.76170129900736,122.99423863979624,119.98177292706471,122.74076080322266,88651200
2021-04-06,123.32573845569713,123.9399272027551,122.49706897342678,123.04301452636719,80171300
2021-04-07,122.67254049145967,124.7100924000349,121.99985233123647,124.69059753417969,83466700
2021-04-08,125.71425994840894,127.11812846744388,125.29505706125592,127.08888244628906,88844600
2021-04-09,126.54291392534559,129.70160264420477,126.22119287511026,129.66261291503906,106686700
2021-04-12,129.19468770758402,129.51640882237047,127.35211395991703,127.94680786132812,91420000
2021-04-13,129.11670696279845,131.28100205330475,128.61949478941824,131.0567626953125,91266500
2021-04-14,131.55393195001986,131.6124239805342,128.35623869078685,128.71694946289062,87222800
2021-04-15,130.46210070074878,131.61248416262487,130.2866096530615,131.12503051757812,89347100
2021-04-16,130.93000444237106,131.29071524829968,129.9355952026849,130.79351806640625,84922400
2021-04-19,130.1598082608944,132.07063223335706,129.99407588140957,131.45643615722656,94264200
2021-04-20,131.63188090917504,132.1290778730612,128.50242447229948,129.76980590820312,94812300
2021-04-21,129.03870718463844,130.3938274883599,128.00530801609,130.1501007080078,68847100
2021-04-22,129.70163080104982,130.7837782500738,128.11254238332913,128.62924194335938,84566500
2021-04-23,128.84370608473515,131.72942232628785,128.84370608473515,130.9495086669922,78657500
2021-04-26,131.44671790843336,131.67094236224486,130.20858180313348,131.3394775390625,66905100
2021-04-27,131.6221681983873,132.01213986314156,130.74475798551163,131.01773071289062,66015800
2021-04-28,130.93976637575503,131.63195694182536,129.74063484322053,130.22808837890625,107760100
2021-04-29,133.04553085743174,133.63048088194913,129.12640139531834,130.13055419921875,151101000
2021-04-30,128.47320202841144,130.20853474127574,127.78102661111261,128.16123962402344,109839500
2021-05-03,128.7267036427075,130.70577838338053,128.5219815192614,129.2141571044922,75135100
2021-05-04,127.89805427494618,128.19052935599137,123.52071640184118,124.64186096191406,137564700
2021-05-05,125.95797834787251,127.17661206810328,124.75884693241741,124.88558959960938,84000900
2021-05-06,124.68084466410176,126.49417211958026,123.93991332667143,126.48442840576172,78128300
2021-05-07,127.78325616498553,128.1836356126159,126.44535491426944,127.15825653076172,78973300
2021-05-10,126.37701270502987,126.50395575349485,123.83794311938117,123.87700653076172,88071200
2021-05-11,120.60551762571262,123.3105935686965,119.89262343355486,122.95903778076172,126142800
2021-05-12,120.50787863355768,121.71881469697152,119.38482966600999,119.89263916015625,112172300
2021-05-13,121.66021769444781,123.19342127323375,121.34771783923617,122.04107666015625,105861300
2021-05-14,123.29106392253492,124.892626453878,122.90043727939631,124.46293640136719,81918000
2021-05-17,123.84769755764366,123.95512006477786,122.23636740121376,123.31058502197266,74244600
2021-05-18,123.59379552967953,124.01371786549493,121.8555147978895,121.92387390136719,63342900
2021-05-19,120.27349147179841,121.99223682754793,119.9805196188087,121.76763153076172,92612000
2021-05-20,122.29495751746947,124.72659669981742,122.16799959049966,124.32620239257812,76857100
2021-05-21,124.82426479688547,125.00004641017311,122.27543512950636,122.49028015136719,79295400
2021-05-24,123.05668200832781,124.94144853323611,122.9883229095211,124.12113189697266,63092900
2021-05-25,124.82427842870585,125.31256736390405,123.35943397486378,123.92584228515625,72009500
2021-05-26,123.98442904941227,124.40435140852335,123.45708417165065,123.87700653076172,56575900
2021-05-27,123.4766045875031,124.64847698408089,122.14847856440403,122.34378814697266,94625600
2021-05-28,122.62701373171124,122.85162649652436,121.63092276524166,121.68951416015625,71311100
2021-06-01,122.1484865589402,122.4121552577231,121.03520547415292,121.36723327636719,67637100
2021-06-02,121.36723416808287,122.30473364370846,121.14262887683675,122.12895202636719,59278900
2021-06-03,121.7578580944845,121.92387199310579,120.24418267613345,120.64457702636719,76229200
2021-06-04,121.16216981717328,123.20319033966574,120.94732476737572,122.93951416015625,75169300
2021-06-07,123.21292557232901,123.35941148111935,121.90433500845637,122.94925689697266,71057600
2021-06-08,123.63284357760986,125.44925835272221,123.25198469832935,123.76956176757812,74403800
2021-06-09,124.22855558580545,124.75590040330229,123.55472485501787,124.15042877197266,56877900
2021-06-10,124.04301866252895,125.18560293992083,122.98833637271277,123.15435028076172,71186400
2021-06-11,123.56451405558266,124.45318995364758,123.14459167144136,124.36529541015625,53522400
2021-06-14,124.82425243468346,127.4804968993435,124.09183036028564,127.42190551757812,96906500
2021-06-15,126.89458776096085,127.53912286216541,126.35747517662371,126.60161590576172,62746300
2021-06-16,127.3144772540413,127.82229404162898,125.44925378056163,127.0996322631836,91815000
2021-06-17,126.75786702289925,129.44341498990488,126.61137364763495,128.7012176513672,96721700
2021-06-18,127.64653787053875,128.42777623689193,127.18755213466459,127.40239715576172,108953300
2021-06-21,127.24618396376991,129.30673284742429,126.18173368531541,129.19931030273438,79663300
2021-06-22,129.0332571523742,130.93755177411464,128.53520055049577,130.8398895263672,74783600
2021-06-23,130.63483384623305,131.17194646480604,130.10748149302736,130.56646728515625,60214200
2021-06-24,131.2988830515641,131.4844323925828,129.81450322458238,130.28326416015625,68711000
2021-06-25,130.33211370345364,130.75202867042742,129.69733876810528,129.9903106689453,70783700
2021-06-28,130.28326829600795,132.08014056924634,130.22467690249317,131.62115478515625,62111300
2021-06-29,131.64068656233414,133.29108030597018,131.20123622200433,133.13482666015625,64556100
2021-06-30,132.97855283049014,134.18949604999602,132.68558101434905,133.7500457763672,63261400
2021-07-01,133.3984696771295,134.11135626990725,132.57814569102956,134.05276489257812,52485800
2021-07-02,134.66800143213112,136.71878923106325,134.521522975564,136.6797332763672,78852600
2021-07-06,136.78715756035768,139.79495784960233,136.78715756035768,138.6914520263672,108181800
2021-07-07,140.17584334226723,141.49420932337944,139.31647805419703,141.1817169189453,104911600
2021-07-08,138.26180572762215,140.68367804752438,137.37312972878914,139.88290405273438,105575500
2021-07-09,139.4043413205293,142.23636751298437,139.30667907892771,141.7090301513672,99890800
2021-07-12,142.78325599959365,142.89067850548736,140.62504561797144,141.1133270263672,76299700
2021-07-13,140.65435663279786,144.00397520789517,140.2637374239949,142.22662353515625,100827100
2021-07-14,144.62897873444868,146.06452746184092,144.218809182764,145.65435791015625,127050800
2021-07-15,145.74224306877775,146.48442546002198,143.64262402981763,145.0000457763672,106820300
2021-07-16,144.98050686009336,146.25002646546287,142.4609732736023,142.95901489257812,93251400
2021-07-19,140.38092397459488,140.69343127095988,138.34967125172668,139.11138916015625,121434600
2021-07-20,140.09775852491492,143.65244785752398,139.60947694130834,142.72470092773438,96350000
2021-07-21,142.11919121599766,142.7051348899588,141.24029060622254,141.9922332763672,74993500
2021-07-22,142.5195913490058,144.72661812834664,142.39263340422124,143.35943603515625,77338200
2021-07-23,144.09184768836266,145.23442440451626,143.47660834075452,145.0781707763672,71447400
2021-07-26,144.7949814490319,146.31841714774572,144.2383334584889,145.49810791015625,72434100
2021-07-27,145.62505300491213,145.71295498966768,142.13873124540055,143.33013916015625,104818600
2021-07-28,141.41609361273288,143.52547338784896,139.19929130551824,141.5821075439453,118931200
2021-07-29,141.29889173837356,143.1152993715257,141.1914692207776,142.22662353515625,56699500
2021-07-30,140.99614324026174,142.90043773904355,140.73246710930246,142.4414520263672,70440600
2021-08-02,142.92972994024274,143.50589840764349,141.84574465184807,142.1094207763672,62880000
2021-08-03,142.39262044590672,144.5703513322944,141.77738110937673,143.9062957763672,64786600
2021-08-04,143.81836653404733,144.32616831575695,142.8515642745514,143.505859375,56368300
2021-08-05,143.53521546251628,144.37506017943633,142.74420187239215,143.61334228515625,46397700
2021-08-06,143.13414879433773,143.8774433777858,142.42996869486214,142.9287567138672,54126800
2021-08-09,142.9873899692901,143.47640294108896,142.3223394909196,142.8798065185547,48908700
2021-08-10,143.22212723273427,144.46422440880676,142.1071782098756,142.4005889892578,69023100
2021-08-11,142.84071932029642,143.49599503680233,142.33214155394316,142.65489196777344,48493500
2021-08-12,142.97763397957073,145.77478914489808,142.63531888467134,145.61830139160156,72282600
2021-08-13,145.6965517804986,146.15622524916978,145.01193648359285,145.82369995117188,59375000
2021-08-16,145.27597699148956,147.8677548726636,143.25147091055382,147.79928588867188,103296000
2021-08-17,146.92885446726953,148.34698930481986,145.8139053280962,146.88973999023438,92229700
2021-08-18,146.50830231259667,147.4080844695857,142.938498348175,143.14389038085938,86326000
2021-08-19,141.8431233828503,144.74786207926644,141.32477074631083,143.47642517089844,86960300
2021-08-20,144.20018093381358,145.23688628655097,143.5546800797901,144.93370056152344,60549600
2021-08-23,145.05102753102452,146.8897211086949,144.6402584192349,146.42027282714844,60131800
2021-08-24,146.16601272730568,147.54503325209566,145.87260188236166,146.332275390625,48606400
2021-08-25,146.51804903732258,147.01685176789556,144.5522224668886,145.09991455078125,58991300
2021-08-26,145.09017201862116,145.84324134015625,144.26861878609316,144.29795837402344,48597200
2021-08-27,144.23931717294278,145.4814147751485,143.6036060357612,145.334716796875,55802400
2021-08-30,145.7258781178275,150.11722035437248,145.344448563989,149.75534057617188,90956700
2021-08-31,149.3054461965621,149.44236923362013,147.96554048732443,148.49368286132812,86453100
2021-09-01,149.47174324183015,151.57449356451917,148.9925050400125,149.1587677001953,80313700
2021-09-02,150.48886382470346,151.32019193818465,149.05116433458483,150.27369689941406,71115500
2021-09-03,150.38128139931968,151.23217421828528,149.72600573087058,150.909423828125,57808700
2021-09-07,151.56468139327094,153.80435423363667,150.99742455621305,153.24688720703125,82278300
2021-09-08,153.53050279274424,153.58918195944025,150.59642507001544,151.70159912109375,74420200
2021-09-09,152.07328934160887,152.67966077073964,150.56712073419473,150.6844940185547,57305700
2021-09-10,151.59404461667017,152.06349296335642,145.43247723787448,145.69654846191406,140893200
2021-09-13,147.3200945733119,148.09272872223804,145.48140050070867,146.26382446289062,102404300
2021-09-14,147.04622803340942,147.7504080093713,143.68181590903453,144.86521911621094,109296300
2021-09-15,145.2955602871313,146.15622806180076,143.15368066284816,145.75523376464844,83281300
2021-09-16,145.1781771600229,145.69652972947753,143.98498428450677,145.52047729492188,68034100
2021-09-17,145.54984051172312,145.54984051172312,142.55706833315722,142.85047912597656,129868800
2021-09-20,140.64014472255653,141.6572852174671,138.16574008474763,139.79904174804688,123478900
2021-09-21,140.76730289175725,141.42259357419263,139.64257873843403,140.27828979492188,75834000
2021-09-22,141.27586560496235,143.21235308306478,140.54234603803783,142.64511108398438,76404300
2021-09-23,143.42750895866175,143.8480679048245,142.43970805715156,143.6035614013672,64838200
2021-09-24,142.4592969995775,144.22952199810462,142.36148841215257,143.6916046142578,53477900
2021-09-27,142.27345249653945,142.75269063959104,140.65971546291632,142.17564392089844,74150700
2021-09-28,140.10222299723426,141.5692619814985,138.57650484135823,138.7916717529297,108972300
2021-09-29,139.33936207785715,141.27584933291644,138.90902826040127,139.6914520263672,74602000
2021-09-30,140.5031949007561,141.20737469514876,138.1754886402087,138.39065551757812,89056700
2021-10-01,138.7819070111095,139.77949787918857,136.05322057381363,139.5154266357422,94639600
2021-10-04,138.64495809209728,139.08508172360442,135.23165695964403,136.08253479003906,98322000
2021-10-05,136.42484951189164,139.11442096062234,136.2977013587978,138.00924682617188,80861100
2021-10-06,136.40530997052016,139.02641292068202,135.32947522321794,138.8797149658203,83221100
2021-10-07,139.91640035654444,141.0509141240026,139.5838750906148,140.14134216308594,61732700
2021-10-08,140.86507705840515,141.01177498221017,139.42737771114903,139.75990295410156,58773200
2021-10-11,139.14379318887413,141.62797319796408,138.69389456556874,139.6719207763672,64452200
2021-10-12,140.08267299121655,140.1022376916366,137.94079346178435,138.4004669189453,73035900
2021-10-13,138.1363794788412,138.29285227644627,136.14119834359943,137.81362915039062,78762700
2021-10-14,138.98730641116916,140.71841699528724,138.40048471107957,140.60104370117188,69907100
2021-10-15,140.61077720629643,141.71593624188964,140.3564809404601,141.65725708007812,67940300
2021-10-18,140.29781043764254,143.61331759603044,140.01418949688554,143.32969665527344,85589200
2021-10-19,143.7795892346543,145.89212886384934,143.32970565575582,145.4911346435547,76378900
2021-10-20,145.43247137126255,146.45940171355207,144.86521446863128,145.98016357421875,58418800
2021-10-21,145.54002172435474,146.35178495602463,144.62067505418665,146.19529724121094,61421000
2021-10-22,146.40072504621372,146.879948270264,145.37379468633046,145.42269897460938,58883400
2021-10-25,145.4128937692613,146.08773407498782,144.3761886308666,145.373779296875,50720600
2021-10-26,146.04863902426567,147.52545305998103,145.73566350958762,146.0388641357422,60893400
2021-10-27,146.07796575011088,146.43983059903536,145.22708789518356,145.5791778564453,56094900
2021-10-28,146.52783620883923,149.80421376724462,146.43002765698066,149.2174072265625,100077900
2021-10-29,143.98499185882136,146.6452238271108,143.19279317037723,146.50830078125,124953200
2021-11-01,145.71610716586716,146.4104973070888,144.55225377378474,145.686767578125,74588300
2021-11-02,145.39334900645795,148.23940825327995,145.38355919540496,146.7234649658203,69122000
2021-11-03,147.08534391435344,148.63062693615777,146.52787680010098,148.1611785888672,54511500
2021-11-04,148.24916301129954,149.08047604584104,147.3298163066968,147.64279174804688,60394600
2021-11-05,148.76918963737086,149.07281782729038,146.97678796158638,148.17172241210938,65463900
2021-11-08,148.29903947767883,148.45575560494797,147.07472275577462,147.34896850585938,55020900
2021-11-09,147.11388237768483,148.31860574960734,146.97675951376903,147.7113494873047,56787900
2021-11-10,146.93759531163658,147.0453357776248,144.8121833419343,144.8807373046875,65187100
2021-11-11,145.89940280376894,146.35973220816493,144.64568854947308,144.831787109375,41000000
2021-11-12,145.38027365145768,147.3097982131486,144.449795829464,146.90823364257812,63804000
2021-11-15,147.2804228094717,148.75940720761815,146.35973409824072,146.91802978515625,59222800
2021-11-16,146.85925789370467,148.37741378411212,146.27157982474884,147.89747619628906,59256200
2021-11-17,147.89745943010328,151.81527292494047,147.88767027666427,150.3363037109375,88807000
2021-11-18,150.55179723889825,155.40987800940817,149.90535437132496,154.62631225585938,137827700
2021-11-19,154.41079733938346,157.7115649216405,153.31381449284626,157.251220703125,117305600
2021-11-22,158.35800620438556,162.2954127503928,157.69198511799027,157.71157836914062,117467900
2021-11-23,157.8095322884944,158.47556839424874,155.79186060844827,158.0935821533203,96041900
2021-11-24,157.4471342187338,158.8085738483819,156.35994034575776,158.61268615722656,69463600
2021-11-26,156.2913900038225,157.15329885394945,153.14733793761846,153.5880889892578,76959800
2021-11-29,156.09549714109664,157.87810965774673,155.5274123262941,156.9476318359375,88748200
2021-11-30,156.7027606504653,162.11913695746247,156.6341917361946,161.90365600585938,174048100
2021-12-01,164.038815999895,166.80088116813417,161.1494320797987,161.38450622558594,152052500
2021-12-02,155.47844855141722,160.82625610567675,154.55775990226203,160.39529418945312,136739200
2021-12-03,160.64998717410649,161.5706759695091,156.43833361283723,158.5147705078125,118023100
2021-12-06,160.91439750803002,164.43064668165096,160.9046083540242,161.92324829101562,107497000
2021-12-07,165.60599842826275,168.05463216133037,164.881197462976,167.662841796875,120405400
2021-12-08,168.593312102322,172.34462027485748,167.19268602213367,171.48269653320312,116998900
2021-12-09,171.3161727723624,173.1183631784156,170.34650866761442,170.97335815429688,108923700
2021-12-10,171.61003610118843,175.93921831838114,171.1007161505561,175.76290893554688,115402700
2021-12-13,177.39859965742585,178.38785718223016,171.9234585953343,172.129150390625,153237000
2021-12-14,171.64920321778123,174.08804749115933,168.67167154672788,170.74810791015625,139380400
2021-12-15,171.5121000863054,175.81190028087914,168.76962734356553,175.6160125732422,131063300
2021-12-16,175.5964093375668,177.41819331105674,167.24167279418768,168.72064208984375,150185800
2021-12-17,166.43851201579665,169.90578548213614,166.20345276063674,167.6236572265625,195432700
2021-12-20,164.822454783558,167.07520110962366,164.0193105827762,166.2622528076172,107499100
2021-12-21,168.03502751462352,169.6413305368034,165.64515876193008,169.43565368652344,91185900
2021-12-22,169.48461926274177,172.24668517933623,168.6129062856775,172.0312042236328,92135300
2021-12-23,172.23690795484498,173.2163614776015,171.66882311821325,172.65806579589844,68356600
2021-12-27,173.4513977796986,176.71297937182496,173.4318194724349,176.6248321533203,74919600
2021-12-28,176.45833582983963,177.6042945644057,174.86182193569553,175.606201171875,79144300
2021-12-29,175.64540604755402,176.9186986453212,174.47985393756576,175.6943817138672,62348900
2021-12-30,175.7824840883525,176.85988869120052,174.43083375846518,174.53857421875,59773000
2021-12-31,174.43089020072648,175.54746672076513,173.61794190920978,173.9215850830078,64062300
2022-01-03,174.17621628400974,179.12245940789794,174.05868664745196,178.27032470703125,104487900
2022-01-04,178.8775573474026,179.1811854730246,175.4396667688889,176.00775146484375,99310400
2022-01-05,175.91965899179817,176.46815060812955,171.0517734789437,171.32601928710938,94537600
2022-01-06,169.15160256379613,171.69818743268368,168.1133843303379,168.4659881591797,96904000
2022-01-07,169.33768439473522,170.56200104833394,167.51590061636946,168.63247680664062,86709100
2022-01-10,165.6060136268591,168.95574308768624,164.71470727935647,168.65211486816406,106765600
2022-01-11,168.77941063247667,171.58063290230876,167.3102305884416,171.48269653320312,76138300
2022-01-12,172.5013205493631,173.5395387171234,171.22804314076478,171.92344665527344,74805200
2022-01-13,172.16834964468802,172.99108706764017,168.26032446775187,168.65211486816406,84505800
2022-01-14,167.81952731493655,170.20939579349408,167.57466398631828,169.5139923095703,80440800
2022-01-18,167.9860600754121,168.99489595879072,165.9292167455851,166.3112030029297,90956700
2022-01-19,166.50708841129685,167.56489994287205,162.53050974989438,162.81454467773438,94815000
2022-01-20,163.54914953452655,166.19367112950465,160.8066766064742,161.12989807128906,91420500
2022-01-21,161.04173994454513,162.91249968467412,158.965303342259,159.0730438232422,122848900
2022-01-24,156.7321237742352,158.9652761385697,151.521424960607,158.2992401123047,162294600
2022-01-25,155.71348938472497,159.41582185177984,153.79376918824497,156.49705505371094,115798400
2022-01-26,160.14061983418955,161.01233270214277,154.57733208034693,156.40890502929688,108275300
2022-01-27,159.11217717007352,160.47361658716693,155.02785891879338,155.94854736328125,121954600
2022-01-28,162.3052517203285,166.849915520985,159.45503834907882,166.830322265625,179935700
2022-01-31,166.6637882659515,171.4043389682656,166.02713461119168,171.18885803222656,115541600
2022-02-01,170.43469133018758,171.2476394960686,168.76962343591478,171.02236938476562,86213900
2022-02-02,171.15949584991125,172.266283066221,169.7686736999572,172.2270965576172,84914300
2022-02-03,170.8950419808838,172.61888970067017,168.5835311300311,169.34750366210938,89418100
2022-02-04,168.3667905913057,170.74010088602927,167.3860892995176,169.06309509277344,82465400
2022-02-07,169.52403712153145,170.59299800892276,167.65089393875687,168.34719848632812,77251200
2022-02-08,168.4158439042664,171.96599307785382,168.12163049721661,171.45602416992188,74829200
2022-02-09,172.65247937368048,173.2408912177467,171.524663818335,172.87803649902344,71285000
2022-02-10,170.7793456546729,172.09348197353535,168.23933255381579,168.79832458496094,90865900
2022-02-11,169.0042733328554,169.7397993797007,164.79705596488338,165.38548278808594,98670700
2022-02-14,164.13996586391173,166.30732224292808,163.34560023389338,165.62083435058594,86185500
2022-02-15,167.670499489042,169.61228383864895,166.96439336840055,169.4553680419922,62527400
2022-02-16,168.53352854543166,169.99476394129306,166.7682631690513,169.2200164794922,61177400
2022-02-17,167.72933608370406,168.5923579851135,165.2187432406735,165.62083435058594,69589300
2022-02-18,166.54272185911768,167.24881311236203,162.9827709259436,164.07135009765625,82772700
2022-02-22,161.7960703511054,163.47307588961104,159.02068432123022,161.14881896972656,91162800
2022-02-23,162.34531942395103,162.9435479364118,156.66706433380475,156.98089599609375,90009200
2022-02-24,149.63542023803691,159.70722772731528,149.0666116347653,159.59934997558594,141147500
2022-02-25,160.67813725963106,161.93343403788458,157.76545247894273,161.6686553955078,91974200
2022-02-28,159.91315308309024,162.22760877136363,159.2953064697166,161.9333953857422,95056600
2022-03-01,161.52152827152648,163.38487003337303,158.8442174624351,160.05047607421875,83474400
2022-03-02,161.21749147612806,164.13017563125035,159.80527916281847,163.34561157226562,79724800
2022-03-03,165.21874895199736,165.65025991761865,162.35510295615475,163.02197265625,76678400
2022-03-04,161.3155594882437,162.35510045432284,158.9716840195684,160.02102661132812,83737200
2022-03-07,160.2073682314536,161.83533601406552,155.97073134624392,156.22572326660156,96418800
2022-03-08,155.75499927047608,159.73664445127486,152.7932769334802,154.40162658691406,131148300
2022-03-09,158.36363528455044,160.25639649791017,156.33359145766846,159.80526733398438,91454900
2022-03-10,157.10837144656722,157.29470711890718,152.96981007380143,155.46080017089844,105342000
2022-03-11,155.86285431301891,156.2061057623046,151.51835462854714,151.74391174316406,96970100
2022-03-14,148.52722554311967,151.14569651195163,147.20328761828517,147.71324157714844,108732100
2022-03-15,147.98779883833126,152.56768641731915,147.4778450101939,152.09693908691406,92964300
2022-03-16,154.01915688013034,156.9122229988077,151.4791438617729,156.5101318359375,102300200
2022-03-17,155.549028989307,157.89290442537197,154.58794593498652,157.52023315429688,75615400
2022-03-18,157.41236437319773,161.30574983268542,156.67683837905244,160.81539916992188,123511700
2022-03-21,160.35447849802293,163.13968181166422,159.8641278042269,162.1884002685547,95811400
2022-03-22,162.3158776286816,166.15042355950408,161.7274657879275,165.56201171875,81532000
2022-03-23,164.74801286692667,169.30826781804822,164.41456305995604,166.9251708984375,98062700
2022-03-24,167.75877268098228,170.77933467330854,166.92518550141648,170.710693359375,90131400
2022-03-25,170.52435897204094,171.89733490405604,169.4161616355689,171.34814453125,80546200
2022-03-28,168.84733794398963,172.33863211398676,168.68062052174977,172.21115112304688,90371900
2022-03-29,173.28009079226467,175.55530970776783,172.93683939967303,175.50628662109375,100589400
2022-03-30,175.10419436160848,176.14373519247044,173.28989123764686,174.33924865722656,92633200
2022-03-31,174.40792609212167,174.59426174462104,171.03431102289065,171.24026489257812,103049300
2022-04-01,170.67146498333403,171.5050671665747,168.62180263029362,170.94606018066406,78751300
2022-04-04,171.2010287452735,175.04537594723365,171.07353279095375,174.996337890625,76468400
2022-04-05,174.07446238611692,174.85902633621265,171.05390090505156,171.68154907226562,73401800
2022-04-06,169.03368653783352,170.27918145157616,166.846726701127,168.513916015625,89058800
2022-04-07,167.85684898260146,170.01438898962488,166.57213259059588,168.81793212890625,77594700
2022-04-08,168.46488285345913,168.46488285345913,165.9346714824091,166.8074951171875,76575500
2022-04-11,165.45415248244237,165.7679691730941,162.30609416242459,162.55126953125,72246700
2022-04-12,164.77744578641645,166.59173431379904,163.42407312851623,164.4243927001953,79265200
2022-04-13,164.1595904381064,167.73914420674996,163.55156041909547,167.1114959716797,70618900
2022-04-14,167.32723694124167,167.96470171120438,161.85492235187505,162.10009765625,75329400
2022-04-18,160.75656858845937,163.38485607115766,160.41333208367593,161.88438415527344,69023900
2022-04-19,161.8353139115337,164.58128022532864,160.74673499644868,164.16937255859375,67723800
2022-04-20,165.5031266456754,165.62082096364503,162.89447286562967,164.00265502929688,67929800
2022-04-21,165.65026467883652,168.21969736612456,162.70816069883412,163.20831298828125,87227800
2022-04-22,163.2475363117759,164.63031369845396,158.38325153783305,158.6676483154297,84882400
2022-04-25,158.01057433340998,160.0210148088947,155.40192048493418,159.7366180419922,96046400
2022-04-26,159.1187908139756,159.207050342252,153.69551365548884,153.7739715576172,95623200
2022-04-27,152.90114966122312,156.70626068843154,152.38137914765707,153.5484161376953,88063200
2022-04-28,156.17670074562366,161.34500140614668,155.86286910913438,160.4819793701172,130216800
2022-04-29,158.7167001847882,162.9925585964128,154.21528465651994,154.60755920410156,131747600
2022-05-02,153.68569876055605,155.17635387935172,150.31208408187865,154.9115753173828,123055300
2022-05-03,155.09790243206862,157.60851029484962,153.30323224685807,156.40223693847656,88966500
2022-05-04,156.58859524312854,163.26716957480116,156.1865040661354,162.81605529785156,108256500
2022-05-05,160.68791986588977,160.91347698312873,151.9596689981739,153.7445526123047,130525300
2022-05-06,153.223988771511,156.59274408051633,151.42666686979732,154.4713134765625,116124600
2022-05-09,152.1633023773659,153.0472394567593,148.7847453865434,149.3445587158203,131577900
2022-05-10,152.7427360024197,153.94095050381605,150.19897670016442,151.75076293945312,115366700
2022-05-11,150.75886233593417,152.6740370686738,143.2061846849442,143.8838653564453,142689800
2022-05-12,140.22044713133192,143.58918770892123,136.32134136947613,140.01419067382812,182602000
2022-05-13,142.0079231185743,145.45525149236786,140.55435700186288,144.48292541503906,113990900
2022-05-16,142.9508405374904,144.8856624162591,141.60529515319183,142.94100952148438,86643800
2022-05-17,146.20171700867192,147.09547018171415,144.06063880216985,146.57493591308594,78336300
2022-05-18,144.22761523431257,144.72850245560213,137.40171366939953,138.3052978515625,109742900
2022-05-19,137.38205052865445,139.13026237954173,134.160625433561,134.89723205566406,136095600
2022-05-20,136.60611694229152,138.1873660432014,130.24184145556765,135.13290405273438,137426100
2022-05-23,135.32933412526623,140.7016518473881,135.19183485026645,140.55433654785156,117726300
2022-05-24,138.2954308094958,139.43471927603565,134.87758039617586,137.8534698486328,104132700
2022-05-25,135.95791658734237,139.25791446992204,135.86952739968447,138.01060485839844,92482700
2022-05-26,134.93651437290322,141.76239957025606,134.69097882633443,141.21240234375,90601500
2022-05-27,142.79365382955837,147.00703727273068,142.66597054796807,146.96775817871094,90978500
2022-05-31,146.40794084331958,147.9695433008326,144.2177530085784,146.18203735351562,103718400
2022-06-01,147.22308826530934,149.0302410387393,145.04273170111645,146.05435180664062,74286600
2022-06-02,145.19008953159607,148.5686612441736,144.23741035730646,148.50973510742188,72348100
2022-06-03,144.27668941243508,145.327588805216,141.88027492949882,142.78384399414062,88570300
2022-06-06,144.4043948265017,145.91690250386964,142.3124267340464,143.53028869628906,71598400
2022-06-07,141.77221184112562,146.3391664090359,141.5266763270165,146.05435180664062,67808200
2022-06-08,145.92671828674779,147.19367537745603,144.82672360419159,145.3177947998047,53950200
2022-06-09,144.45350326791345,145.3079623441927,139.98475243487303,140.09278869628906,69473000
2022-06-10,137.7749096051149,138.2463336751748,134.61241045362357,134.68116760253906,91437900
2022-06-13,130.49724415866797,132.78563754326257,129.09278784637604,129.52493286132812,122207100
2022-06-14,130.75259347181498,131.49901613498997,129.1320498799016,130.38919067382812,84784300
2022-06-15,131.89187879778933,134.8874157174927,129.79992595411264,133.0115203857422,91533000
2022-06-16,129.72132743354433,130.025789079853,126.73560712471962,127.73739624023438,108123900
2022-06-17,127.74724995941777,130.70349274398822,127.49188338256819,129.21063232421875,134520300
2022-06-21,131.0374040187389,134.61240084976376,130.93919879539584,133.4436492919922,81000500
2022-06-22,132.38292546422988,135.29988866486136,131.51865061736427,132.9329376220703,73409200
2022-06-23,134.37669341757493,136.11507419750754,133.2079418850883,135.80079650878906,72433800
2022-06-24,137.40171459924213,139.37583039772065,137.27404627901228,139.1302947998047,89116800
2022-06-27,140.15171629316146,140.92761717490586,138.45261415174812,139.1302947998047,70207900
2022-06-28,139.59187553155968,140.85883237422544,134.86777395244602,134.98562622070312,67083400
2022-06-29,135.00525640007206,138.15792407261875,134.2293557674798,136.74363708496094,66242400
2022-06-30,134.79900702917675,135.89900141660408,131.38115662088498,134.27847290039062,98964500
2022-07-01,133.61065966587913,136.5570871782252,133.2374557050029,136.4490509033203,71051600
2022-07-05,135.30970151895488,139.08112303452873,134.48469088605682,139.03201293945312,73353800
2022-07-06,138.82581180795694,141.54633502633234,138.56062920663072,140.36776733398438,74064300
2022-07-07,140.73115856961377,143.93295194501385,140.72134254203155,143.7365264892578,66253700
2022-07-08,142.66595755400886,144.9150713790322,142.41060600038625,144.41416931152344,64547800
2022-07-11,143.0686451840122,144.02132426836204,141.2123971200697,142.28292846679688,63141600
2022-07-12,143.15702881773996,145.7989934962315,142.45971631070495,143.2552490234375,77588800
2022-07-13,140.43653568039218,143.8347397140172,139.5820616716197,142.8918914794922,71185600
2022-07-14,141.50706056941064,146.29008864591398,140.69188068401962,145.81866455078125,78140700
2022-07-15,147.1052616395071,148.16597704358819,145.55347512166446,147.48829650878906,76259900
2022-07-18,148.0481247263253,148.86330457327466,144.08026173602485,144.44366455078125,81420900
2022-07-19,145.27848208027842,148.52937058051154,144.286523787425,148.30348205566406,82982400
2022-07-20,148.4213562417651,150.97493250294357,147.6847494340756,150.30706787109375,64823400
2022-07-21,151.74094840024839,152.79184759877373,149.22666712229798,152.57577514648438,65086600
2022-07-22,152.61504443026655,153.4891502088084,150.6704074708932,151.3382568359375,66675400
2022-07-25,151.2597268643066,152.27133221190695,149.56062491925485,150.21865844726562,53623900
2022-07-26,149.54097900815464,150.3561589035467,148.10705966352916,148.8927764892578,55138700
2022-07-27,149.8552563235132,154.5204317003286,149.4427584043403,153.9900665283203,78620700
2022-07-28,154.17668202554245,154.82489948966665,151.65258430440582,154.5400848388672,81378700
2022-07-29,158.3606155964203,160.70793488273625,156.65168275313596,159.60792541503906,101786900
2022-08-01,158.13470710792794,160.66863573230555,158.01685484186865,158.6257781982422,67829400
2022-08-02,157.24097682201486,159.50972297268584,156.77936877558471,157.15257263183594,59907000
2022-08-03,157.96775857743674,163.61507661089456,157.87936937014717,163.16329956054688,82507500
2022-08-04,163.04545502447235,164.20439085358342,161.49366822844783,162.84902954101562,55474100
2022-08-05,160.51806934143676,163.114525365312,160.31152641592973,162.62277221679688,56697000
2022-08-08,163.62595540473944,165.04220702567798,161.49174831186727,162.15069580078125,60276900
2022-08-09,161.31475546531706,163.0850703328182,160.55745118727944,162.1999053955078,63135500
2022-08-10,164.91435623038078,166.54698055787682,164.14722239112217,166.44863891601562,70170500
2022-08-11,167.25512657950156,168.16979550252623,165.41597407733548,165.71102905273438,57149200
2022-08-12,167.0190508772423,169.3302817306664,166.60596501556313,169.26144409179688,68039400
2022-08-15,168.6910268994302,170.5301791193321,168.52383260735886,170.33348083496094,54091700
2022-08-16,169.93025557179138,170.84492444042124,168.82873307006977,170.17613220214844,56377100
2022-08-17,169.9204107737534,173.24465231523857,169.72371248841205,171.67105102539062,79542000
2022-08-18,170.88425233332873,172.01527879196829,170.26463844345383,171.27764892578125,62290100
2022-08-19,170.1761140668042,170.87441022573427,168.48448182965225,168.69102478027344,70346300
2022-08-22,166.89124263458586,167.0584369610205,164.38329772382542,164.80621337890625,69026800
2022-08-23,164.32423603782541,165.92735612503327,163.90132052092278,164.4717559814453,54147100
2022-08-24,164.56030249873976,165.33726597260625,163.50794341888323,164.76683044433594,53841500
2022-08-25,165.99620298200634,167.3337722378681,165.57330244873228,167.2255859375,51218200
2022-08-26,167.75667592112484,168.2287547406751,160.86228718946123,160.92129516601562,78961000
2022-08-29,158.49204445005722,160.2131805859094,157.18399419307175,158.71826171875,73314000
2022-08-30,159.45590875707995,159.87880933569366,155.118641623387,156.2890167236328,77906200
2022-08-31,157.665923552681,157.93147450788678,154.54820976951913,154.62689208984375,87991100
2022-09-01,154.05640939783467,155.8070492199715,152.11890099797873,155.35464477539062,74229900
2022-09-02,157.11516076913463,157.71510032446895,152.41400097767612,153.24014282226562,76957800
2022-09-06,153.88926726791752,154.49903651153815,151.15512032719968,151.98126220703125,73714800
2022-09-07,152.2664983933652,154.08597659166026,151.0764488090942,153.3876953125,87449600
2022-09-08,152.08942323375317,153.78105537712216,150.1617441609201,151.9123992919922,84923800
2022-09-09,152.90577277832278,155.21701929836195,152.19764682354995,154.77442932128906,68028800
2022-09-12,156.9577752421011,161.55074810883656,156.6725650029193,160.73443603515625,104956000
2022-09-13,157.2627059256093,157.89214957569482,150.84040875911936,151.3026580810547,122656600
2022-09-14,152.2369398106262,154.50885206267736,151.07640953249754,152.7483673095703,87965400
2022-09-15,152.09928154477043,152.6795618131171,148.88322594006283,149.8568878173828,90481100
2022-09-16,148.71602969989698,148.85372001445614,145.92285973622464,148.2144317626953,162278800
2022-09-19,146.84737096636638,152.01078071909163,146.6408429802446,151.93209838867188,81474200
2022-09-20,150.86987662798256,155.47269441025097,150.5551623818667,154.31214904785156,107689800
2022-09-21,154.74487347927777,156.12179126652225,151.0665696207393,151.18458557128906,101696800
2022-09-22,149.86673172221157,151.92225679396847,148.42097590441998,150.22079467773438,86652500
2022-09-23,148.69634230303134,148.97172290795524,146.10971554201328,147.94886779785156,96029900
2022-09-26,147.19160174855077,151.23381448556898,147.171927414505,148.28329467773438,93339400
2022-09-27,150.220743863227,152.1680819563256,147.47675313434306,149.25689697265625,84442700
2022-09-28,145.20489532446575,148.1554147485666,142.45107419388137,147.3686065673828,146691400
2022-09-29,143.69029304650877,144.30006222073425,138.3596750779143,140.12998962402344,128138200
2022-09-30,138.9497794383235,140.7397682439674,135.72387972938284,135.9205780029297,124925300
2022-10-03,135.93043653465315,140.71027860420344,135.41900896557823,140.10049438476562,114311700
2022-10-04,142.6379332973476,143.80830832520158,141.88062916042142,143.69029235839844,87830100
2022-10-05,141.6937945288243,144.94919877755754,140.65126498965273,143.9853515625,79471000
2022-10-06,143.40507882099124,145.1065408456924,142.8248135939426,143.03134155273438,68402200
2022-10-07,140.18899129011245,140.73976746295003,137.14996021039673,137.77940368652344,85925600
2022-10-10,138.10397338867188,139.5497290653031,136.28449546728626,138.10397338867188,74899000
2022-10-11,137.59250697969694,139.01860292980982,135.94022381991846,136.68768310546875,77033700
2022-10-12,136.83526713014228,138.04497594951954,135.88126460377657,136.05828857421875,70433700
2022-10-13,132.76354024673512,141.22168665886508,132.15375604675947,140.631591796875,113224000
2022-10-14,141.92982762072035,142.1363705990491,135.9107723458466,136.09764099121094,88598000
2022-10-17,138.7432621845146,140.5430657827838,137.95645402263972,140.0611572265625,85250900
2022-10-18,143.09038098743915,144.2804155723702,138.2908639653918,141.3790740966797,99136600
2022-10-19,139.35303637893844,142.55926212019432,139.16616774549112,141.48724365234375,61758300
2022-10-20,140.66108608089553,143.48374457740485,140.29717851697941,141.0249786376953,64522000
2022-10-21,140.51356590449524,145.41143897685419,140.29719327846567,144.84100341796875,86548600
2022-10-24,144.76231202642796,147.75216493318766,143.5919369881937,146.9850311279297,75981900
2022-10-25,147.6144876838341,149.97491229930705,146.89653213741997,149.82737731933594,74732300
2022-10-26,148.47013415168624,149.48314455270017,145.59828223025528,146.88668823242188,88194300
2022-10-27,145.62779799425218,146.59163005196794,141.75278042653088,142.41172790527344,109180200
2022-10-28,145.75567739955667,154.9022919241191,145.38195509054958,153.17132568359375,164762400
2022-10-31,150.63382812065376,151.69601672276417,149.41427490924212,150.81085205078125,97943200
2022-11-01,152.52219441549875,152.88608702918296,146.6703335656384,148.16525268554688,80379300
2022-11-02,146.49328294195223,149.66017491618842,142.60843546015093,142.637939453125,93604600
2022-11-03,139.7169294177421,140.44472962212055,136.4615253404881,136.58938598632812,97918500
2022-11-04,139.97824816387146,140.5496299805745,132.38284296255216,136.32339477539062,140814800
2022-11-07,135.07223453767563,137.08190888946038,133.6536338037058,136.85533142089844,83374600
2022-11-08,138.32322168629616,139.3280515614897,135.44662070693448,137.42674255371094,89908500
2022-11-09,136.44159482466026,136.49085472450093,132.5897021500865,132.86553955078125,74917800
2022-11-10,139.14089348616804,144.6872100830078,137.42674799216064,144.6872100830078,118854000
2022-11-11,143.6528333928847,147.7805490726991,142.2243712372686,147.47515869140625,93979700
2022-11-14,146.75596507273625,148.04649306078085,145.23884458956303,146.0762176513672,73374100
2022-11-15,149.9576976256643,151.3073317859871,146.35208917690562,147.81008911132812,89868300
2022-11-16,146.91363265596118,147.64262514508096,145.10096733747125,146.57867431640625,64218300
2022-11-17,144.25374542723313,149.22869517163417,143.9779079987764,148.47999572753906,80389400
2022-11-18,150.0463641188946,150.4305673318375,147.74114484123723,149.04151916503906,74829600
2022-11-21,147.928327968664,148.1351985339266,145.52458880647748,145.81027221679688,58724100
2022-11-22,145.92847743972578,148.18443654711209,144.74629997055138,147.947998046875,51804100
2022-11-23,147.22887996484198,149.5735133563615,147.1205141770319,148.82481384277344,58301400
2022-11-25,146.10580754336945,146.66734339247978,144.9334909730617,145.90878295898438,35195900
2022-11-28,142.98289353666578,144.46060017306456,141.24905649481454,142.07656860351562,69246000
2022-11-29,142.14554009146167,142.6578160052338,138.26410941652946,139.07191467285156,83763800
2022-11-30,139.29850181511986,146.50971891238402,138.4611435666205,145.82997131347656,111380900
2022-12-01,146.00731491776455,146.91364010696918,144.4310880474874,146.10581970214844,71250400
2022-12-02,143.79072424895466,145.80039880762385,143.4853188948338,145.61322021484375,65447400
2022-12-05,145.57387788392768,148.67705724079119,143.6036014587404,144.45082092285156,68826400
2022-12-06,144.88423366279338,145.11081116378415,139.81076461635996,140.7860565185547,64727200
2022-12-07,140.07675927915528,141.23921477643742,137.91930489039092,138.8453369140625,69721100
2022-12-08,140.24422386630843,141.38698737134578,139.00295559622268,140.5299072265625,62128300
2022-12-09,140.2245130259643,143.40651899251785,138.8059121667718,140.0471954345703,76097000
2022-12-12,140.57921509183583,142.35246681987059,138.96358908007434,142.34262084960938,70462700
2022-12-13,147.2781498799709,147.7411660018872,142.09632874722436,143.30804443359375,93886200
2022-12-14,143.18982946326526,144.4803579746899,139.0620984014011,141.08163452148438,82291200
2022-12-15,139.01283101163355,139.69257867211073,134.00832790749715,134.47134399414062,98931900
2022-12-16,134.6585187405124,135.60424282446493,131.74250357896327,132.5109100341797,160156900
2022-12-19,133.1019778704447,133.19063667083125,129.36831196695024,130.40269470214844,79592600
2022-12-20,129.43727633927585,131.26963355148135,127.9595693949815,130.33375549316406,77432800
2022-12-21,131.00365840968308,134.7767390812449,130.77708085896677,133.43695068359375,85928000
2022-12-22,132.35330392731453,132.56017450128888,128.3634917913713,130.26480102539062,77852100
2022-12-23,128.97425178436364,130.45195863115794,127.71327647766012,129.90028381347656,63814900
2022-12-27,129.42743066905106,129.45698360544398,126.80696007412172,128.0974884033203,69007800
2022-12-28,127.74283419111387,129.08262238361158,123.99931454878694,124.16678619384766,85438400
2022-12-29,126.0877822825082,128.54077324876366,125.83165187138442,127.68370819091797,75703700
2022-12-30,126.50157867111179,128.0186846307949,125.53614008985218,127.99897766113281,77034200
2023-01-03,128.34377240566315,128.9545531314731,122.32457886036785,123.2112045288086,112117500
2023-01-04,125.00416235162118,126.7478608503369,123.22106494631889,124.48204040527344,89113600
2023-01-05,125.24058317585433,125.87107085400619,122.90581107632524,123.16194152832031,80962700
2023-01-06,124.13723200436364,128.3536136037993,123.03387482286254,127.69357299804688,87754700
2023-01-09,128.530949601707,131.4272575812406,127.95956778658704,128.2156982421875,70790800
2023-01-10,128.32406282244906,129.30920076375085,126.21586822934367,128.78707885742188,63896200
2023-01-11,129.29935853420528,131.52576493439358,128.52110615216108,131.50607299804688,69458900
2023-01-12,131.89029271765745,132.26463497127472,129.4865533653131,131.42727661132812,71379600
2023-01-13,130.0677495016975,132.9147972949888,129.70325330640753,132.75717163085938,57809700
2023-01-17,132.82615869144374,135.24958975985854,132.1365650960417,133.91966247558594,63646600
2023-01-18,134.7865730896908,136.54996329562516,133.0231678517452,133.20050048828125,69672800
2023-01-19,132.08729648616435,134.22504400705918,131.78190613060963,133.25961303710938,58280400
2023-01-20,133.26946486486585,135.9687483442848,132.22522101014553,135.8209686279297,80223600
2023-01-23,136.06726442233395,141.18999437445396,135.85053284595898,139.01283264160156,81760300
2023-01-24,138.22472018745663,141.03236969957698,138.21487421828232,140.41172790527344,66435100
2023-01-25,138.79606308722262,140.31316867471608,136.7469746734582,139.75164794921875,65799300
2023-01-26,141.04221286895242,142.10616376720364,139.79108333600698,141.8204803466797,54105100
2023-01-27,141.03236318771044,145.04186713056833,140.95355034191297,143.7611846923828,70555800
2023-01-30,142.8056023172103,143.38683009380475,140.7269606636837,140.87472534179688,64015300
2023-01-31,140.57917270592753,142.19479823056315,140.1654165994733,142.14553833007812,65874500
2023-02-01,141.83029241325445,144.43105564330162,139.21968321658196,143.26858520507812,77663600
2023-02-02,146.68702845858084,148.9331416858034,145.96788199485025,148.57850646972656,118339000
2023-02-03,145.82996797468513,155.04101372137666,145.6329433931969,152.2038116455078,154357300
2023-02-06,150.30250288074524,150.82462478693864,148.53909754834626,149.4749755859375,69858300
2023-02-07,148.40119485902974,152.92297488891165,148.40119485902974,152.35159301757812,83322600
2023-02-08,151.59300123087564,152.28259464697476,148.92327132396665,149.66212463378906,64120100
2023-02-09,151.49453251585427,152.036361465456,148.18446797066764,148.62777709960938,56007100
2023-02-10,147.46352995054943,149.3184067990407,147.22673043469464,148.99281311035156,57450700
2023-02-13,148.9336202674222,152.19940317198714,148.90402220916044,151.79489135742188,62199000
2023-02-14,150.08797404321209,151.71594235255213,148.84481056104855,151.15354919433594,61707600
2023-02-15,151.06479521662123,153.42286958750384,150.83787171493694,153.25514221191406,65573800
2023-02-16,151.4594283283723,154.24176636818623,151.3015770289575,151.65676879882812,68167900
2023-02-17,150.314927401964,150.95623873407766,148.83496427712012,150.5122528076172,59144100
2023-02-21,148.19362270368532,149.27893490600394,146.42754017987073,146.49659729003906,58867200
2023-02-22,146.88139380804506,147.94696900428042,145.19424437189434,146.92086791992188,51011300
2023-02-23,148.0851281966049,148.3317887532872,145.27320688340583,147.4043426513672,48394200
2023-02-24,145.1449407917213,145.22387397766028,143.77350867783375,144.7502899169922,55469600
2023-02-27,145.73689015780175,147.17737898488724,145.4803536136917,145.94407653808594,44998500
2023-02-28,145.085741426228,147.08862392793702,144.86867893348426,145.44093322753906,50547000
2023-03-01,144.86867310742886,145.26332395747403,143.07297711330398,143.3689727783203,55479000
2023-03-02,142.45137644789077,144.75025410916558,141.97777744941413,143.9609375,52238100
2023-03-03,146.06250758539213,149.09150642636217,145.36200004016092,149.0125732421875,70732300
2023-03-06,151.7356876269036,154.21216902598104,151.41010897005816,151.77516174316406,87558000
2023-03-07,151.64687511738626,151.9724687898397,149.11121296034582,149.57493591308594,56182000
2023-03-08,150.76879154793838,151.41997901042942,149.80188641133856,150.82798767089844,47204800
2023-03-09,151.50875841619168,152.47566345847628,148.2232384177023,148.57843017578125,53833600
2023-03-10,148.2034912322262,148.9237356272084,145.63821618700155,146.51632690429688,68572400
2023-03-13,145.83555065664373,151.09435428881787,145.72701943515565,148.46002197265625,84457100
2023-03-14,149.2592435700248,151.35092039522885,148.09501290089167,150.55174255371094,73695900
2023-03-15,149.1704067412566,151.20288685726504,147.9173671829065,150.9463653564453,77167900
2023-03-16,150.1274913518228,154.37005612199135,149.61443315625291,153.76820373535156,76161100
2023-03-17,153.99507952206918,154.64626683139153,152.21912097617263,152.92950439453125,98944600
2023-03-20,152.99857704057916,155.71184244967856,152.0908531826233,155.2974395751953,73641400
2023-03-21,155.21856391429898,157.2707665184009,154.44896911905354,157.15237426757812,73938300
2023-03-22,157.17213676743134,159.97419756019178,155.70203417691403,155.72177124023438,75701800
2023-03-23,156.70838216666218,159.3920501505052,155.57373460560854,156.80703735351562,67622100
2023-03-24,156.73798864921076,158.19821496579544,155.7414853951506,158.1094207763672,59196500
2023-03-27,157.8035399490982,158.62245469903792,155.76118357485748,156.16571044921875,52390300
2023-03-28,155.85986113132142,156.37291926303735,153.89643783944095,155.54412841796875,45992200
2023-03-29,157.241143834068,158.8987103608656,157.22142183199622,158.62245178222656,51305700
2023-03-30,159.3722627953964,160.2997085779275,159.11574132457395,160.19117736816406,49501700
2023-03-31,160.27016471086742,162.7959663866168,159.74724553838644,162.69729614257812,68749800
2023-04-03,162.07570339841976,164.06870961825848,162.02636828199599,163.9503173828125,56976200
2023-04-04,164.37457023031905,164.6113546852389,162.90446816785285,163.4175262451172,46278300
2023-04-05,162.53944524256352,162.84530192290984,159.6387146980463,161.57252502441406,51511700
2023-04-06,160.26030233353526,162.7565212151125,159.83605336887848,162.4605255126953,45390100
2023-04-10,159.26377877195932,159.86563110351562,157.94168186492254,159.86563110351562,47716900
2023-04-11,160.1813521100088,160.19121311129285,158.36591919116847,158.6520538330078,47644200
2023-04-12,159.0664295213536,159.8952052146149,157.64566258721274,157.96139526367188,50133100
2023-04-13,159.47096870837692,163.58526449148977,159.26376724154565,163.3484649658203,68445600
2023-04-14,162.39141498863978,164.0983166124722,161.63171143290737,163.00314331054688,49386500
2023-04-17,162.8847436304976,163.1807392768596,161.83890539432053,163.0228729248047,41516200
2023-04-18,163.88125462301093,165.1737533320214,163.4372536454433,164.24630737304688,49923000
2023-04-19,163.5852815705882,165.91375779040226,163.3287449605883,165.39083862304688,47720200
2023-04-20,163.87138723669895,165.62760901810955,163.34846811386117,164.4239044189453,52456400
2023-04-21,162.84527188495923,164.22656472043278,162.2927547507698,162.815673828125,58337300
2023-04-24,162.79592733482866,163.3879185471219,161.70075413055952,163.12152099609375,41949600
2023-04-25,162.98342757965568,164.08846202710322,161.54292334211996,161.5823974609375,48714100
2023-04-26,160.8818784792827,163.07222541881754,160.62535692108122,161.57252502441406,45498800
2023-04-27,162.98342657757053,166.30840595665688,162.98342657757053,166.16041564941406,64902300
2023-04-28,166.23931504498196,167.58114875947356,165.63746282624027,167.4134063720703,55275900
2023-05-01,167.01878932487827,168.17315888477142,166.38733892318547,167.32464599609375,52472900
2023-05-02,167.81794875664258,168.07448533412125,165.30200842691818,166.2886505126953,48425700
2023-05-03,167.23584575291258,168.63687581044152,164.92710671677185,165.21322631835938,65136000
2023-05-04,162.68739142131733,164.80866560341155,162.11513728059836,163.5753631591797,81235400
2023-05-05,168.69605053726107,171.9717093122383,168.478988085668,171.25146484375,113453200
2023-05-08,170.17603958076435,171.52774960942492,169.81098679048802,171.1824188232422,55962800
2023-05-09,170.7383948943863,171.22183982160823,169.30776705746806,169.47549438476562,45326900
2023-05-10,170.70882753380215,171.70533067690712,169.60377809797177,171.24160766601562,53724500
2023-05-11,171.52771685234399,172.2578222934666,169.8701504721675,171.42904663085938,49514700
2023-05-12,171.5377460938216,171.97247152405595,168.94917294661113,170.50035095214844,45533100
2023-05-15,171.0832561601379,171.13265951386708,169.41352230428424,170.00633239746094,37266700
2023-05-16,169.92729004665156,171.0634918034888,169.73956634795272,170.00633239746094,42110300
2023-05-17,169.65066921503973,170.85602374756016,168.37613188825594,170.61891174316406,57951600
2023-05-18,170.92517510124802,173.13831574371522,170.51021405749552,172.95059204101562,65496700
2023-05-19,174.27452457823847,174.27452457823847,172.84191768629904,173.0592803955078,55809500
2023-05-22,171.89343134950482,172.61468722054929,171.3697889134683,172.1107940673828,43570900
2023-05-23,171.05361929309908,171.300620989034,169.22580071286586,169.50244140625,50747300
2023-05-24,169.03807815911904,170.35212899950594,168.4749221279745,169.77908325195312,45143500
2023-05-25,170.34228313513364,171.81440385308167,169.6309169197775,170.9153289794922,56058300
2023-05-26,171.24135456411133,173.6619683326656,171.03386649216068,173.32603454589844,54835000
2023-05-30,174.83768056740178,176.84333305757605,174.45235853913644,175.17359924316406,55964400
2023-05-31,175.20324889662425,177.19902686801004,174.64007778024913,175.12420654296875,99625300
2023-06-01,175.5687945017499,177.95976900098933,174.8080250915144,177.9301300048828,68901800
2023-06-02,178.8588732872537,179.5998784017098,177.11009699591673,178.7798309326172,61996900
2023-06-05,180.43966236224,182.73182998955744,175.90470030452616,177.42623901367188,121946500
2023-06-06,177.81159450251565,177.95978950011875,175.30204865399,177.0607147216797,64848400
2023-06-07,176.2999526387169,179.03673595726826,175.19338974130497,175.68739318847656,61944600
2023-06-08,175.76639710388454,178.67113939917257,175.3316867918341,178.40438842773438,50214900
2023-06-09,179.3232203666376,180.04446105377914,178.46365934119785,178.78970336914062,48900000
2023-06-12,179.0959731834188,181.68454583299638,178.79956816744163,181.5857391357422,54274900
2023-06-13,180.6076484418825,181.94144859403625,180.2519653861507,181.1115264892578,54929100
2023-06-14,181.17080494588566,182.1785761189824,179.8370047903456,181.7438507080078,57462900
2023-06-15,181.75375744495216,184.28305271752754,181.5759083620863,183.77915954589844,65433200
2023-06-16,184.49051471623886,184.7474061455162,182.0600263098281,182.7022247314453,101256200
2023-06-20,182.1983578536973,183.86809194337903,182.1983578536973,182.79115295410156,49799100
2023-06-21,182.68243679920374,183.18632987573855,180.40014368436258,181.75372314453125,49515700
2023-06-22,181.53638158238215,184.8066817993699,181.46721386744264,184.7572784423828,51245300
2023-06-23,183.3246636484937,185.31055187722217,182.79113153727351,184.44110107421875,53117000
2023-06-26,184.58933834045672,185.79470801287036,183.00852120673045,183.0480499267578,48088700
2023-06-27,183.66059237854205,186.13060949863421,183.4432296659109,185.8045654296875,50730800
2023-06-28,185.67610944091012,187.6224840299043,185.3500804657921,186.98028564453125,51216800
2023-06-29,186.81232983886036,187.79046201011187,186.67400948819943,187.3162078857422,46347300
2023-06-30,189.33175958026345,192.14757008838143,188.96618679019105,191.64369201660156,85213200
2023-07-03,191.45594020037944,191.5547469022835,189.4601624130482,190.1517791748047,31458200
2023-07-05,189.27246641036476,190.66554451499093,188.33384790710164,189.03533935546875,46920300
2023-07-06,187.56320791106293,189.7170705815605,186.9308841600135,189.50958251953125,45094300
2023-07-07,189.11438325252212,190.35926638037827,187.95841711755844,188.39312744140625,46815000
2023-07-10,186.9901598095207,187.71141562141005,184.79678352776446,186.34796142578125,59922200
2023-07-11,186.8913747422291,187.0296950947768,184.3620796809065,185.82432556152344,46638100
2023-07-12,187.40513225686783,189.4009103170613,186.20965240962747,187.4940643310547,60750200
2023-07-13,188.21527762484376,188.89700466458706,187.50391158996257,188.25479125976562,41342300
2023-07-14,187.94851016296312,188.88711351202284,187.35571518892922,188.4029998779297,41616200
2023-07-17,189.59849130268125,191.9894809296959,189.50957431242833,191.66343688964844,50520200
2023-07-18,191.03112283932904,191.99936529239264,190.1122686661601,191.40655517578125,48288200
2023-07-19,190.78413334726974,195.8525983579603,190.3395181934612,192.76014709472656,80507300
2023-07-20,192.7502668636511,194.11372124075075,190.19133255294633,190.81378173828125,59581200
2023-07-21,191.77212935032986,192.63169045749675,188.93653953192955,189.63803100585938,71951700
2023-07-24,191.09041212625252,192.57242242955687,189.9443205401746,190.43832397460938,45377800
2023-07-25,191.01138196195058,192.1080702594407,190.60629550166382,191.2978973388672,37283200
2023-07-26,191.34726521155525,193.29363971255637,191.00147189498233,192.1673126220703,47471900
2023-07-27,193.66907060161117,194.83491122937494,190.24068626964305,190.90264892578125,47460200
2023-07-28,192.3352927070371,194.27179277672036,191.8116502798051,193.48138427734375,48291400
2023-07-31,193.70861105598286,194.13346181996275,192.91820259976402,194.09393310546875,38824100
2023-08-01,193.88645666636083,194.37057034188453,192.93796352063418,193.26400756835938,35175100
2023-08-02,192.70082810591987,192.8391484466102,189.5490992662055,190.2703399658203,50389300
2023-08-03,189.27245477585868,190.06284809201935,188.40300403713854,188.8772430419922,61235200
2023-08-04,183.29505159523626,185.1327451053165,179.73822058353596,179.80738830566406,115956800
2023-08-07,179.94567809387448,180.9336848652445,175.2230069327887,176.70501708984375,97576100
2023-08-08,177.5349343777014,178.10798009875546,175.45023954323045,177.64361572265625,67823000
2023-08-09,178.70075272978707,178.7600307149261,174.88704656940186,176.0529022216797,60378500
2023-08-10,177.32747151707323,178.58224448237493,175.4700288246158,175.83558654785156,54686900
2023-08-11,175.4299516016464,176.71608281179377,174.6681548123879,175.89492797851562,52036700
2023-08-14,176.0730260741773,177.77469387045335,175.42005736478495,177.54714965820312,43675600
2023-08-15,176.9733287591711,177.56692432110017,175.1628328578025,175.55856323242188,43622600
2023-08-16,175.24195572610614,176.6369149003717,174.61866613802027,174.68792724609375,46964900
2023-08-17,175.25187020963352,175.6179215615527,171.6308784010705,172.1453399658203,66062900
2023-08-18,170.46346761685473,173.23362560342792,170.12709527960956,172.630126953125,61172200
2023-08-21,173.20396220304474,174.25266140560993,171.88813666332587,173.9657440185547,46311900
2023-08-22,175.17274094069768,175.78612762060905,174.371377027614,175.34092712402344,42038900
2023-08-23,176.61717535249278,179.61487764306722,176.4291981302873,179.189453125,52722800
2023-08-24,178.74423570753817,179.16966018527063,174.13390304899033,174.49996948242188,54945800
2023-08-25,175.4893068451812,177.2404295003986,173.9459373407173,176.70619201660156,51449600
2023-08-28,178.17042326142217,178.66509377862053,176.6468447107556,178.2693634033203,43820700
2023-08-29,177.78457014737916,182.9291401969668,177.58670497165372,182.15745544433594,53003900
2023-08-30,182.9687355268348,185.84772159478027,182.77087033679462,185.64984130859375,60813900
2023-08-31,185.83782890921285,187.10418431162185,185.4816655087761,185.8675079345703,60794500
2023-09-01,187.4702460412081,187.8956554579994,186.27313669620688,187.44056701660156,45766500
2023-09-05,186.27311615331163,187.95499277883354,185.61025951662367,187.677978515625,45280000
2023-09-06,186.39182984634905,186.83704535292617,179.5357042757167,180.96035766601562,81755800
2023-09-07,173.31273740579792,176.31045432139675,171.69021887943939,175.66737365722656,112488800
2023-09-08,176.4489782367689,178.3188321743013,175.89493458078306,176.28077697753906,65551300
2023-09-11,178.15065045906456,178.3781946740771,175.44973851819339,177.44821166992188,58953100
2023-09-12,177.57682236385347,178.2100000030001,172.95660168355545,174.4208221435547,90370200
2023-09-13,174.62857587906927,175.4101637291933,172.12554433664133,172.3531036376953,84267900
2023-09-14,172.14534712441645,174.2229694212733,171.72982568427443,173.86680603027344,60895800
2023-09-15,174.59887884816905,174.61866989320765,171.96724351151664,173.14454650878906,109259500
2023-09-18,174.59890495957814,177.46800307348116,174.2922116482627,176.07302856445312,67257600
2023-09-19,175.62781908525017,177.71532920549458,175.24197669791334,177.1613006591797,51826900
2023-09-20,177.34928142287384,177.78459392537832,173.53042414564908,173.61947631835938,58436200
2023-09-21,172.68949734734272,174.4208443257111,172.00684955191673,172.0760955810547,63149100
2023-09-22,172.80820955696336,175.19252525078977,172.19482290064929,172.9269256591797,56725400
2023-09-25,172.3432048049037,175.08368369125543,172.29373473406022,174.2031707763672,46172700
2023-09-26,172.95657538348075,173.33251464271248,169.8302546610243,170.12705993652344,64588900
2023-09-27,170.7800319235512,171.19555331579562,167.24809254140138,168.61337280273438,66921800
2023-09-28,167.53498917707262,170.19631868961176,165.83332157268651,168.87060546875,56294400
2023-09-29,170.18646521737097,171.22527642192762,168.5243642708508,169.38510131835938,51861100
2023-10-02,169.39496352748424,172.4421355524603,169.10804618991,171.8979949951172,52164500
2023-10-03,170.42390128992824,171.7793089326026,168.9992627128071,170.56240844726562,49594600
2023-10-04,169.26634637027362,172.3531005247124,169.14763028223018,171.8089599609375,53020300
2023-10-05,171.93758200671277,173.5798918450903,170.83941278902026,173.045654296875,48527900
2023-10-06,171.9474438386589,176.09278444180603,171.33404224239501,175.59811401367188,57266700
2023-10-09,174.9253820623563,177.1415113656987,173.92615307401468,177.0821533203125,42390800
2023-10-10,176.20163840129018,177.80436599291428,176.05322819338144,176.48854064941406,43698000
2023-10-11,176.30053252352303,177.93295394734542,175.7069370844319,177.88348388671875,47551100
2023-10-12,178.1506662685904,180.39645978644091,177.13163100626258,178.78384399414062,56743100
2023-10-13,179.4862324115919,179.99079085887703,176.24119532002288,176.94363403320312,51427100
2023-10-16,174.86601479996662,177.17118104988546,174.6285675347915,176.8150177001953,52517000
2023-10-17,174.76709399132676,176.51823191229096,172.93682206936518,175.2617645263672,57549400
2023-10-18,173.70852075442576,175.68720305244247,173.2435292067,173.9657440185547,54764400
2023-10-19,174.16357191493293,175.94438862084118,173.3226411761323,173.5897674560547,59302900
2023-10-20,173.44135313663412,173.55018124096887,170.79981470903,171.03726196289062,64244000
2023-10-23,169.08827156264798,172.15521956196545,168.11870652701532,171.15599060058594,55980100
2023-10-24,171.2054814250168,171.81886808001443,169.62252961684246,171.59132385253906,43816600
2023-10-25,170.0479758470958,171.21539125511725,168.83107526207783,169.2762908935547,57157000
2023-10-26,168.55401686361284,169.55326090861308,163.90411730631092,165.11111450195312,70625300
2023-10-27,165.13090664912622,167.1590586780216,165.05175755916278,166.42694091796875,58499100
2023-10-30,167.218431744534,169.3455090048735,167.07002152646473,168.47488403320312,51131000
2023-10-31,167.54489051547947,169.07835686158955,166.11033410734646,168.9497528076172,44846000
2023-11-01,169.1773025316942,172.37286957481675,168.30667766450742,172.1156463623047,56934900
2023-11-02,173.64915484595178,175.88506030695757,173.58979679508,175.67730712890625,77334800
2023-11-03,172.38277434389337,174.9352758328065,171.50226149314057,174.76707458496094,79829200
2023-11-06,174.49995231934884,177.517429979593,174.33176617832314,177.31956481933594,63841300
2023-11-07,177.27009874628624,180.4953598060514,177.06234560698942,179.88197326660156,70530000
2023-11-08,180.40634475587757,181.4946108426327,179.65443590363796,180.94058227539062,49340300
2023-11-09,181.00982351508927,182.15744752284814,179.87207238589124,180.46568298339844,53763500
2023-11-10,182.2488540012565,184.8245355233408,181.81296804065445,184.65611267089844,66133400
2023-11-13,184.08156757584422,184.28959445510736,182.4866293320066,183.07110595703125,43627500
2023-11-14,185.94393292700153,186.3501007196846,184.55703694714765,185.68637084960938,60108400
2023-11-15,186.09256123667055,187.72711849110286,186.02320887124122,186.2510528564453,53790500
2023-11-16,187.79647578680803,189.173470968727,186.88506958999568,187.93516540527344,54412900
2023-11-17,188.47008739636428,188.59887599886426,186.805812145748,187.9153289794922,50922700
2023-11-20,188.11345647352806,190.11456230851306,188.10355547172335,189.6588592529297,46505100
2023-11-21,189.6192457228965,189.72821721009598,187.96487141071046,188.8564453125,38134500
2023-11-22,189.69851123933077,191.12502655036587,189.0446822742513,189.5201873779297,39617700
2023-11-24,189.08429242242372,189.11401054524026,187.47945332619432,188.19271850585938,24048300
2023-11-27,188.14319291304204,188.886176253634,187.13273133734725,188.014404296875,40552600
2023-11-28,188.00447297715706,189.2923135830507,187.62802330816433,188.61866760253906,38415400
2023-11-29,189.11401237919708,190.29288164913223,187.2020759179661,187.59832763671875,43014200
2023-11-30,188.06394110215783,188.53946132762457,186.42938378571617,188.17291259765625,48794400
2023-12-01,188.54936135651158,189.76784980640184,187.4596464071562,189.4508514404297,45704800
2023-12-04,188.20263336404662,188.2719857330804,185.69630404843608,187.65777587890625,43389500
2023-12-05,188.43048297188668,192.58127042048946,188.40074973234698,191.61044311523438,66628400
2023-12-06,192.6308143978356,192.93791176533594,190.3127099631217,190.520751953125,41089700
2023-12-07,191.81848755335412,193.17566559760107,191.7788533108163,192.45249938964844,47477700
2023-12-08,192.38317583675507,194.15643811306077,191.8581354147518,193.87905883789062,53406400
2023-12-11,191.30334341541183,191.6797931299085,189.62915193698308,191.3726806640625,60943700
2023-12-12,191.27359645175778,192.8982524413057,189.9263196470572,192.8883514404297,52696900
2023-12-13,193.26478142217786,196.1475597924293,193.0270364785078,196.10794067382812,70404200
2023-12-14,196.16742216364264,197.75244424587422,194.32482284497263,196.25657653808594,66831600
2023-12-15,195.6819844119138,196.54384019084355,195.15694409646994,195.72161865234375,128538400
2023-12-18,194.2554683979516,194.7904248709577,192.57137584033416,194.05734252929688,55751900
2023-12-19,194.32481746504553,195.1074199235508,194.0573392330858,195.09751892089844,40714100
2023-12-20,195.05788936850126,195.8305908429342,193.00726318359375,193.00726318359375,52242800
2023-12-21,194.26538628403978,195.23621363050395,191.6897046199928,192.85865783691406,46482500
2023-12-22,193.35397752019378,193.58183662844655,191.16466173906855,191.7887725830078,37149600
2023-12-26,191.7986702097743,192.0760494430794,191.02596875756228,191.24391174316406,28919300
2023-12-27,190.68914273833013,191.68968812345565,189.30223153241622,191.34295654296875,48087700
2023-12-28,192.32369457775746,192.83883387512188,191.3627683436117,191.76893615722656,34049900
2023-12-29,192.08595308574118,192.58127531145587,189.9362564400636,190.72877502441406,42672100
2024-01-02,185.39909638597572,186.67703614744315,182.16960103197144,183.90322875976562,82488700
2024-01-03,182.49651173581816,184.1409850600839,181.7138941984477,182.52622985839844,58414500
2024-01-04,180.44587486910356,181.37708304150152,179.18776734055538,180.2081298828125,71983600
2024-01-05,180.28738953880892,181.05017488447822,178.48440937769652,179.48495483398438,62379700
2024-01-08,180.38643729162627,183.86360885082058,179.80196071659407,183.823974609375,59144500
2024-01-09,182.19929545100783,183.4177836915281,181.02042633091338,183.4078826904297,42841800
2024-01-10,182.6253074687535,184.6561164657865,182.1993225017619,184.44808959960938,46792900
2024-01-11,184.7947925921475,185.3000308909078,181.90211286972462,183.8536834716797,49128400
2024-01-12,184.31930790747037,184.99295400827782,183.45745205458948,184.1806182861328,40477800
2024-01-16,180.4557997638508,182.53614407524432,179.2372961857114,181.91204833984375,65603000
2024-01-17,179.57411959355028,181.2185778549055,178.613193289656,180.97091674804688,47317400
2024-01-18,184.34898945226777,187.37045751332874,184.09142738261565,186.865234375,78005800
2024-01-19,187.5587198414397,190.15420352293785,187.0534966021051,189.76785278320312,68903000
2024-01-22,190.50092877344645,193.50258021639056,190.46129453087994,192.0760498046875,60133900
2024-01-23,193.1954970136862,193.91866327514697,192.0166276255296,193.35398864746094,42355600
2024-01-24,193.59171936806808,194.542744606446,192.5218216434054,192.68032836914062,53631300
2024-01-25,193.3936190715828,194.43379881211092,191.30335858737243,192.3534393310547,54822100
2024-01-26,192.45251037482265,192.9379165033589,190.14430688636483,190.61981201171875,44594000
2024-01-29,190.2136280052267,190.4018528619721,187.8063693410428,189.93624877929688,47145600
2024-01-30,189.15363947733223,190.00559424490717,185.71610228505008,186.28076171875,55859400
2024-01-31,185.29010506082795,185.3495564168855,182.6252845648342,182.6748046875,55467800
2024-02-01,182.26865674153308,185.20095550981347,182.10024901841177,185.11180114746094,64885400
2024-02-02,178.1773164815156,185.5774319441079,177.57302274507782,184.1112823486328,102551700
2024-02-05,186.38975267397447,187.47946764726828,184.1013663460926,185.9241485595703,69668800
2024-02-06,185.1118168962398,187.53889270164484,185.02266252630227,187.52899169921875,43490800
2024-02-07,188.85644306077413,189.26261088240534,186.84543618864265,187.63795471191406,53439000
2024-02-08,187.6181328392653,187.76672344534998,185.59722501634783,186.5581512451172,40962000
2024-02-09,187.12350563425738,188.4526743364777,186.47877125585202,187.3218994140625,45155200
2024-02-12,186.89539390047275,187.14337102036012,185.27857823550397,185.6356658935547,41781900
2024-02-13,184.26684396147397,184.70328611762721,182.02512109310902,183.54273986816406,56529500
2024-02-14,183.82047352517276,184.0287658151745,180.96377246543662,182.65992736816406,54630500
2024-02-15,182.06480997798818,182.99720639873473,179.8826142837668,182.37229919433594,65434500
2024-02-16,181.93587327545112,183.35431044132238,180.20003322850718,180.83485412597656,49752500
2024-02-20,180.31903131312703,180.95385211869663,178.543521838827,180.0908966064453,53665600
2024-02-21,180.46782702325083,181.41013702999714,179.19818540957374,180.84475708007812,41371400
2024-02-22,181.99539101250986,183.46342668087547,180.9836551083553,182.87818908691406,52292200
2024-02-23,183.51299444569602,183.54275049121756,180.75548990166286,181.04315185546875,45119700
2024-02-26,180.7654158601022,181.28119739799624,179.18826979539264,179.69415283203125,40867400
2024-02-27,179.6346334198553,182.43180748858953,178.1070858709482,181.15225219726562,54318900
2024-02-28,181.03321827875988,181.6382830805114,178.67248629654023,179.95204162597656,48953900
2024-02-29,179.80325698202418,181.09274105155225,178.07733075339527,179.28746032714844,136682600
2024-03-01,178.09715778019478,179.06922378267282,175.94471834990426,178.20626831054688,73563100
2024-03-04,174.7246735635979,175.46860492728393,172.38376893378626,173.6831817626953,81510100
2024-03-05,169.37829007310003,170.6479317427376,168.24751498810025,168.74346923828125,95132400
2024-03-06,169.67589212668713,169.85444355498137,167.3151446841487,167.7515869140625,68587700
2024-03-07,167.78130279152694,169.34851990765398,167.12665473872153,167.6325225830078,71765100
2024-03-08,167.6325286145872,172.29449531822434,167.57301652903823,169.34852600097656,76267000
2024-03-11,171.54065314121274,172.9690037589795,170.65785520874886,171.35218811035156,60139500
2024-03-12,171.7489536078961,172.62183794587216,169.62626998762764,171.82830810546875,59825400
2024-03-13,171.37204497358655,171.78864474969012,169.37829909505535,169.7453155517578,52488700
2024-03-14,171.5109210667292,172.8995870640017,170.65787905831203,171.60018920898438,72913500
2024-03-15,169.78497182252738,171.22323608398438,168.91208752136302,171.22323608398438,121752700
2024-03-18,174.14939851903085,176.27208229753154,172.11598288120766,172.31436157226562,75604200
2024-03-19,172.92931675607417,175.18095319129145,171.62991909909198,174.65524291992188,55215200
2024-03-20,174.29816190798687,177.2242889404297,173.67325471299228,177.2242889404297,53423100
2024-03-21,175.61740074055217,176.05384289670778,169.45764237357878,169.9833526611328,106181300
2024-03-22,170.3702201223851,171.64979072547655,168.6839784855534,170.88601684570312,71160100
2024-03-25,169.18985713490977,170.54876707334867,168.0789092110998,169.46759033203125,54288300
2024-03-26,168.62443878704727,170.0329469889122,168.20783904863555,168.3367919921875,57388400
2024-03-27,169.03112531152695,172.19531573949365,168.7335497446837,171.90765380859375,60273300
2024-03-28,170.36027251639132,170.83638432396197,169.13030061690222,170.0924530029297,65672700
2024-04-01,169.80482284392966,169.86433493378763,168.1086526063626,168.65420532226562,46240500
2024-04-02,167.71190995116913,167.9698007416,166.8687815767491,167.47384643554688,49329500
2024-04-03,167.42424073989756,169.29894733031932,167.2159484161416,168.27728271484375,47691700
2024-04-04,168.9120862737285,170.5289019190824,167.45399475097656,167.45399475097656,53704400
2024-04-05,168.217753601793,169.01128340394683,167.58293278713433,168.2078399658203,42104800
2024-04-08,167.66228381393842,167.83090643391947,166.87868279928273,167.08697509765625,37425500
2024-04-09,167.3349666518587,168.70380527202582,166.98780774616682,168.297119140625,42373800
2024-04-10,167.4341446269544,167.7217914097351,165.7578169724605,166.42239379882812,49709300
2024-04-11,166.97787330186227,174.040272115757,166.7993370367697,173.6236572265625,91070300
2024-04-12,172.8499808741194,176.9168120397123,172.80039755418966,175.1214599609375,101670900
2024-04-15,173.94107267383276,175.20080068867838,171.10421379905583,171.2926788330078,73531800
2024-04-16,170.36027866522625,172.354009228837,166.9084414489389,168.00946044921875,73711200
2024-04-17,168.23761366668208,169.2691919230274,166.64064025878906,166.64064025878906,50901200
2024-04-18,166.67037984876308,167.27544462394533,165.20235954360626,165.68838500976562,43122900
2024-04-19,164.8651023016311,165.05355218450794,162.7523325602016,163.66488647460938,68149400
2024-04-22,164.18070504913473,165.9066162144586,163.43677364744048,164.49810791015625,48116400
2024-04-23,164.01206877643943,165.69831011966792,163.58554027123327,165.5495147705078,49537800
2024-04-24,165.19244539313124,167.93012271313196,164.86512888648411,167.6523895263672,48251800
2024-04-25,168.15826264272923,169.22952573993217,166.7894239404159,168.51535034179688,50558300
2024-04-26,168.50542350147623,169.95360145871248,167.81107543218243,167.93011474609375,44838400
2024-04-29,171.96716217122307,174.60564226594082,171.69935778865286,172.0961151123047,68169400
2024-04-30,171.92750782528833,173.57407962239418,168.6244505944639,168.9517822265625,65934800
2024-05-01,168.20784791968214,171.31252641733016,167.74164970644674,167.93011474609375,50383100
2024-05-02,171.11413192483198,172.0167723030629,169.50724497899176,171.6299285888672,94214900
2024-05-03,185.13970898312533,185.48688300008854,181.1820038934194,181.89617919921875,163224100
2024-05-06,180.8745364649345,182.70955826534143,178.9601450261929,180.23971557617188,78569700
2024-05-07,181.96562507289974,183.40388947971314,179.8528700999816,180.9241180419922,77305800
2024-05-08,181.3704630721318,181.58868413827042,179.98178218440233,181.2613525390625,45057100
2024-05-09,181.08280763590477,183.16582147443802,180.6364518520254,183.07655334472656,48983000
2024-05-10,183.6526350835399,183.84135574437508,180.9013327671207,181.81512451171875,50759500
2024-05-13,184.18898588060125,185.83779081511702,183.3745104951717,185.0233154296875,72044800
2024-05-14,186.245019986336,187.02969899838186,185.0332491027049,186.16555786132812,52393600
2024-05-15,186.64235255391958,189.3638586651008,186.1059869360216,188.4401397705078,70400000
2024-05-16,189.1850657006259,189.81082048816586,188.3805324914181,188.55931091308594,52845200
2024-05-17,188.23153932133224,189.52277241007562,187.90376371878457,188.589111328125,41282900
2024-05-20,188.052749878466,190.62527366658756,187.73490137733788,189.75120544433594,44361300
2024-05-21,189.80088903544183,191.42982486744873,189.63203768676544,191.05239868164062,42309400
2024-05-22,190.97293553544338,191.51922822288097,188.9864276944718,189.61216735839844,34648500
2024-05-23,189.6916095055364,189.71147882549133,185.3709645001415,185.61927795410156,51005900
2024-05-24,187.54620129756856,189.2943226367172,186.771449342652,188.6983642578125,36327000
2024-05-28,190.21803261577213,191.69798625592665,187.82430244055638,188.7082977294922,52280100
2024-05-29,188.33088121296123,190.95307102285372,188.23154975607,189.00628662109375,53068000
2024-05-30,189.47310363654154,190.88352231957748,189.34399093884022,189.99952697753906,49889100
2024-05-31,190.1485307236603,191.2709124904654,188.62885345568,190.95306396484375,75158300
2024-06-03,191.5986723140291,193.67458449503022,191.22124613590765,192.72105407714844,50080500
2024-06-04,193.3269163239317,194.0023367795345,191.7277771220464,193.03887939453125,47471400
2024-06-05,194.08179923154876,195.5716800296083,193.55537589536917,194.5486297607422,54156800
2024-06-06,194.36985841579607,195.17439165110096,192.86010824182844,193.1680145263672,41181800
2024-06-07,193.33685821193552,195.6114180436154,192.83030419832767,195.56175231933594,53103900
2024-06-10,195.57168290202756,195.96899354752293,190.8537269722117,191.8171844482422,97010200
2024-06-11,192.34361998807736,205.76249045694837,192.32376582143226,205.75254821777344,172373300
2024-06-12,205.97106967477507,218.71451985221412,205.50423909920426,211.63262939453125,198134300
2024-06-13,213.29135046662026,215.2877853731434,210.17253378994005,212.7947235107422,97862700
2024-06-14,212.40734441299963,213.71843162956222,209.874544034183,211.0565185546875,70122700
2024-06-17,211.93058723086708,217.4729460060793,211.28497823555003,215.2083282470703,93728300
2024-06-18,216.1221165738588,217.15510913678148,211.56308472355843,212.84437561035156,79943300
2024-06-20,212.48680152632818,212.79472296910444,207.4410850045998,208.26547241210938,86172500
2024-06-21,208.9706859649803,210.4605668046439,205.71281440805072,206.0902557373047,241805100
2024-06-24,206.3187055335118,211.2651058128792,205.19632375372012,206.73587036132812,80727000
2024-06-25,207.73905391104032,209.95402109263304,207.20270345608853,207.65960693359375,55549700
2024-06-26,210.07320698316605,213.41054080672134,209.2190079939271,211.8114013671875,66213200
2024-06-27,213.24168634094727,214.28460598729217,210.91747580739147,212.65567016601562,49772700
2024-06-28,214.31437813701,214.61235731022026,208.88127860134253,209.19911193847656,82542700
2024-07-01,210.65919906394006,216.04263295008636,210.49034773322808,215.2877655029297,60402900
2024-07-02,214.69182595520752,218.89330089441245,213.6489214774443,218.78404235839844,58046200
2024-07-03,218.5158580863075,220.05540466308594,217.55240059045883,220.05540466308594,37369800
2024-07-05,220.15473164881905,224.9223536333555,220.15473164881905,224.81309509277344,60412400
2024-07-08,225.55802531049062,226.31290797690275,221.7439339584199,226.28311157226562,59085900
2024-07-09,226.39235814584333,227.85244261706796,224.84288445944628,227.13729858398438,48076100
2024-07-10,227.75312751683794,231.50762613234983,227.70346178953022,231.40829467773438,62627700
2024-07-11,229.82902744909742,230.82228138425162,224.24694518340354,226.03480529785156,64710600
2024-07-12,227.37567478656334,231.07058040656065,227.13728840093884,228.9847412109375,53046500
2024-07-15,234.88469567182594,235.62963615278247,231.51756530413658,232.8187255859375,62631300
2024-07-16,233.4146487749432,234.67608537579065,230.7626628820321,233.23587036132812,43234300
2024-07-17,227.90211488577285,229.89856501704188,225.11107372236052,227.33596801757812,57345900
2024-07-18,228.7265030667722,228.88542732552744,220.7705449165008,222.6676483154297,66034600
2024-07-19,223.30333735062962,225.2699757257536,221.7737179376491,222.79676818847656,49151500
2024-07-22,225.47857008869346,226.24337986146955,221.58501648633228,222.44915771484375,48201800
2024-07-23,222.8563682936816,225.40903804109774,221.17776681088287,223.49205017089844,39960300
2024-07-24,222.48886176091068,223.28346786979841,215.66521268088363,217.06568908691406,61777600
2024-07-25,217.45303879938137,219.3600993592141,213.17211751089403,216.02276611328125,51391200
2024-07-26,217.22462220056258,218.0093012590926,214.55276681781487,216.4896240234375,41601300
2024-07-29,215.4963973064305,217.82060805920165,214.29455328225117,216.76776123046875,36311800
2024-07-30,217.71131248471113,218.84362126060284,214.66201590891492,217.32394409179688,41643800
2024-07-31,219.94615098169663,222.31010016667176,219.14161772956027,220.5818328857422,50036300
2024-08-01,222.8563831356547,222.96564167600837,215.55597572208578,216.88693237304688,62501000
2024-08-02,217.6715836076827,224.0780833133434,216.24131073912352,218.37680053710938,105568600
2024-08-05,197.74691336614487,212.0597055615941,194.6777624827749,207.85824584960938,119548600
2024-08-06,203.91504310362458,208.57340664857958,199.7135830535153,205.83201599121094,69660500
2024-08-07,205.5042262843129,212.19876304064402,204.99767225034321,208.404541015625,63516400
2024-08-08,211.67232394520707,212.75496698059854,207.42119877275275,211.8709716796875,47161100
2024-08-09,210.66916408754707,215.31758519349225,210.5400362270979,214.78123474121094,42201600
2024-08-12,214.86078610016068,218.28152162650582,214.39341520959198,216.31260681152344,38028100
2024-08-13,217.7843306202791,220.64821789171992,217.7843306202791,220.0316925048828,44155300
2024-08-14,219.33558330044798,221.78180736898403,218.47044195323042,220.47914123535156,41960600
2024-08-15,223.3430482530648,224.08885093177264,221.51333414952188,223.46237182617188,46414000
2024-08-16,222.6668580486994,225.56057624113714,222.39836482120643,224.78494262695312,44340200
2024-08-19,224.4567771868955,224.72527040192085,221.791767703572,224.62582397460938,40687800
2024-08-20,224.50650638916653,225.89866536829538,224.18828995199718,225.2423553466797,30299000
2024-08-21,225.25230383574092,226.70412456960102,223.7905293550798,225.13296508789062,34765500
2024-08-22,226.51517227009805,227.06209724349452,222.64694316501192,223.27342224121094,43695300
2024-08-23,224.39710671028325,226.9427773475752,223.07454817990703,225.57049560546875,38677300
2024-08-26,225.49095216733542,226.00804628168004,222.6370187250734,225.90859985351562,30602200
2024-08-27,224.73520717839608,227.5692634267734,223.63141860700006,226.75384521484375,35934600
2024-08-28,226.64446298605537,228.57360836626125,224.41699349604747,225.22247314453125,38052200
2024-08-29,228.8122756660522,231.61648594304322,227.5991020536236,228.50399780273438,51906300
2024-08-30,228.90175696593346,229.11057321557684,226.2069166530855,227.71841430664062,52990800
2024-09-03,227.2709519194148,227.7184305167556,219.93224829880322,221.52330017089844,50190600
2024-09-04,220.4195086889333,220.5388322671096,216.26289369284987,219.61404418945312,43840200
2024-09-05,220.38966486266608,224.2181094473344,220.28027986462445,221.13546752929688,36615400
2024-09-06,222.69667077468378,223.97945984429646,218.54007124155592,219.58419799804688,48423000
2024-09-09,219.58419811845144,220.03167667908036,215.49719894103853,219.67369079589844,67180000
2024-09-10,217.69483113354613,220.2405018848782,215.517084853391,218.878173828125,51591000
2024-09-11,220.22064379959926,221.84151146647733,216.67061540858364,221.41392517089844,44587100
2024-09-12,221.2548069431359,222.29893378586118,218.58981250678085,221.52330017089844,37455600
2024-09-13,222.32874892129448,222.78616606005667,220.66809680320824,221.25479125976562,36766600
2024-09-16,215.328129813119,216.0043320914465,212.7227974671536,215.109375,59357400
2024-09-17,214.54256344637628,215.6861214463737,213.2995590231644,215.5767364501953,45519300
2024-09-18,216.33249894497217,221.46362499015893,216.322545198334,219.45492553710938,59894900
2024-09-19,223.7308812843982,228.53385270483295,223.37289536568892,227.5891571044922,66781300
2024-09-20,228.6829959505254,231.7855303113645,226.34614143297367,226.9228973388672,318679900
2024-09-23,226.06771724362264,228.16590950652684,224.54628090601008,225.2025909423828,54146000
2024-09-24,227.37035418692216,228.06644877557946,224.46669778796843,226.09751892089844,43556100
2024-09-25,223.6711754067507,226.01796830972677,222.76627973963284,225.10311889648438,42308700
2024-09-26,226.02794934670587,227.2212306744308,224.14852708285537,226.24671936035156,36636700
2024-09-27,227.18143093581907,228.2354962210898,226.02791923090672,226.51516723632812,34026000
2024-09-30,228.75258844686658,231.69602966308594,228.3647716650959,231.69602966308594,54541900
2024-10-01,228.23551952322458,228.364781673884,222.48786790384585,224.9440460205078,63285000
2024-10-02,224.62583039487592,226.09754348610434,221.77189689552054,225.51084899902344,32880600
2024-10-03,223.88001079844628,225.5406628776434,222.0702042586661,224.40704345703125,34044200
2024-10-04,226.6245506840192,226.72399710298305,222.87566042869454,225.5307159423828,37245100
2024-10-07,223.24359711098245,224.4269397639463,220.09133967636964,220.44932556152344,39505400
2024-10-08,223.0447106099303,224.7153012256155,222.0005838884303,224.50648498535156,31855700
2024-10-09,223.9694944669103,228.46420250356093,223.57173913909054,228.25537109375,33591100
2024-10-10,226.50523572074002,228.21561101279016,225.89864895817115,227.7581787109375,28183500
2024-10-11,228.0167412789572,228.12612627842185,226.0677036085129,226.2765350341797,31759200
2024-10-14,227.4200987868959,230.43314046117197,227.32066753158787,230.00555419921875,39882100
2024-10-15,232.30261271123658,236.16090332060597,231.0695468532438,232.54127502441406,64751400
2024-10-16,230.30384852186543,230.82092739872954,228.55368871280942,230.4828338623047,34082200
2024-10-17,232.12361966628396,232.5412825211578,229.22991678936268,230.8507843017578,32993800
2024-10-18,234.8582185948981,234.8582185948981,232.7003647541102,233.68482971191406,46431500
2024-10-21,233.13791711516282,235.52449481958178,233.13791711516282,235.15655517578125,36254500
2024-10-22,232.5810475805218,234.89800969153723,231.29827366695753,234.54002380371094,38846600
2024-10-23,232.76997861721128,233.8240439244486,226.48534106504323,229.4685516357422,52287000
2024-10-24,228.69292294524882,229.52823345451665,227.131717270346,229.27963256835938,31109500
2024-10-25,228.4542922398222,231.91481257552053,228.2852454458818,230.1149444580078,38802300
2024-10-28,232.0142568404043,233.4163543943246,231.24856181455635,232.0937957763672,36087100
2024-10-29,231.79550248347434,233.01861475396836,231.01986883161024,232.3623046875,35417200
2024-10-30,231.30821865562254,232.1634063461827,228.2653461113998,228.81227111816406,47070900
2024-10-31,228.05651850818114,228.54378173572667,224.10873499320775,224.64572143554688,64370100
2024-11-01,219.73336072670745,224.08885327131992,219.03728125399175,221.66250610351562,65276700
2024-11-04,219.75323643771605,221.54315061130296,218.4804011628397,220.76751708984375,44944500
2024-11-05,220.558703156551,222.69666464924057,219.90239319356397,222.199462890625,28111300
2024-11-06,221.36417152277414,224.80481443000403,219.95212032394844,221.4735565185547,54561100
2024-11-07,223.37288331058951,226.6046949785728,223.31322152292373,226.20692443847656,42137700
2024-11-08,226.1471868576639,227.63048374280507,225.39061415381417,225.93814086914062,38328800
2024-11-11,223.98696589218596,224.68381119249955,220.50272420052974,223.22042846679688,42005600
2024-11-12,223.53899499841924,224.5743058460154,222.354350392842,223.22042846679688,40398300
2024-11-13,223.00141185159572,225.62952490733255,221.75703985190805,224.10641479492188,48566200
2024-11-14,224.00685484105065,227.83951115568564,223.98694063754752,227.19244384765625,44923900
2024-11-15,225.38064426033654,225.89830725108274,223.26024476090137,223.98695373535156,47923700
2024-11-18,224.23582987715278,228.70561947942855,224.1561882479486,226.9933624267578,44633700
2024-11-19,225.9580321395358,229.12372228231885,225.63948081886542,227.25218200683594,36211800
2024-11-20,227.03319339435467,228.89476915350485,224.87296529986398,227.96896362304688,35169600
2024-11-21,227.8494991340082,229.1237348668511,224.69377351516385,227.49111938476562,42108300
2024-11-22,227.03318893672346,229.6812162999479,227.03318893672346,228.8350372314453,38168300
2024-11-25,230.41787789282506,232.19981188776785,228.70562083004268,231.82151794433594,90152800
2024-11-26,232.27945661483375,234.50937670519198,232.27945661483375,234.0016632080078,45986200
2024-11-27,233.41431778082386,234.6288260383393,232.75728573526553,233.8722381591797,33498400
2024-11-29,233.75278591990275,236.73927868022366,232.91657159263394,236.26144409179688,28481400
2024-12-02,236.20171450499868,239.70585504150458,236.0922091638524,238.51126098632812,48137100
2024-12-03,238.73027039850206,241.66698519896212,237.82436396202866,241.55747985839844,38861000
2024-12-04,241.7765092325954,243.01093178619982,240.16380790150487,241.91587829589844,44383900
2024-12-05,242.891459337747,243.43897085315564,241.0398332364883,241.9457244873047,40033900
2024-12-06,241.81631992920728,243.52857697582414,240.99005511798387,241.7466278076172,36870600
2024-12-09,240.74119161135067,246.12683738886614,240.6615499788263,245.6390380859375,44649200
2024-12-10,245.7783914922151,247.09245556004478,244.23536723926503,246.65443420410156,36914800
2024-12-11,246.8435859006099,249.67079537394437,245.15122786747497,245.3802032470703,45205800
2024-12-12,245.77840766369866,247.62008434324935,244.57384885559844,246.84359741210938,32777500
2024-12-13,246.70421556592945,248.16758302178013,245.13132757947596,247.0128173828125,33155300
2024-12-16,246.8734732550572,250.24820975700106,246.53499250196242,249.90972900390625,51694800
2024-12-17,248.95404406138837,252.68716009783537,248.655391740455,252.33872985839844,51356400
2024-12-18,251.02467749046986,253.13512753347695,246.62457993830327,246.9331817626953,56774100
2024-12-19,246.3856613682502,250.86540066585474,245.97750369773615,248.66534423828125,60882300
2024-12-20,246.92322076153135,253.8518908180873,244.58381048961357,253.3441925048828,147495300
2024-12-23,253.62293295259332,254.49896052911285,252.30886880268173,254.1206817626953,40858800
2024-12-24,254.3397007808045,257.04744042152294,254.14058909817473,257.0375061035156,23234700
2024-12-26,257.0275101814573,258.9289141129315,256.47003399402934,257.853759765625,27237100
2024-12-27,256.66912911312295,257.53523753189216,251.92061656694878,254.43922424316406,42355300
2024-12-30,251.09434735441482,252.35863351915538,249.6210152068174,251.06448364257812,35557500
2024-12-31,251.30342042234355,252.1396347735265,248.30696287880588,249.29251098632812,39480700
2025-01-02,247.80920478270548,247.97845273823052,240.73123158611202,242.75209045410156,55740700
2025-01-03,242.2642822265625,243.08058231147606,240.80089962583668,242.2642822265625,40244100
2025-01-06,243.21003106356198,246.21643825220417,242.10502805254345,243.8969268798828,45045600
2025-01-07,241.88599852058522,244.44443460073458,240.263347789176,241.11947631835938,40856000
2025-01-08,240.83078235887348,242.61273160476242,238.9692066706783,241.60726928710938,37628900
2025-01-10,238.9293760168756,239.0787097724967,231.95094323601768,235.7836151123047,61710900
2025-01-13,232.47854174290725,233.61340834282421,228.6856985060818,233.34461975097656,49630700
2025-01-14,233.69305795736565,235.05688478727922,231.4233246799516,232.22967529296875,39435300
2025-01-15,233.58354315722423,237.88409983929475,233.37448198930954,236.7989959716797,39832000
2025-01-16,236.28136958651152,236.9383864807084,227.0033243432251,227.23228454589844,71759100
2025-01-17,231.07489856287185,231.24413133243607,227.4512878984511,228.9445343017578,68488300
2025-01-21,222.99146586562136,223.40957304130882,218.39227174297113,221.63758850097656,98070400
2025-01-22,218.80040121474653,223.11090745632038,218.80040121474653,222.8222198486328,64126500
2025-01-23,223.72813912330528,226.00782197454978,221.29912251598503,222.6529998779297,60234800
2025-01-24,223.76795755359672,224.61413662079448,220.4131353788753,221.77696228027344,54697900
2025-01-27,223.01138591977585,231.10477141655377,222.9715575076631,228.82508850097656,94863400
2025-01-28,229.81063008981926,239.1085741517517,229.77080167884077,237.187255859375,75707600
2025-01-29,233.06589003597526,238.78005164957875,232.9563846938824,238.2823028564453,45486100
2025-01-30,237.59540286874542,239.70585285329432,236.14198492507634,236.520263671875,55658300
2025-01-31,246.07705979363328,246.07705979363328,232.38896748106293,234.93743896484375,100959800
2025-02-03,228.95449458875606,230.78620649590428,224.6838014511222,226.9833984375,73063300
2025-02-04,226.2268315478868,232.08036234711574,225.62952690670866,231.75184631347656,45067300
2025-02-05,227.50107667347064,231.62243633567465,227.24225275297744,231.42333984375,39620300
2025-02-06,230.24863411824003,232.74734282564026,229.39250557129796,232.16995239257812,29925300
2025-02-07,231.55275755143822,232.946448173879,226.236788599926,226.60513305664062,39707200
2025-02-10,228.7876615470872,229.80417456619486,226.42572786906877,226.8741912841797,33115600
2025-02-11,227.4223198813819,234.42836130351915,227.35256634016287,231.82725524902344,53718400
2025-02-12,230.41209906543347,236.15247950770552,229.89386689621963,236.06277465820312,45243300
2025-02-13,236.10264318513748,241.514131106333,234.7672133917818,240.70689392089844,53614100
2025-02-14,240.4278440984732,244.71319316935814,240.1687356269457,243.7664337158203,40896200
2025-02-18,243.31796980618805,244.34445851454996,241.01584434943877,243.6368865966797,48822500
2025-02-19,243.8262313730556,245.17162160901916,242.33134319523683,244.03550720214844,32204200
2025-02-20,244.10528213544586,245.93900803040836,243.45748811790233,244.99224853515625,32316900
2025-02-21,245.1118418459535,247.8425098737267,244.3843338177488,244.7132110595703,53197400
2025-02-24,244.0953010258401,248.01191597096326,243.58704451830639,246.25791931152344,51326400
2025-02-25,247.1548399621421,249.14802415538517,244.07537403321078,246.19810485839844,48013300
2025-02-26,243.49736566903925,244.14514449402503,238.3150894487839,239.5408935546875,44433600
2025-02-27,238.5941277716784,241.6337368385667,236.25213016109495,236.49131774902344,41153600
2025-02-28,236.14250368420718,241.26498665715278,229.41550676334808,241.01583862304688,56833400
2025-03-03,240.96599177281342,243.1983635012748,235.3053560708129,237.21881103515625,47184000
2025-03-04,236.89992456399492,239.25188262538288,233.88023638606123,235.1259765625,53798100
2025-03-05,234.61771347352882,235.7438674276595,228.44880585950324,234.93663024902344,47227600
2025-03-06,233.64104879709757,237.0493918731741,232.36541215599715,234.52801513671875,45170400
2025-03-07,234.3087681523361,240.54742919495166,233.95995483623878,238.25527954101562,46273600
2025-03-10,234.73730306532093,235.35520052510583,223.45588808739058,226.70477294921875,72071200
2025-03-11,223.04728218644934,225.0703629938446,216.7089556312574,220.08740234375,76137400
2025-03-12,219.38980505207962,220.99431909322652,214.17763213362198,216.24057006835938,62547500
2025-03-13,215.2140760046737,216.1010424274323,207.7097381833997,208.96543884277344,61368300
2025-03-14,210.53009451028822,213.22089031000854,208.86578742228792,212.76246643066406,60107600
2025-03-17,212.58307041465437,214.48656508270392,209.25445626243933,213.27072143554688,48073400
2025-03-18,213.43018643369246,214.4168029665515,210.76928711901598,211.96519470214844,42432400
2025-03-19,213.4899719913265,218.01449366985423,213.02157246340184,214.50650024414062,54385400
2025-03-20,213.2607508466693,216.74882322763474,211.4967785561088,213.37037658691406,48862900
2025-03-21,210.83902892918795,218.09421843072647,210.55998434888178,217.5261688232422,94127800
2025-03-24,220.24686734420678,220.7252273230714,217.83511614199446,219.977783203125,44299500
2025-03-25,220.0176475207108,223.3363011191594,219.32999652191663,222.98748779296875,34493600
2025-03-26,222.74828771017502,224.25315146564492,219.71865451354498,220.77503967285156,34466100
2025-03-27,220.63551973925667,224.22325730600966,219.8083464889556,223.08714294433594,37094800
2025-03-28,220.91456609374504,223.04727255158852,216.93815819229235,217.15740966796875,39818600
2025-03-31,216.27045427307317,224.8511131847691,215.49311362240712,221.37301635742188,65299300
2025-04-01,219.06091135294477,222.91771798921508,218.15400887457568,222.4293975830078,36412700
2025-04-02,220.56578026164416,224.4225869866718,220.2667995775576,223.12701416015625,35905900
2025-04-03,204.83955642508238,206.7829234026015,200.56418252947898,202.49757385253906,103419000
2025-04-04,193.2292544699453,199.19884701911502,186.70157274086588,187.738037109375,125910900
2025-04-07,176.59612158290105,193.48835506739644,174.02491207450518,180.84161376953125,160466300
2025-04-08,186.0637635998773,189.69135865616965,168.63337548243626,171.83242797851562,120859500
2025-04-09,171.3640110222038,199.926344669284,171.30421792842867,198.17234802246094,184395900
2025-04-10,188.42568213047016,194.11621470149436,182.37636057603893,189.7710723876953,121880000
2025-04-11,185.46579368960585,198.85997858079665,185.42592149027786,197.47471618652344,87435900
2025-04-14,210.71943358737073,212.21432171985006,200.4744681359889,201.829833984375,101352900
2025-04-15,201.1720967653651,202.81646776904176,199.11911932089467,201.45114135742188,51343900
2025-04-16,197.68401406478426,200.01603598224625,191.71442177543545,193.6079559326172,59732400
2025-04-17,196.5279673080365,198.15241736523095,193.75744237056688,196.3087158203125,52164700
2025-04-21,192.61134997705832,193.13954254760668,189.16313478921086,192.50172424316406,46742500
2025-04-22,195.45165216386687,200.9030125684292,195.3021694205859,199.059326171875,52976400
2025-04-23,205.29797863560773,207.29116289420588,202.10888686320854,203.9027557373047,52929200
2025-04-24,204.1917605029567,208.11833592046503,202.248408894664,207.65989685058594,47311000
2025-04-25,205.66671618569228,209.0352025034097,205.49729734578435,208.56680297851562,38222300
2025-04-28,209.2843516085664,210.77923983434187,206.7530142372406,209.4238739013672,38743100
2025-04-29,207.97880282615472,211.51670773820763,207.65988606249564,210.49021911621094,36827600
2025-04-30,208.58675630135352,212.85216981941505,205.96571387629956,211.77584838867188,52286500
2025-05-01,208.3674918385056,213.82881264887993,208.18809734114114,212.59304809570312,57365700
2025-05-02,205.38767599056177,206.28461806468735,201.4710760745947,204.65020751953125,101010600
2025-05-05,202.40787903175757,203.4044712176219,197.5345438511527,198.21221923828125,69018500
2025-05-06,197.5345306234426,199.96620262041338,196.34858356859348,197.83349609375,51216500
2025-05-07,198.49125449640593,198.7603386318323,192.59143085844198,195.58120727539062,68536700
2025-05-08,197.04619801698016,199.3682595147921,194.0165494128041,196.81698608398438,50478900
2025-05-09,198.32183886048443,199.85658408831688,196.86680762308345,197.8534393310547,36453900
2025-05-12,210.52675192915717,210.82612467262763,206.31561695740214,210.3471221923828,63775800
2025-05-13,209.98788789546765,212.95164926547025,208.56089957562318,212.48263549804688,51909300
2025-05-14,211.98369190366654,213.49052924285678,210.1375877621875,211.8839111328125,49325800
2025-05-15,210.506803034962,212.51258988469863,209.0997617101353,211.00575256347656,45029500
2025-05-16,211.9138418912236,212.12340739052024,209.3292870180407,210.81614685058594,54737900
2025-05-19,207.47318710280226,209.0398806327114,203.83084657536088,208.3413543701172,46140500
2025-05-20,207.23369558110693,208.03201787298204,204.5992426766309,206.42539978027344,42496600
2025-05-21,204.7389515122616,206.6050179110669,200.2883301620853,201.66542053222656,59211800
2025-05-22,200.28832240028711,202.32402973584547,199.28043462788855,200.93695068359375,46742400
2025-05-23,193.2630967266574,197.28462846236872,193.05354646446796,194.8597412109375,78432900
2025-05-27,197.88337691051132,200.31825293342968,197.01519441683536,199.78936767578125,56288500
2025-05-28,200.16857290124128,202.3040763244224,199.48002009942556,199.99893188476562,45339700
2025-05-29,203.15228556391767,203.38179807643976,198.09293019267844,199.5299072265625,51396800
2025-05-30,198.95112277889336,201.53569281345096,196.36656797106642,200.4280242919922,70819900
2025-06-02,199.85921507319503,201.70533435611304,199.69954757512772,201.27622985839844,35423300
2025-06-03,200.92697696252267,203.34189080211323,200.53779694760377,202.8429412841797,46381600
2025-06-04,202.4836823743862,205.80668775064265,201.67538665008354,202.3938751220703,43604000
2025-06-05,203.07244608657666,204.3198198340372,199.72947835269025,200.20848083496094,55126100
2025-06-06,202.57349663849442,205.26782088834017,201.62549563553227,203.49156188964844,46607700
2025-06-09,203.96057412654167,205.56719211084615,199.59976040917107,201.02674865722656,72862600
2025-06-10,200.17855851367187,203.92068000712237,200.14862275986277,202.24420166015625,54672600
2025-06-11,203.0724503091444,204.07034932786254,197.99314795828434,198.36236572265625,60989900
2025-06-12,198.66173587371065,199.26046614106752,196.94534836583952,198.78147888183594,43904600
2025-06-13,199.3103695725812,199.9490243445518,195.2888376882346,196.03726196289062,51447300
2025-06-16,196.8854859861783,198.27256505925683,196.1470352061455,198.0031280517578,43020700
2025-06-17,196.78567812068002,197.97318035709665,194.79986887227625,195.2289581298828,38856200
2025-06-18,195.52833742048526,197.15491770400297,194.66017014117494,196.1669921875,45394700
2025-06-20,197.82351706190548,201.27623931614946,196.44641147314488,200.5777130126953,96813500
2025-06-23,201.20637663769034,201.87496712850407,198.54198818263384,201.07664489746094,55814300
2025-06-24,202.16436301176623,203.0125832870988,199.77938491343542,199.87918090820312,54064000
2025-06-25,201.02675088646447,203.24208788881052,200.19849288768373,201.1365203857422,39525700
2025-06-26,201.00680230384165,202.2142668779585,199.04095514509618,200.5777130126953,50799100
2025-06-27,201.46584280819525,202.79305039965564,199.57981417332658,200.6575469970703,73188600
2025-06-30,201.58557286233471,206.95427439094752,198.84135059390303,204.7389373779297,91912800
2025-07-01,206.23578409144605,209.74839282792448,205.70689884063935,207.3833770751953,78788900
2025-07-02,208.47108532398713,212.8917706186518,207.7026988246806,211.99366760253906,67941800
2025-07-03,211.70426588787655,214.1990133776075,211.3649838836884,213.10133361816406,34955800
2025-07-07,212.23315593085263,215.77570049162512,208.36131809352125,209.50889587402344,50229000
2025-07-08,209.658593847986,210.98578616820197,208.01205130024096,209.5687713623047,42848900
2025-07-09,209.0897778625777,210.8859991217609,206.78463359109693,210.69639587402344,48749400
2025-07-10,210.06772774811225,213.03148920420767,209.58874045798783,211.9637451171875,44443600
2025-07-11,210.12759762046792,211.68431760849728,209.41908263784933,210.7163543701172,39765800
2025-07-14,209.48893166698292,210.46688365912564,207.10395364435493,208.1816864013672,38840100
2025-07-15,208.7804390594974,211.44482767792792,208.48106630115817,208.67066955566406,42296300
2025-07-16,209.85816533566302,211.9537441254909,208.20164932080104,209.7184600830078,47490500
2025-07-17,210.12759810142074,211.3550095983717,209.14964612579556,209.57875061035156,48068100
2025-07-18,210.42696659875526,211.34503189230253,209.25942654413325,210.73631286621094,48974600
2025-07-21,211.65439331220318,215.32665448510335,211.18537954340883,212.03358459472656,51377400
2025-07-22,212.69219192810166,214.49838667908332,211.78410018506472,213.9495391845703,46404100
2025-07-23,214.54829351654996,214.69797228179937,211.9637386583707,213.7000732421875,46989300
2025-07-24,213.45060308663847,215.23685093304425,213.08138530657155,213.31089782714844,46022600
2025-07-25,214.24891808809048,214.7877920897316,212.95164630742312,213.43064880371094,40268800
2025-07-28,213.5803337758995,214.39861831079742,212.61237047326716,213.6002960205078,37858000
2025-07-29,213.73000061776605,214.3586818606333,210.37707459375494,210.8261260986328,51411700
2025-07-30,211.454797150492,211.94377315400357,207.28358653790625,208.6107940673828,45512500
2025-07-31,208.0519764228089,209.39913099136336,206.72476887181696,207.1339111328125,80698400
2025-08-01,210.4269561886582,213.13126916468397,201.07664747870345,201.95480346679688,104434500
2025-08-04,204.0803265791815,207.44325668811337,201.25627047720934,202.9227752685547,75109300
2025-08-05,202.97265486934364,204.90858140720596,201.73526982787092,202.49366760253906,44155100
2025-08-06,205.1979708684584,214.9274858636443,205.15804638253505,212.8019561767578,108483100
2025-08-07,218.42014073215765,220.38600300495352,216.12496995802366,219.56771850585938,90224800
2025-08-08,220.36603010589778,230.51466074526758,218.78934791515115,228.86813354492188,113854000
2025-08-11,227.6992650180531,229.33767612130436,224.54232171734583,226.95997619628906,61806100
2025-08-12,227.78917070894937,230.57647717809445,226.8500938879156,229.42758178710938,55626200
2025-08-13,230.8462285986664,234.77241529044048,230.2068337695816,233.10403442382812,69878500
2025-08-14,233.83332460758467,234.89229562265464,230.6264418350812,232.5545654296875,51916300
2025-08-15,233.77337703316005,234.0531046408583,229.11788646444978,231.36570739746094,56038700
2025-08-18,231.47561022214762,232.89423321308522,229.88715369469057,230.66639709472656,37476200
2025-08-19,231.05601964615855,232.64447617946885,229.1278960385577,230.3367156982422,39402600
2025-08-20,229.75726351111018,230.24679444121838,225.55134937034353,225.79110717773438,42263900
2025-08-21,226.05087353353895,226.30063142153253,223.56327948127884,224.68218994140625,30621200
2025-08-22,225.95095699429655,228.8681272027074,225.1916985271248,227.53941345214844,42477800
2025-08-25,226.26065308481304,229.07792927219558,226.01089520624416,226.94000244140625,30983100
2025-08-26,226.65028173376106,229.26775474756235,224.4724002828088,229.08792114257812,54575100
2025-08-27,228.38860049855515,230.676376013076,228.03893336267103,230.26678466796875,31259500
2025-08-28,230.59647266873003,233.18396075811214,229.11789497993007,232.33477783203125,38074700
2025-08-29,232.28481317583598,233.15398096397084,231.145917853049,231.91517639160156,39418400
2025-09-02,229.02798202980685,230.62643860177437,226.75019132336067,229.49752807617188,44075600
2025-09-03,236.98028515930878,238.6186963224971,234.133039090421,238.2390594482422,66427800
2025-09-04,238.21906152531412,239.66765417218173,236.51072617258424,239.5477752685547,47549400
2025-09-05,239.76756781945676,241.08629675958926,238.25903569310344,239.45787048339844,54870400
2025-09-08,239.06825064349684,239.91741830634814,236.11111057683257,237.64962768554688,48999500
2025-09-09,236.77047435136637,238.5487492683241,233.13400016518182,234.123046875,66313900
2025-09-10,231.96513778704139,232.19491077497392,225.73117543382176,226.5703582763672,83440800
2025-09-11,226.66027725307507,230.22681187017153,226.43048902665416,229.80722045898438,50208600
2025-09-12,228.9980136278554,234.28288383192944,228.79821036620638,233.84332275390625,55824200
2025-09-15,236.77047667310174,237.95932665324483,234.80238330570734,236.47076416015625,42699500
2025-09-16,236.9502954777413,240.98639147239973,236.09114297984144,237.9193572998047,63421100
2025-09-17,238.73857528095925,239.86748583209587,237.4997706474641,238.75856018066406,46508000
2025-09-18,239.737599946219,240.9664044724694,236.4208079152849,237.64962768554688,44249600
2025-09-19,240.99636870073516,246.06146581163878,239.9773675285625,245.26223754882812,163741300
2025-09-22,248.05953649140056,256.3914711896616,247.8797028858207,255.8319854736328,105517400
2025-09-23,255.63220171436936,257.0907792625319,253.33442606621003,254.18359375,60275200
2025-09-24,254.9728287261993,255.4923293909784,250.79686899703333,252.06564331054688,42303700
2025-09-25,252.96477212582877,256.9209435623003,251.466224879955,256.6212158203125,55202100
2025-09-26,253.8539172209246,257.3505275669758,253.5342198150173,255.2126007080078,46076300
2025-09-29,254.31347273152574,254.75304905914027,252.76497075706976,254.18359375,40127700
2025-09-30,254.61318058017173,255.67215158054225,252.8648753735947,254.38340759277344,37704300
2025-10-01,254.7929996074261,258.53938316103813,254.6831055272507,255.20260620117188,48713900
2025-10-02,256.33149581258533,257.9299523535748,253.9038565188199,256.8809814453125,42630200
2025-10-03,254.42336451804394,258.9889308017334,253.70406057825727,257.7701110839844,49155600
2025-10-06,257.7401350456914,258.819106172963,254.80299514816292,256.44140625,44664100
2025-10-07,256.56129542181253,257.15072039039774,255.18262697514498,256.23162841796875,31955800
2025-10-08,256.2715719294531,258.2696351050741,255.8619653198879,257.8100891113281,36496900
2025-10-09,257.5603136690899,257.75013209688524,252.8948383011137,253.79396057128906,38322000
2025-10-10,254.69310389004832,256.13171175032437,243.76369637579657,245.032470703125,61999100
2025-10-13,249.13848619669534,249.44818352992385,245.32217845998096,247.42015075683594,38142900
2025-10-14,246.36117950382103,248.60900042906025,244.46301046499008,247.53004455566406,35478000
2025-10-15,249.24838988167792,251.5761352503302,247.2303418581919,249.09852600097656,33893600
2025-10-16,248.00958596667436,248.79881419551728,244.8926123625184,247.21035766601562,39777000
2025-10-17,247.77980070207627,253.13461023404025,247.03052706557392,252.045654296875,49147000
2025-10-20,255.64218177653177,264.1239650925819,255.3824390623343,261.98602294921875,90483000
2025-10-21,261.6263807259345,265.03308188579996,261.5764108568555,262.5155029296875,46695900
2025-10-22,262.3956210979312,262.5954395959732,255.18261234613632,258.19970703125,45015300
2025-10-23,259.68824995662277,260.36758405794774,257.76012648314656,259.3285827636719,32754900
2025-10-24,260.93706434715574,263.87421967110856,258.9290010880386,262.56549072265625,38253700
2025-10-27,264.6234656652487,268.8593494221352,264.3936774471076,268.5496520996094,44888200
2025-10-28,268.7294713644567,269.6286240979669,267.8902885694659,268.7394714355469,41534800
2025-10-29,269.01920560410514,271.1471476128123,266.85129379808274,269.4388122558594,51086700
2025-10-30,271.72657092903916,273.87451306817263,268.2199910571769,271.13714599609375,69886500
2025-10-31,276.721738255342,277.05143573891627,268.89933466249033,270.108154296875,86167100
2025-11-03,270.15812755648943,270.5877038096653,265.9921525413924,268.7894287109375,50194600
2025-11-04,268.0701070960229,271.22705027239556,267.36080327265466,269.7784729003906,49274800
2025-11-05,268.3498399683747,271.43687417180433,266.67147434431234,269.8783874511719,43683100
2025-11-06,267.6305743388968,273.1352174017799,267.6305743388968,269.50872802734375,51204000
2025-11-07,269.5386899523433,272.02629915101613,266.51162568814635,268.2099914550781,48227400
2025-11-10,268.9599914550781,273.7300109863281,267.4599914550781,269.42999267578125,41312400
2025-11-11,269.80999755859375,275.9100036621094,269.79998779296875,275.25,46208300
2025-11-12,275.0,275.7300109863281,271.70001220703125,273.4700012207031,48398000
2025-11-13,274.1099853515625,276.70001220703125,272.0899963378906,272.95001220703125,49602800
2025-11-14,271.04998779296875,275.9599914550781,269.6000061035156,272.4100036621094,47431300
2025-11-17,268.82000732421875,270.489990234375,265.7300109863281,267.4599914550781,45018300
2025-11-18,269.989990234375,270.7099914550781,265.32000732421875,267.44000244140625,45677300
2025-11-19,265.5299987792969,272.2099914550781,265.5,268.55999755859375,40424500
2025-11-20,270.8299865722656,275.42999267578125,265.9200134277344,266.25,45823600
2025-11-21,265.95001220703125,273.3299865722656,265.6700134277344,271.489990234375,59030800
2025-11-24,270.8999938964844,277.0,270.8999938964844,275.9200134277344,65585800
2025-11-25,275.2699890136719,280.3800048828125,275.25,276.9700012207031,46888700
2025-11-26,276.9599914550781,279.0474853515625,276.9599914550781,277.32501220703125,3151203
