Date,Open,High,Low,Close,Volume
2020-11-27,87.62265891076838,89.23504284568759,87.62265891076838,88.73896026611328,14790000
2020-11-30,88.17434731574909,88.40723809758074,86.79336923358123,87.11912536621094,32418000
2020-12-01,87.72793854870284,90.46207946719032,87.5476785104843,89.15310668945312,37350000
2020-12-02,89.15310829223527,91.00930935976088,88.64709964033578,90.62346649169922,29424000
2020-12-03,90.40347565496144,91.55999635366734,90.2276861454191,90.46803283691406,24728000
2020-12-04,90.38758786798329,90.84840643586647,90.05835381182969,90.5633773803711,20544000
2020-12-07,90.15568880495259,90.83798705491886,89.53447741508414,90.22918701171875,22288000
2020-12-08,89.80660353736675,90.17654956657847,88.95050853973332,89.94613647460938,19936000
2020-12-09,89.89797255827101,90.79230939430538,87.49653596857809,88.28410339355469,31728000
2020-12-10,87.526311537251,88.14156720772428,86.08276908538737,87.77708435058594,28688000
2020-12-11,87.39721213285257,88.25678497137464,87.03669966329481,88.13214111328125,18628000
2020-12-14,87.92954487062023,88.87700490171588,86.85743340263497,87.01286315917969,33050000
2020-12-15,87.39024942111818,87.59583221082491,86.48698689796659,87.45083618164062,21352000
2020-12-16,87.84958566273735,87.84958566273735,86.85395784860822,87.2576675415039,24676000
2020-12-17,87.59236631572465,87.73041412035337,85.96459334657283,86.42938232421875,34880000
2020-12-18,86.71045239928884,86.81919943152793,85.16262570212646,85.71977996826172,85256000
2020-12-21,84.87112877315111,86.25508471112633,84.11981047967087,86.13391876220703,33974000
2020-12-22,85.87422216127273,86.03710025089265,84.70478990793866,85.42184448242188,20370000
2020-12-23,85.60607168641371,86.60815530253585,85.47050159575537,85.81959533691406,22974000
2020-12-24,85.85781590186735,86.52372468525729,85.62691034152616,86.11405181884766,9312000
2020-12-28,86.64787370341108,88.73795785846364,86.49443674465653,88.09042358398438,27650000
2020-12-29,88.7493978086226,88.81096960706013,87.1543957516824,87.2859878540039,19726000
2020-12-30,87.6454953550005,87.78255055222024,85.80816920576154,86.21784210205078,21026000
2020-12-31,86.2685011129459,87.27307001104465,86.20989955570158,87.03173828125,21070000
2021-01-04,87.39721327969764,87.52085695769506,84.77231967368576,85.71531677246094,37324000
2021-01-05,85.66367014998892,86.74322235263449,85.25697504611246,86.40654754638672,20360000
2021-01-06,84.43067500335674,86.60120576827877,84.22409958830787,85.55392456054688,46588000
2021-01-07,85.7465892651924,88.28210281965931,85.7465892651924,88.10929870605469,41936000
2021-01-08,88.24932797316438,89.35172512400446,87.45778272357671,89.27574920654297,35484000
2021-01-11,88.24238133150995,88.60786440316203,87.00690685691502,87.21298217773438,34796000
2021-01-12,86.67022716182484,87.78950631707407,85.23115504466647,86.27644348144531,29528000
2021-01-13,85.77440403010542,87.21795421271686,85.77440403010542,86.76408386230469,23432000
2021-01-14,86.8445221294171,87.77213007031222,85.71233156118241,85.95317077636719,29212000
2021-01-15,85.85881158240142,86.78244143399044,84.99924639520269,85.78929138183594,31444000
2021-01-19,86.5530367998629,89.5741993642567,86.04802079890773,88.61233520507812,41660000
2021-01-20,90.69298282591129,94.33536450070085,90.35233758264769,93.3595962524414,64152000
2021-01-21,94.03393956655104,95.94227110893598,93.32681109981424,93.56218719482422,58634000
2021-01-22,93.92518905965122,94.56726028066227,93.18231164160541,93.97981262207031,32744000
2021-01-25,94.98190543815457,95.43279798699298,92.32125523928354,94.06522369384766,50586000
2021-01-26,93.65356299193041,95.13136939895124,93.16394372149756,94.7440414428711,31462000
2021-01-27,93.10335885414129,93.37945448291312,89.24844618847803,90.32402801513672,82512000
2021-01-28,90.92289423121268,93.75287039579504,90.92289423121268,92.0252914428711,55278000
2021-01-29,91.07286091482506,91.74423292058923,89.4609846616316,90.74214172363281,44530000
2021-02-01,91.59774264388165,95.12094344819168,91.59774264388165,94.00514221191406,40252000
2021-02-02,95.00126570965045,96.80085020179051,94.66557593964733,95.29871368408203,66332000
2021-02-03,102.57305055467793,104.60950398983356,99.9878761837272,102.23885345458984,97882000
2021-02-04,102.32525035691263,102.7562756387138,101.05798980789827,101.9781494140625,48596000
2021-02-05,102.27261325937808,104.0791536293732,101.79789063853698,103.72608947753906,29866000
2021-02-08,104.28076232458417,105.02562491261692,102.46081806842983,103.5120620727539,28828000
2021-02-09,103.02939978157666,104.20678043655732,102.79104585481538,103.05870056152344,21892000
2021-02-10,103.44353437120024,104.22514605872993,101.90911925986293,103.60939025878906,25102000
2021-02-11,103.83385461877602,103.98282108445419,102.73443512383678,103.72212219238281,20480000
2021-02-12,103.2761920503462,104.2559306269806,102.96831036572891,104.03396606445312,18990000
2021-02-16,103.87109895663937,106.52231568131008,103.87109895663937,104.8121109008789,31004000
2021-02-17,103.98182767192168,105.3950844927026,103.7022617169391,105.20539093017578,20294000
2021-02-18,104.5290554725159,105.37273908849392,103.94954865023567,104.56927490234375,22546000
2021-02-19,104.66760224999184,105.203404154816,103.45794305157632,103.72509765625,37938000
2021-02-22,101.97665119838959,103.30399835015275,101.69857038647423,102.0094223022461,29466000
2021-02-23,100.0097335742298,102.91519356943182,98.8298675738989,102.30043029785156,34658000
2021-02-24,100.80673050303888,103.7007716404692,100.68209421429081,103.47681427001953,22608000
2021-02-25,102.09235563455893,103.43658466161583,99.63728846063752,100.10704803466797,41548000
2021-02-26,100.80225428942666,102.12165310365899,99.3651674256296,100.40300750732422,40042000
2021-03-01,101.69856536116698,103.10039566930428,101.02421563702748,102.7741470336914,26060000
2021-03-02,102.53479645552336,104.01955853998743,102.12910156171527,102.51692199707031,25564000
2021-03-03,101.89471498400185,103.0884772115046,99.0170560718897,99.88159942626953,33892000
2021-03-04,100.05342577855534,103.0189723022075,99.58465876832166,100.9999008178711,49216000
2021-03-05,102.35156636872838,104.58863175555176,100.69449268365985,104.13526153564453,53100000
2021-03-08,103.489220368684,104.96304865733514,99.57272873677378,99.68743896484375,36868000
2021-03-09,101.78548025372508,102.48912326397398,101.08282227095005,101.3191909790039,33920000
2021-03-10,102.36398540325158,102.36398540325158,100.2748937042112,101.11212158203125,27100000
2021-03-11,102.20607603435747,104.84040311495322,102.11818127805286,104.30757904052734,27702000
2021-03-12,103.10934768667865,103.1689342706061,100.92491291554464,101.79788970947266,33818000
2021-03-15,101.54861957159491,102.04568720603763,100.69500984878918,102.01837921142578,26168000
2021-03-16,102.59191553889649,104.96008072594401,102.25921114107965,103.48078918457031,31900000
2021-03-17,102.71506692244664,104.23110756924204,101.50590779981324,103.39785766601562,26382000
2021-03-18,101.70752062059432,102.72897904790756,100.26745578805775,100.37471771240234,31700000
2021-03-19,100.79133336870827,101.15432355512716,99.46050826596426,100.65377807617188,46072000
2021-03-22,100.68705266414705,101.71545922515175,100.01021756030983,100.83900451660156,33536000
2021-03-23,101.29882774538657,102.49855328173614,100.70542448407849,101.36735534667969,28510000
2021-03-24,101.8852747729362,102.67184943060357,100.75506953121665,100.93036651611328,25218000
2021-03-25,100.75757658304865,101.58139303000986,99.12086234094248,100.92691040039062,35616000
2021-03-26,100.89363153792782,101.27102588193519,99.50619757196918,100.54305267333984,27978000
2021-03-29,100.4154264492917,101.75866292820697,99.5856468975078,101.58882904052734,26492000
2021-03-30,101.94587523975986,102.42705359401143,101.1101400271924,101.62260437011719,27312000
2021-03-31,102.01639183829063,103.59848244262686,101.64892352902284,102.41960906982422,42570000
2021-04-01,103.89592556687435,106.05602264817969,103.85520604605419,105.75956726074219,39880000
2021-04-05,106.62212075705683,110.68609422366168,106.52578506644159,110.18802642822266,48510000
2021-04-06,109.78876861526743,110.63692268035109,109.33539838290059,109.70633697509766,35240000
2021-04-07,109.89703385350786,111.45627935995104,109.89703385350786,111.18465423583984,24134000
2021-04-08,112.42459741103764,112.81143286154771,111.38228678145336,111.75074768066406,28664000
2021-04-09,111.50296471014346,112.91969192366908,111.09676208737295,112.75582122802734,26146000
2021-04-12,111.93397929114465,112.07152700708663,110.62798445173745,111.46223449707031,25024000
2021-04-13,111.7785524215588,112.39827866126174,111.38426865957148,111.94937133789062,25682000
2021-04-14,112.59492016611924,112.59492016611924,111.03518222254296,111.3276596069336,21002000
2021-04-15,112.32279939947108,114.01363687359006,111.78749002966799,113.47981262207031,29174000
2021-04-16,113.6779530050074,113.92624054804651,112.76822708360963,113.35567474365234,26282000
2021-04-19,112.73148319799424,114.41536491519754,112.73148319799424,113.70377349853516,30290000
2021-04-20,114.08762678716785,114.16261011066196,112.08295945388272,113.16996002197266,22288000
2021-04-21,112.82434703331222,113.2191233304055,111.47216945327,113.13719177246094,23204000
2021-04-22,112.99067592509701,113.6600626237734,111.24869294935813,111.8545150756836,24146000
2021-04-23,112.5735722203721,114.51617525978173,112.28804305693671,114.20879364013672,29066000
2021-04-26,114.43672073608383,115.43037100832214,114.07918606462448,114.70536804199219,32038000
2021-04-27,115.0877200248245,115.12843954137769,113.52499681437367,113.76435089111328,44386000
2021-04-28,118.8055796155355,120.73626363457726,116.85503592861606,117.14404296875,81106000
2021-04-29,118.64320728077503,119.38459197971964,117.87947003584557,118.81849670410156,41234000
2021-04-30,117.58996717984161,118.27672829890145,116.52431905123296,116.86894226074219,44856000
2021-05-03,117.43553948952028,118.2618411752265,115.97511498373677,116.35151672363281,28242000
2021-05-04,114.88512675108498,115.45320725454022,112.06110599855704,114.55142974853516,44818000
2021-05-05,115.63396305915562,115.95027810340052,114.6234309796566,114.94570922851562,26636000
2021-05-06,114.52660004687345,116.06697845458984,113.86665436169554,116.06697845458984,25190000
2021-05-07,117.38488841676944,117.7503639113892,116.50445572255295,116.79097747802734,28898000
2021-05-10,115.60963771863467,115.75166353729998,113.44456989170497,113.80260467529297,30914000
2021-05-11,111.38526620724798,113.2330185640915,110.93089578077006,112.72551727294922,34186000
2021-05-12,110.54704678651926,111.62908428486004,108.92969990964455,109.25892639160156,46376000
2021-05-13,110.54356450336654,111.20500283196507,109.58020769650676,110.68856811523438,33204000
2021-05-14,112.15347769132586,113.45350946011777,111.72940060439642,113.13867950439453,31996000
2021-05-17,112.40323639373455,113.70476069631124,112.00299702300212,113.66205596923828,21598000
2021-05-18,114.32895445397962,114.59363131394053,112.3347058838358,112.3486099243164,22204000
2021-05-19,110.65828287821735,112.97033180771274,110.50980892808556,112.79702758789062,23684000
2021-05-20,113.76535047048326,114.80815356114391,113.39391177615245,114.55738830566406,32352000
2021-05-21,115.076804611561,115.15030281544662,113.68092975421887,113.9207763671875,40632000
2021-05-24,114.95166574781729,117.46731220686212,114.80616961581151,117.24336242675781,31832000
2021-05-25,117.78759874172026,118.38348727818462,116.94342268363458,117.334228515625,22440000
2021-05-26,117.51548805132643,118.63129691801308,117.5125102373606,118.20027160644531,21572000
2021-05-27,118.63427145441929,118.63427145441929,117.00600585374315,117.3248062133789,35224000
2021-05-28,117.90777785188578,117.98970940408962,116.83666658294217,117.03529357910156,21482000
2021-06-01,117.90877200932526,118.4684115722514,116.90767344728998,118.24346160888672,23354000
2021-06-02,118.63923515219538,118.86219991513654,116.8123349585416,117.71759796142578,21158000
2021-06-03,116.48310125637171,117.04373341126214,115.67815198832696,116.57496643066406,18696000
2021-06-04,117.65203751158097,119.12984382575019,117.31138472478672,118.85871124267578,24458000
2021-06-07,118.6536353921515,119.40197591277536,118.23452893652797,119.29222869873047,24120000
2021-06-08,119.7744050682998,120.14732888330803,118.91880264907648,119.10054779052734,24240000
2021-06-09,119.74560799112477,119.81760592267354,119.02408294020918,119.57230377197266,17942000
2021-06-10,119.52163996137934,120.96568253894894,119.36571770257208,120.92247772216797,25904000
2021-06-11,121.16431477759886,121.24972423320611,120.11951891042602,120.67767333984375,21958000
2021-06-14,120.77996403226656,121.60725826078448,120.0718505454425,121.60676574707031,22098000
2021-06-15,121.61122735260894,121.93449819679269,120.22677889432583,120.5877914428711,21562000
2021-06-16,120.73925165647537,121.051103781599,118.65165259558208,119.94522857666016,26472000
2021-06-17,119.87074371139391,121.68323972485655,119.67459443294561,120.90957641601562,25842000
2021-06-18,120.53565476719979,120.77003827045989,119.19291832944006,119.28826141357422,46116000
2021-06-21,119.67509414601389,121.16431929234544,119.07721278021708,120.97810363769531,27414000
2021-06-22,120.91603987762832,121.56158903921923,120.23474179360603,121.49256134033203,22390000
2021-06-23,121.2571722246555,122.25230755219879,120.99995125396923,121.29044342041016,19148000
2021-06-24,121.85950802149232,122.21257213662302,121.46225406346862,121.66088104248047,21362000
2021-06-25,121.16431840853278,121.79298566675085,120.73230051757878,121.6693344116211,34594000
2021-06-28,121.83817341747176,121.94395021731748,120.57389819100639,121.6966552734375,28526000
2021-06-29,121.83022049740785,122.1783216062728,120.8574301606362,121.43494415283203,23108000
2021-06-30,121.15885387013645,121.41956032796028,120.5232383872112,121.25320434570312,24474000
2021-07-01,120.89119713899787,121.74729205960752,120.69902586362701,121.60577392578125,18110000
2021-07-02,122.30643597468982,124.54499411136423,122.21655601213538,124.39949798583984,25982000
2021-07-06,124.78782026461114,125.56198362512214,123.72912036717764,125.32561492919922,26404000
2021-07-07,126.29094913605273,126.41210750161481,125.28885806899099,125.60765838623047,24060000
2021-07-08,123.17643727760102,124.73518256604955,123.17246685935096,124.18746185302734,23790000
2021-07-09,124.16860255332142,124.87323817975565,123.69834285244087,124.65872192382812,18632000
2021-07-12,125.31370552891468,126.19910128355673,124.75058804003152,126.10574340820312,17668000
2021-07-13,126.16829714742079,127.18031431277677,125.80679208640693,126.46922302246094,19240000
2021-07-14,127.08150096063406,128.4406342101762,127.03829614280257,127.35858917236328,23742000
2021-07-15,127.76777629667595,127.8184218627249,125.66328784581317,126.1350326538086,24218000
2021-07-16,126.78852695996613,126.93600829936067,125.28936823394764,126.10027313232422,20424000
2021-07-19,125.22579903110285,125.34050926099619,122.6589994645696,123.72465515136719,27968000
2021-07-20,124.66765077615729,126.17277272553449,123.4987186967555,125.34498596191406,26312000
2021-07-21,125.26949980768543,126.72198337355782,125.1602526883188,126.67530822753906,20746000
2021-07-22,126.96828831799552,127.60291119714803,126.62565030718687,127.54182434082031,14302000
2021-07-23,129.53708182506168,132.4852542046849,128.9114074632849,132.1038818359375,41506000
2021-07-26,132.4152245404215,133.31749453004386,131.3952513476987,133.11688232421875,30572000
2021-07-27,133.33091486736993,133.47839621773178,129.21281791360002,130.9965057373047,54710000
2021-07-28,135.37828272257383,137.3496864200583,134.3508687484611,135.16177368164062,95130000
2021-07-29,135.21740393865812,135.72490530544914,134.61456705577282,134.8474578857422,31716000
2021-07-30,134.11002362301198,134.3776782948477,133.3353677791156,133.8036346435547,25576000
2021-08-02,134.19148503936958,134.40947921310809,132.87754921456434,133.9307861328125,21634000
2021-08-03,134.2093538311619,134.80226465276354,132.40629876268488,134.7009735107422,20762000
2021-08-04,134.42240061295658,134.72034873721796,133.5658054385568,134.19993591308594,19676000
2021-08-05,134.75108845286786,135.41601221577477,133.92230160341646,135.31817626953125,17870000
2021-08-06,135.1101493986969,135.5376968094334,134.28384768963306,134.8087158203125,20488000
2021-08-09,135.01131691269555,136.24431365244018,134.41243537983704,135.97515869140625,17760000
2021-08-10,136.40122739389997,136.82878994271528,135.4304297601133,135.86990356445312,19414000
2021-08-11,136.24181905832265,136.73937911872332,135.33804886119853,135.3455047607422,15352000
2021-08-12,135.04408266615167,136.35951864766164,134.49786220697922,136.25424194335938,16506000
2021-08-13,136.30986557995257,136.9122174832124,136.09435671368865,136.78408813476562,15948000
2021-08-16,136.5829646713406,137.41473699232492,134.37221455743094,137.36209106445312,22384000
2021-08-17,136.80643247596538,137.31840428534073,135.14985876148344,135.7253875732422,21716000
2021-08-18,135.56499013268993,136.16535676998893,134.39456539418998,134.5211944580078,19258000
2021-08-19,133.51465842550442,135.41851979416657,133.33042795350028,134.75062561035156,21782000
2021-08-20,135.06841620237648,136.6117723361515,134.32355361302515,136.48812866210938,31194000
2021-08-23,137.02444654926654,139.909546927618,136.6649266294421,139.08226013183594,28454000
2021-08-24,139.64832759063572,141.1067743975744,139.3772025716941,140.29388427734375,19268000
2021-08-25,140.65490418405014,141.2155364091785,140.40761680333262,141.1057891845703,15848000
2021-08-26,140.77903846994076,141.4419619740377,140.3887251136367,140.47166442871094,20610000
2021-08-27,140.68219932895803,143.52260939124648,140.52776217570977,143.01759338378906,28780000
2021-08-30,143.41088134582995,144.9706345087551,143.17550523578328,143.60008239746094,24434000
2021-08-31,144.15275891770565,144.17708151735482,143.29269360899076,143.70632934570312,22448000
2021-09-01,144.00677094284313,145.25217904174795,143.8910681023776,144.22079467773438,21936000
2021-09-02,144.2213144723881,144.5227329152527,142.20422043422548,142.30552673339844,32342000
2021-09-03,142.10044593983966,143.16757938383384,141.4250958598658,142.7549285888672,19850000
2021-09-07,142.84924647049465,143.5747418670663,142.63522275228055,143.2921905517578,20124000
2021-09-08,143.11293622697437,143.41086913513237,142.02046504950178,142.70672607421875,18344000
2021-09-09,142.85523305878948,143.3220149038084,142.1967799984015,142.5577850341797,15314000
2021-09-10,143.2246427259932,143.72718852242127,139.77395555302834,139.9110107421875,36840000
2021-09-13,140.9771718765766,141.9708221964238,140.28246983807614,141.35755920410156,22094000
2021-09-14,142.0159841233431,142.38097464046592,140.77901709157425,141.5680694580078,19674000
2021-09-15,141.79353785175581,143.4610378207638,140.3792960231764,143.440185546875,27408000
2021-09-16,142.9644492148849,143.31155770924323,141.426063761718,142.62628173828125,26190000
2021-09-17,142.05076140011982,142.46738254367386,139.50779941139257,139.83554077148438,53384000
2021-09-20,137.21511067059447,138.04786802419636,135.3882181598803,137.769287109375,46518000
2021-09-21,138.79222650353563,139.05244043758358,137.33080952468467,138.0806427001953,25332000
2021-09-22,138.3497879973125,139.92193727417347,137.60244009203043,139.32257080078125,25056000
2021-09-23,140.02178305106443,140.7259262606172,139.43979842135036,140.24871826171875,20952000
2021-09-24,139.57583007870915,141.35556254003694,139.28036730337084,141.2408447265625,22984000
2021-09-27,139.83999766291203,140.96623246327235,139.1080465762654,140.1056671142578,21882000
2021-09-28,137.7052435287235,138.14371717178133,134.43281534888163,134.89959716796875,45772000
2021-09-29,136.04171680115297,136.2115507067214,132.94806347569877,133.43321228027344,30848000
2021-09-30,133.3418297784705,134.6140457457326,132.64115703529495,132.7603302001953,37996000
2021-10-01,133.52654572208218,135.9726870836677,133.15461451676552,135.60769653320312,35360000
2021-10-04,135.02919100762176,135.02919100762176,130.152335016585,132.74395751953125,51202000
2021-10-05,133.12284448248417,136.28454028271238,133.12284448248417,135.0912628173828,32404000
2021-10-06,133.82697596683917,136.8064262666575,133.6283489777049,136.62269592285156,24364000
2021-10-07,137.94062025981415,139.08275211863085,137.7012737211679,138.27134704589844,25110000
2021-10-08,138.62091984045634,139.3697529009224,138.26388525704718,138.8280029296875,26526000
2021-10-11,138.337895381797,139.7481669525736,137.90784749239654,137.9624786376953,17954000
2021-10-12,138.52458748141476,138.55141053862306,134.83006747630324,135.5143585205078,36332000
2021-10-13,136.46131258241758,137.0547234459563,135.58386525595154,136.63958740234375,19654000
2021-10-14,138.51862826245136,140.36935854476863,137.8740717298719,140.18414306640625,31894000
2021-10-15,140.64447543325574,140.74726684594384,139.79086571869038,140.399658203125,30274000
2021-10-18,140.1101505005765,141.81786982944135,140.10319469147404,141.79998779296875,20396000
2021-10-19,142.4053106642603,142.6784360414776,141.6232140325782,142.25584411621094,20164000
2021-10-20,142.35616555574433,142.56274856320022,140.40809931268066,140.79791259765625,23288000
2021-10-21,140.7979053406626,141.18226306865893,139.5376005482952,140.9141082763672,26292000
2021-10-22,138.19684070584688,139.6200235721843,135.12403988549715,136.6241912841797,50588000
2021-10-25,136.6078150016208,137.0547295671816,134.4963706145337,136.50552368164062,34412000
2021-10-26,138.3095581124509,139.12343319491293,137.3571275635801,138.354248046875,49236000
2021-10-27,138.4500773526693,147.6317444399886,138.4500773526693,145.21591186523438,85782000
2021-10-28,146.1266466491927,146.1499842212663,143.63631554919505,144.84994506835938,36206000
2021-10-29,144.08424925630118,147.22657797948324,143.65868705793508,147.03192138671875,43320000
2021-11-01,147.03192002619673,147.03192002619673,142.24442868736074,142.51406860351562,46924000
2021-11-02,143.589155856485,145.6047494341665,143.3468239373789,144.43630981445312,33482000
2021-11-03,144.90110958293442,145.66435436896379,143.60058532417827,145.59384155273438,27494000
2021-11-04,146.1167161309597,148.70785360831633,145.30581121346245,147.25189208984375,38412000
2021-11-05,148.14769705089574,149.29776958351854,147.18187010538642,147.83238220214844,38354000
2021-11-08,148.79871470403364,149.58331179052777,147.41376612492647,148.01016235351562,23052000
2021-11-09,148.21076684871005,148.80814807366832,146.23637795284716,147.89842224121094,19530000
2021-11-10,146.4896364250964,147.05573924329605,143.54743538233325,144.89413452148438,29970000
2021-11-11,145.48607536348254,146.52491566576384,144.60315733615232,144.7680206298828,16518000
2021-11-12,145.6111891207511,147.83039521534081,144.41494154872743,147.65956115722656,22360000
2021-11-15,147.88053373533654,148.52509016682959,146.56411288350532,147.4351043701172,23508000
2021-11-16,147.13470800485993,147.74350045689724,146.30343572835443,146.8630828857422,18904000
2021-11-17,147.0135155370304,147.54186906071254,146.23141896443005,147.0328826904297,19594000
2021-11-18,147.2260577387579,149.54904025058778,146.87150849617186,148.81211853027344,35608000
2021-11-19,148.9481825616675,149.9324068330107,147.87906407861217,147.9063720703125,33682000
2021-11-22,148.30960977395634,148.8031994938297,145.14642874148532,145.29986572265625,30594000
2021-11-23,145.15186234817517,145.65539319292498,143.12782807825988,144.7834014892578,27218000
2021-11-24,144.47702364133363,145.24770912643848,143.38406747968642,145.1190948486328,18040000
2021-11-26,143.359739569914,143.56730760150222,140.87090840018158,141.20907592773438,30470000
2021-11-29,143.01361186652207,145.29537478702147,142.90783507857046,144.53363037109375,32596000
2021-11-30,144.01521986367607,144.9999291351749,140.63155943723774,140.925537109375,42068000
2021-12-01,143.01363215793765,144.95077215345802,139.94678681424585,140.0853271484375,34020000
2021-12-02,140.2824605205018,142.87905356135158,139.2540463739242,141.98670959472656,29194000
2021-12-03,142.6968086608339,143.41087781045954,139.33995625268722,141.02880859375,41230000
2021-12-06,142.06069032750446,142.86712473038352,139.189986920454,142.17440795898438,30618000
2021-12-07,144.59918260368823,146.52044078510028,144.23270692455046,146.26072692871094,32240000
2021-12-08,146.5854775642507,147.37653035976174,145.4031415660559,147.1714324951172,24270000
2021-12-09,146.58003728286783,148.07870362963027,146.10729983987582,146.62721252441406,23270000
2021-12-10,147.68141834397827,147.9570138625122,145.6990885419643,146.98770141601562,24458000
2021-12-13,146.76921671564287,146.95643255514503,144.52073235798926,144.82762145996094,27070000
2021-12-14,142.98183615275286,143.49032245820712,140.24768798215138,142.92124938964844,38446000
2021-12-15,142.4266677500338,145.7159775606796,140.70752203650918,145.43789672851562,36370000
2021-12-16,146.16240684047588,146.66543763733537,142.6233092253354,143.45558166503906,33650000
2021-12-17,141.5238967322668,142.84925876287545,140.33211958011196,140.75421142578125,50416000
2021-12-20,139.0410217021847,140.80337222903077,138.36667189829006,140.6370086669922,27192000
2021-12-21,141.0804596519441,142.88352978541766,139.54008877939256,142.48974609375,28756000
2021-12-22,142.08750519327856,145.49648802406725,142.08750519327856,145.4120635986328,26322000
2021-12-23,145.49650530933746,147.2280624525813,145.44882997744546,145.91015625,26384000
2021-12-27,146.24731469886467,147.3278595123335,146.16140515021237,146.8933563232422,15976000
2021-12-28,147.22060612425986,147.28317810290264,145.0540608351718,145.68222045898438,18200000
2021-12-29,145.64001026436924,146.40722543558255,144.64984548921163,145.6504364013672,17788000
2021-12-30,145.6891702663354,146.2910220535515,144.99446827390025,145.1990509033203,15688000
2021-12-31,145.0495788982198,145.69363529996593,143.8597869873047,143.8597869873047,18136000
2022-01-03,144.06139370644328,144.85194647168504,142.72859087802212,143.9983367919922,28646000
2022-01-04,144.40004976188612,145.4815947191956,142.73206493911738,143.41038513183594,28400000
2022-01-05,143.43073990652238,143.50969364455202,136.74485856797526,136.8312530517578,54618000
2022-01-06,136.06007743230046,138.98142624455608,135.6230889673093,136.80393981933594,37348000
2022-01-07,137.1992096234285,137.50014307479,134.836507719824,136.0784454345703,29760000
2022-01-10,134.15272948085013,137.8686013556093,132.25233886282987,137.71961975097656,44408000
2022-01-11,137.0616634231231,139.25553153130753,135.75616876669966,138.77880859375,28730000
2022-01-12,140.18313478333724,141.6311554318166,139.73076471910252,140.4617156982422,26108000
2022-01-13,140.57045524554243,141.87149457613452,137.46090562744897,137.6376953125,31436000
2022-01-14,136.14001576725417,139.77793411889562,136.06007700509608,138.5250701904297,29662000
2022-01-18,135.24222628592668,136.19217162710595,134.5107751926396,135.06643676757812,34872000
2022-01-19,135.5883081877143,137.01447614851475,134.09064240055045,134.19094848632812,28648000
2022-01-20,135.31671267129403,136.6832943570819,132.0537105865044,132.3943634033203,29908000
2022-01-21,131.6852497283772,133.94167468699533,129.1954187426891,129.45860290527344,55652000
2022-01-24,125.11508783429097,130.30430431689703,123.64721481373124,129.9080352783203,76622000
2022-01-25,127.85814979874316,128.51263232248894,125.63398820188476,126.06550598144531,46960000
2022-01-26,130.2208611272421,132.0889733339284,126.27109790890478,128.3477783203125,49130000
2022-01-27,130.4046015787616,131.74386020834598,128.0493400573882,128.12135314941406,31950000
2022-01-28,128.7708494185611,132.44303172603193,127.60489516569507,132.43756103515625,34362000
2022-01-31,133.24300286957987,134.5450272244261,131.30387795487317,134.37667846679688,39986000
2022-02-01,136.65198091536402,136.84912277440554,133.44808094636574,136.70114135742188,68644000
2022-02-02,150.2139748753728,150.50843749823036,144.5257135029297,146.98623657226562,123200000
2022-02-03,144.70744115071966,148.64974827603828,141.68825627852442,142.10984802246094,71518000
2022-02-04,142.4619138594205,143.88261122528846,139.55247646938693,142.3114471435547,57998000
2022-02-07,143.26189283584193,143.26189283584193,137.9485340762374,138.2474822998047,54974000
2022-02-08,138.0742067910711,139.04103406729655,136.07549495720775,138.44415283203125,54284000
2022-02-09,139.99791170532907,141.54822358083172,139.22672618566713,140.62210083007812,40144000
2022-02-10,138.74656067127665,140.51535178227655,137.0120182079764,137.67047119140625,39330000
2022-02-11,137.6506167768868,138.20329295411477,132.486223876279,133.36268615722656,39958000
2022-02-14,132.34371646053006,135.36637180477342,132.34371646053006,134.59767150878906,34302000
2022-02-15,136.62816089438695,137.16248526255038,134.89114828122072,135.67276000976562,26680000
2022-02-16,135.71049482174425,137.14013340541413,133.99979001083722,136.79452514648438,25022000
2022-02-17,135.30974142598828,136.17427722960795,131.57103210398424,131.63111877441406,38950000
2022-02-18,132.55277323596871,133.15165480974724,129.3046828967441,129.509765625,45620000
2022-02-22,128.9486237480946,131.27507671013754,127.34518092700627,128.92430114746094,44990000
2022-02-23,130.74672218976002,131.146461476255,126.65394836077941,126.71403503417969,32786000
2022-02-24,124.09759400552933,132.08897834726324,124.09759400552933,131.78208923339844,54456000
2022-02-25,132.63719764584428,134.34491711381497,130.84902416146156,133.53848266601562,36406000
2022-02-28,132.13864070917086,134.8216284091714,131.68427023720545,134.13189697265625,38864000
2022-03-01,133.95460881419785,135.32217560220607,132.30599093468777,133.14320373535156,26496000
2022-03-02,133.7058202345684,134.3359650140929,132.1599788001748,133.6497039794922,23520000
2022-03-03,135.07834743813976,135.5049097951273,132.1142937033128,132.98231506347656,24604000
2022-03-04,132.01694707381773,132.93461363828908,129.44467715412816,131.0029296875,30430000
2022-03-07,130.58734612157045,130.83264829191282,125.42990852779485,125.5128402709961,45112000
2022-03-08,125.38521713682621,130.3509683105619,124.8136586917926,126.2338638305664,40428000
2022-03-09,130.35096930824116,132.81944835755982,129.01071051027446,132.506103515625,37026000
2022-03-10,130.3668413584077,132.3590970925639,130.01576245076538,131.52236938476562,27102000
2022-03-11,132.5741092235153,132.87901308686813,128.74353470326596,128.98089599609375,31526000
2022-03-14,129.35780521773768,129.51571269481013,124.41688480642178,125.08824920654297,38812000
2022-03-15,126.1062089198492,128.96500057359978,124.85930834063508,128.31298828125,30920000
2022-03-16,129.83750304335058,132.41968439619922,127.85268781908668,132.3675537109375,35576000
2022-03-17,132.23693475136628,133.16205727305697,131.2795336415189,132.92221069335938,28264000
2022-03-18,132.5105667989843,135.3107575128398,131.35255331585438,135.1930694580078,44566000
2022-03-21,135.23079176119532,136.1112244178566,133.173978749984,135.16921997070312,26832000
2022-03-22,135.16923238113208,140.0838376848272,135.16923238113208,138.90992736816406,35496000
2022-03-23,137.7524003944116,138.6323329542987,136.8908499613676,137.3283233642578,25154000
2022-03-24,138.2464879446874,140.64892428959428,136.80692345204187,140.6022491455078,26396000
2022-03-25,140.9438768596341,141.0620649838746,138.78030223496174,140.70254516601562,24126000
2022-03-28,139.93536598981794,141.02982254949302,138.8538208684896,140.486572265625,35050000
2022-03-29,141.67041396841972,142.80856033177267,141.06557670736646,141.5293731689453,34318000
2022-03-30,141.48417499062563,141.74288866121253,140.63006526780768,140.96624755859375,19884000
2022-03-31,141.07993710759197,141.13456824026574,138.07219395712613,138.11489868164062,37524000
2022-04-01,138.54443389331385,139.5087756948705,137.3600975929248,139.1904754638672,25942000
2022-04-04,139.39707934303763,142.72760894504665,139.34940401086646,141.99217224121094,25942000
2022-04-05,141.89037137348774,142.0110296598707,139.42090753807759,139.6279754638672,21418000
2022-04-06,137.79958340829674,138.40590569725433,134.5887272738365,135.6126708984375,32468000
2022-04-07,135.0783151193305,136.22491712772862,133.30802417517035,134.95765686035156,26234000
2022-04-08,134.65475908711477,134.74066862943772,132.0546959534093,132.37449645996094,25142000
2022-04-11,130.92052859554875,131.18768319388306,127.78714112721842,127.94107818603516,36884000
2022-04-12,130.6985743297183,130.6985743297183,125.92052403940545,126.83968353271484,32710000
2022-04-13,127.12323339637223,129.44124574163172,126.86600481164518,129.00425720214844,27928000
2022-04-14,129.58574380720424,129.58574380720424,125.73380145210479,125.86192321777344,31598000
2022-04-18,126.13006878953061,127.33425728221141,125.31767118048631,126.80193328857422,20808000
2022-04-19,126.8168237740638,129.44022454936223,126.12956257149347,129.1184539794922,26490000
2022-04-20,129.99541803110722,130.4989489552914,126.62665415280647,127.16294860839844,31696000
2022-04-21,128.36466000936693,129.20734344647272,123.673512070281,123.95954132080078,36446000
2022-04-22,124.14377326402423,124.54302006316087,118.1103889142465,118.8160171508789,56884000
2022-04-25,118.2851793587275,122.43306957367948,117.69922438047917,122.23096466064453,46128000
2022-04-26,121.45680927223376,121.67083301891546,117.69922482697882,117.83727264404297,73054000
2022-04-27,113.68540104249192,116.43890897861922,111.9642776783268,113.51160430908203,91820000
2022-04-28,115.61757779171258,118.82991910256544,113.33332937298223,117.71063995361328,48884000
2022-04-29,115.93487697322128,117.11225750315006,113.03488051138018,113.3278579711914,42676000
2022-05-02,112.62819126516962,115.94580921166728,111.82870509334481,115.784423828125,35534000
2022-05-03,115.63297406913419,117.63070084815394,115.23969045763782,116.53028869628906,24968000
2022-05-04,116.22985211462537,122.01296342752673,114.32746860054469,121.42353057861328,49916000
2022-05-05,119.38063386579601,120.20991340730639,114.21774076482978,115.70746612548828,45840000
2022-05-06,114.39550456228451,116.76615498990255,113.23451331524208,114.95365142822266,39710000
2022-05-09,112.47424700492478,114.28873566343553,111.23330949084597,111.74031066894531,40802000
2022-05-10,114.71628695611551,115.45370122184362,112.12714235556041,113.61140441894531,39900000
2022-05-11,112.4608505325777,115.56742256499777,112.4608505325777,112.8243408203125,37534000
2022-05-12,110.61459079443388,113.5121023113223,109.07222711218267,112.071044921875,53836000
2022-05-13,113.74846229986935,117.06757292154458,112.82682515156004,115.25556945800781,35038000
2022-05-16,114.16806533985789,115.37424657396184,113.10937301955866,113.66106414794922,25990000
2022-05-17,116.04015386240661,116.0992479298773,114.08315444400371,115.6751708984375,23054000
2022-05-18,114.2122672760028,114.60952885152011,110.79135782529033,111.13300323486328,35126000
2022-05-19,110.66821695459474,112.2359033534811,109.24651920632846,109.62789154052734,34144000
2022-05-20,111.18415014796633,111.41506331912538,105.07181220746052,108.16199493408203,48962000
2022-05-23,108.83684020240013,111.37930208284921,107.99613444392592,110.72431945800781,37184000
2022-05-24,105.0474835711035,105.72928171250157,101.18660771550725,105.24412536621094,76780000
2022-05-25,104.26635571159798,105.77048498374647,103.14509143797545,105.08024597167969,40258000
2022-05-26,104.95312769995195,107.90526250642102,104.5042203882763,107.05413818359375,37948000
2022-05-27,108.7330625115349,111.54864235370516,108.39091700191756,111.54714965820312,37914000
2022-05-31,111.9741954769458,114.94222702566347,111.3107719398825,112.98274230957031,50012000
2022-06-01,114.06826317353504,116.29937309388902,112.47425385777059,113.11185455322266,36606000
2022-06-02,113.21911892677547,117.0919059988239,112.17283789402013,116.81680297851562,37992000
2022-06-03,115.26749397177188,115.52472253823346,112.7409211603864,113.75641632080078,26136000
2022-06-06,115.90508386814868,118.52948481957034,115.36828939248328,116.02029418945312,33542000
2022-06-07,114.68947198764029,116.88483293983977,114.26390982732367,116.34703826904297,31590000
2022-06-08,115.9616951970942,117.75830946134262,115.80130242266203,116.3912353515625,26108000
2022-06-09,115.53068133088902,117.48868116745223,113.9898103443374,114.04890441894531,25798000
2022-06-10,111.67477148150725,112.50305836640055,109.6100098970209,110.40006256103516,41452000
2022-06-13,106.05503282631635,108.04629624886985,105.3921093112375,105.66373443603516,47252000
2022-06-14,105.80525248931403,107.18523046976311,105.07528653929919,105.98451232910156,33706000
2022-06-15,107.80147483796506,110.66025925480368,106.93197599440535,109.01262664794922,39698000
2022-06-16,106.48655577638867,107.904275532212,104.41782377620616,105.30718994140625,51684000
2022-06-17,105.30718677609678,107.95492543163547,104.32644797510493,106.40958404541016,51376000
2022-06-21,108.18333731746245,111.71895671846308,107.85609606673559,110.7799301147461,47416000
2022-06-22,109.79920105723042,112.57008313688989,109.62638936538542,110.72382354736328,30774000
2022-06-23,111.46273365284881,111.97023497314542,109.74359547231944,111.47315979003906,28362000
2022-06-24,112.22100926625183,117.27018450537825,112.17879704892937,117.1668930053711,41164000
2022-06-27,117.46285065793593,117.76724687603271,114.39053484024392,115.0400619506836,36420000
2022-06-28,115.00926788550748,116.50594891671535,111.08185732274715,111.24026489257812,35792000
2022-06-29,110.78788927074342,112.3853689488812,110.11303936843558,110.93636322021484,24716000
2022-06-30,109.24652068989226,110.12843854185274,106.0187825786,108.21662139892578,43170000
2022-07-01,107.19367448668028,108.50165457610703,105.99941202989662,107.99266815185547,35476000
2022-07-05,106.36687378213881,112.60037726382436,105.00724802835002,112.4871597290039,39342000
2022-07-06,112.52588844454358,114.79771765919865,110.71239245993543,113.78718566894531,37432000
2022-07-07,114.29172973514224,118.37307767600376,114.04692008375858,117.9693603515625,40936000
2022-07-08,116.44685045649098,118.86516855088318,116.10073455150996,118.53594207763672,38238000
2022-07-11,117.1897331383704,117.1897331383704,114.54050176466727,114.8841323852539,31196000
2022-07-12,115.41893551644583,116.17273911133853,112.91123756952663,113.23947143554688,29960000
2022-07-13,110.93586740386377,113.41377989157871,110.43979239256281,110.59075164794922,43722000
2022-07-14,109.4555813251154,110.33203606233151,107.63066634050548,109.61150360107422,37004000
2022-07-15,111.23331281907532,112.36550334245979,110.14034911864573,111.01183319091797,46770000
2022-07-18,111.86842992036455,112.9013069637435,107.62768220362615,108.28315734863281,43164600
2022-07-19,110.090694802755,113.2389790223901,108.80953017450513,113.0304183959961,36530900
2022-07-20,112.39480901437034,114.60953734749081,111.70954051236691,113.11981201171875,35600400
2022-07-21,113.49720662400904,113.76536142824601,110.3489222258498,113.55679321289062,32676200
2022-07-22,110.23966006699301,111.57047755149821,105.77048465887167,107.16089630126953,48901200
2022-07-25,107.66741917346924,109.11741758792128,105.57187159947354,106.7735824584961,34690900
2022-07-26,105.86980776641253,106.4656963595138,103.35713902112693,104.30062866210938,47991000
2022-07-27,108.51159434644423,113.12974435029821,107.27015658073803,112.28556060791016,59858500
2022-07-28,111.6002881287064,113.5567876128041,110.69651783051911,113.43761444091797,32816600
2022-07-29,112.30542696475278,115.91055948000562,112.28555971746356,115.52323150634766,37223400
2022-08-01,114.51021541975226,115.92048681539644,113.55678460709224,114.07322692871094,26034300
2022-08-02,113.21911273048636,115.55301397748624,112.94103191155993,114.34136962890625,20236000
2022-08-03,114.91741046203056,117.80748122454524,114.6889901557887,117.27117919921875,28499000
2022-08-04,116.67528118358466,117.96637181269178,116.08931866387587,117.38041687011719,21602900
2022-08-05,115.43385532537566,117.30097504227626,115.20542743703525,116.66535949707031,19159500
2022-08-08,117.57904337218183,119.32698972388245,116.07938455316629,116.49651336669922,19138300
2022-08-09,116.33760916719966,116.51637649913262,114.9174041349362,115.83110046386719,19086500
2022-08-10,117.96637720002795,120.09171797963317,117.59891648269448,118.88007354736328,30930400
2022-08-11,120.44925167448947,120.65781230139952,117.7478819937098,118.02596282958984,24293700
2022-08-12,119.4362404313281,120.84651184082031,118.64171727202111,120.84651184082031,19096300
2022-08-15,120.30026963748777,121.46226102037568,119.78383491619735,121.24376678466797,19494800
2022-08-16,120.68760382332333,121.59137410380659,119.81363441236235,120.86637115478516,19041200
2022-08-17,119.29719726513474,120.45918110770077,118.56226070771955,118.7311019897461,22847000
2022-08-18,118.61192615288643,119.99240429519782,117.90679043522003,119.34685516357422,17987700
2022-08-19,118.24445362994561,118.33384108294739,115.96021284676502,116.4071273803711,21809500
2022-08-22,114.41089701265592,114.83795189055648,113.07014579319794,113.45747375488281,21456600
2022-08-23,112.70268379096306,114.22220232746935,112.65302325197702,113.080078125,15870400
2022-08-24,112.72254629309008,113.99377732088206,112.09686440266782,112.91124725341797,17734600
2022-08-25,113.45746441845546,115.92047998120505,113.32835763422956,115.85095977783203,16956800
2022-08-26,113.93418519899274,114.33144677016104,109.43521628006215,109.58418273925781,37245700
2022-08-29,109.236581726649,110.1900049513534,108.05473821304507,108.67048645019531,21191200
2022-08-30,109.41534942426527,109.74309078993296,107.0615884349693,108.19377899169922,27513300
2022-08-31,109.89207703712617,110.09070405692138,107.38933415574992,107.47872161865234,28627000
2022-09-01,107.53829818348746,109.69343221359867,106.62460185419623,108.98829650878906,28360900
2022-09-02,109.83246571965539,109.98143974980776,106.52528165136928,107.11123657226562,24160700
2022-09-06,106.56501818821323,107.29001358215552,105.05542565947091,106.078369140625,25068300
2022-09-07,106.32665101955834,109.22665517213872,106.16775093808137,108.70027923583984,23167000
2022-09-08,107.29994397248697,108.84925579418162,106.4259745612731,107.63761138916016,24238300
2022-09-09,108.32288788088225,110.22973437366748,108.27322734192177,109.8920669555664,23197700
2022-09-12,110.22973851202329,110.85542798702407,109.17700172532125,110.10063171386719,22966800
2022-09-13,107.06158881718635,107.55816389040682,103.3769951060123,103.60542297363281,38172900
2022-09-14,103.85370686767357,104.55884253765855,102.94994420622076,104.28076171875,26395100
2022-09-15,103.31740907499702,104.54891314157877,101.64891651695895,102.20508575439453,34188300
2022-09-16,101.37082992122032,102.42356659752467,100.24857304133235,102.09583282470703,42797200
2022-09-19,101.05302529143925,102.62220430858018,100.85439829715003,102.36398315429688,23036800
2022-09-20,101.38076814646514,101.66878259642567,99.8314487750522,100.44720458984375,26517100
2022-09-21,100.97357330597262,102.17528407076615,98.59001144532336,98.59994506835938,31487300
2022-09-22,98.14309788632383,100.54651943978457,98.1133045940541,99.45405578613281,34298600
2022-09-23,98.94754744299671,98.97734831250827,96.802347043361,98.06364440917969,31625400
2022-09-26,97.42801550720847,99.19582133156734,97.13007504730305,97.4975357055664,27072700
2022-09-27,98.74891812315998,99.3150133964343,96.20645620489421,96.83213806152344,30072800
2022-09-28,96.98112295479517,100.01022665623634,96.44482091315537,99.36468505859375,32466300
2022-09-29,97.96433766405387,97.96433766405387,95.30269475589749,96.75269317626953,31047200
2022-09-30,96.38522371736838,98.22254995330734,94.90542455938035,94.99481201171875,32941500
2022-10-03,96.09722046475382,98.6098893889168,95.85885894883667,97.96434020996094,27982000
2022-10-04,99.75200186201134,101.14240598760246,99.692407701533,100.94377899169922,28850800
2022-10-05,99.14617560006744,101.23178927988525,98.12323221664604,100.73521423339844,22176900
2022-10-06,99.99035181341513,102.2249395259523,99.90096436480401,100.72528076171875,22324000
2022-10-07,99.16604271542337,99.84138513244945,97.6266645019863,98.00405883789062,27502800
2022-10-10,98.321857225074,98.42117071694531,96.34549070144016,97.18966674804688,18225100
2022-10-11,96.76262317947702,98.57015621966407,95.65029224046398,96.51433563232422,26507100
2022-10-12,96.63351005621553,98.07357470456819,96.07734083455361,96.8917236328125,21876400
2022-10-13,94.49823387339498,99.09651612531559,93.73350405042449,98.3814468383789,34574500
2022-10-14,99.30508010298726,100.0002897453495,95.70988145547351,95.89857482910156,25410700
2022-10-17,98.18282006159207,100.23864047742966,98.1530267707607,99.28521728515625,28419200
2022-10-18,102.42356970435209,102.76124468709659,99.28521924820954,100.0797348022461,24060700
2022-10-19,99.32494982352485,100.32802603161117,98.2424122068316,98.94754791259766,23811100
2022-10-20,99.3150105759876,101.61911851826515,98.70918840530337,99.28521728515625,25323200
2022-10-21,97.17973248327009,100.61603080380956,97.05062570240428,100.43726348876953,32458700
2022-10-24,101.10268728739813,102.04617688958683,99.29515433560225,101.8177490234375,27176400
2022-10-25,102.19514899283054,104.10199540713289,102.01638166791882,103.76432800292969,40611400
2022-10-26,95.76947228115439,97.63659189413852,94.0413930873747,94.27974700927734,88114100
2022-10-27,93.87255109519647,94.77632139039405,91.17118898720857,91.58831024169922,60710900
2022-10-28,91.63796414593529,95.88865329835012,91.49892372634271,95.63043212890625,43697300
2022-10-31,94.76638013798231,95.37220230141001,93.33624915526933,93.86261749267578,31675000
2022-11-01,94.79617956491805,95.37220847515945,89.75098252011932,89.85029602050781,47161400
2022-11-02,90.31708276412759,90.55543669356862,86.2848877482699,86.37427520751953,57038300
2022-11-03,85.72871605197531,85.92734304048008,82.76912542959708,82.85851287841797,61288000
2022-11-04,84.81502104184743,86.04652505857264,83.13659492864404,85.9869384765625,51124900
2022-11-07,86.68214691275777,88.29105293982344,86.2550920302293,87.88385772705078,34078900
2022-11-08,88.2910385131836,89.70130972658177,86.99000683129465,88.2910385131836,30429000
2022-11-09,87.84412735927378,88.82735145908663,86.68214350727783,86.72187042236328,31769100
2022-11-10,91.61809793205568,93.74343856788602,90.98248246585224,93.29652404785156,51620100
2022-11-11,94.04139140730278,96.26604565196418,93.27666153820596,95.7496109008789,33090500
2022-11-14,94.43864192776208,96.12700168973441,93.86262061279506,95.04446411132812,30179500
2022-11-15,97.58693396732818,99.45405348533612,96.04754823383983,97.76570129394531,41640800
2022-11-16,97.22940766449523,98.9574869187849,96.97118648673039,98.17289733886719,29105200
2022-11-17,96.30577068517638,98.59994509335151,96.12700335615402,97.68624877929688,26052600
2022-11-18,98.09343657704217,98.2225509453757,95.70988228857895,96.76261901855469,28342300
2022-11-21,96.62357845131895,97.72597571769823,94.70679836967275,94.94515228271484,21647400
2022-11-22,95.29275218122933,96.55405709268237,93.40577299121226,96.38522338867188,23438500
2022-11-23,96.4249422059745,98.08350867690265,96.4249422059745,97.78556060791016,18868100
2022-11-25,97.56707539206505,97.96433699508836,96.73283284513745,96.79241943359375,9701400
2022-11-28,96.37529110822086,96.9115930964902,94.95508609589683,95.39207458496094,26237500
2022-11-29,95.07427352253981,95.46160150065352,93.46536744466647,94.53797149658203,20061700
2022-11-30,94.17049833327081,100.34789357132563,93.77323675188165,100.29823303222656,43647500
2022-12-01,100.32802632483222,101.54960436160536,99.563304031794,100.29823303222656,28687100
2022-12-02,98.37152838636051,100.07974033162778,98.22255434389345,99.75200653076172,21480700
2022-12-05,98.71913015086434,100.68556327887788,98.32186856044572,98.798583984375,24405100
2022-12-06,98.61982018972196,99.09652805363879,95.75954269768152,96.31571197509766,24910700
2022-12-07,95.74960470986467,96.21637889173988,94.0711786173766,94.2896728515625,31045400
2022-12-08,94.72665114806772,94.92528570876573,92.80987120585085,93.0680923461914,32213300
2022-12-09,93.12768592936698,93.61433495682455,92.11467611359325,92.19412994384766,28225400
2022-12-12,92.07494125173915,92.91911728821455,90.98247769999843,92.67082977294922,29420000
2022-12-13,97.09035971387452,98.8482321260313,94.3790565003639,94.97494506835938,40593700
2022-12-14,94.5479071674723,96.20647395583491,92.95886817536451,94.4188003540039,28733600
2022-12-15,92.49207267577248,92.99858138446136,89.39344899234517,90.23762512207031,40107000
2022-12-16,90.13830631838147,90.70440157933497,88.90679472353236,89.64173126220703,58011800
2022-12-19,89.64173089197104,89.93967137816473,87.6057701392111,87.83419799804688,29493000
2022-12-20,87.50645464738024,88.56912493587465,86.84104590854801,88.41021728515625,23453800
2022-12-21,88.46981744062983,89.60200800878793,87.71502120281298,88.96639251708984,24745600
2022-12-22,87.55612082820765,87.93351515729785,85.72872061278274,87.15885925292969,27658300
2022-12-23,86.5133086638046,88.93659741222335,86.47358174924135,88.61878967285156,23003000
2022-12-27,88.19173478905765,88.33077520142463,86.4139951427837,86.79138946533203,20097300
2022-12-28,86.38420166698455,87.43693838041416,85.35132462222182,85.43077087402344,19523200
2022-12-29,86.02667237661274,88.24139306203571,86.01673875309298,87.84413146972656,23333500
2022-12-30,86.3842031844642,87.69516107639714,85.97700798686586,87.62564086914062,23986300
2023-01-03,88.97631091009568,90.42631667651999,87.91364064095848,88.50953674316406,28131200
2023-01-04,89.73110905085134,90.02905710848832,86.67220495736261,87.4766616821289,34854800
2023-01-05,86.8708478238016,86.97016132679408,85.3116023377022,85.60954284667969,27194400
2023-01-06,86.19550170469084,87.0893383476196,84.2787216281847,86.74172973632812,41381500
2023-01-09,87.75474345560666,89.4331695495465,87.25816840553064,87.41706848144531,29003900
2023-01-10,85.39105735353961,88.06262623356912,85.24208330842042,87.81433868408203,30467800
2023-01-11,88.56912181311864,90.97254311699143,88.40028812303342,90.8930892944336,26862000
2023-01-12,90.85336876771541,91.2406966761837,89.13521586883971,90.5057601928711,30258100
2023-01-13,90.22768590186173,91.55851098824732,89.51261661092427,91.4889907836914,26329200
2023-01-17,91.42938739508597,91.6180883214605,89.43316133272342,90.66466522216797,32602400
2023-01-18,91.50885948679696,92.16434226058483,90.01913417597157,90.495849609375,29116700
2023-01-19,90.09858641353043,92.96878985532521,90.00919895635575,92.41262817382812,37000400
2023-01-20,94.44857523506278,97.62666017673301,94.36912140666584,97.34857177734375,63191100
2023-01-23,97.2790527522602,99.35474047579733,96.83213822208886,99.10645294189453,40005100
2023-01-24,97.42803093472394,98.9276898249223,96.5341942592039,97.03076934814453,33078500
2023-01-25,94.91535768313268,95.50132020032594,93.11775837133916,94.56775665283203,42330000
2023-01-26,95.83898757649443,96.90165791285827,94.7266567027606,96.85199737548828,30114000
2023-01-27,96.6434366363265,99.63282064646212,96.6434366363265,98.6893310546875,33879800
2023-01-30,96.81228775121231,97.61673701280314,95.73968368433458,96.27598571777344,27226200
2023-01-31,96.20645682604395,98.20268315266414,96.15679628817142,98.16295623779297,29870700
2023-02-01,98.03385353408179,100.49686931883123,96.91159655644073,99.74207305908203,35531100
2023-02-02,105.07529269327897,107.11124602798093,104.8865917332853,107.00199890136719,69883800
2023-02-03,102.22494486291488,107.07151484914603,101.87734382713276,104.06227111816406,65309300
2023-02-06,101.69857720610024,103.64515059717341,101.1821348832258,102.19515228271484,31999600
2023-02-07,102.51295036884817,107.43897375542892,102.41363687831044,106.90267181396484,49010200
2023-02-08,101.35097370371372,102.43350370738915,97.36843956449569,98.6893310546875,94743500
2023-02-09,99.31501673753093,99.34481003021067,92.9886474435818,94.35919952392578,119455000
2023-02-10,94.79618010978967,96.08727835366426,93.60440294400885,93.92221069335938,54980700
2023-02-13,94.0910437433125,94.54789190623137,93.19720708667369,93.9619369506836,50076100
2023-02-14,93.78317606675209,94.20029734281495,91.62804189662572,94.03146362304688,54726100
2023-02-15,93.84276310807108,96.45475306225306,93.50509566690675,96.27598571777344,50169000
2023-02-16,94.7167258913076,97.01090015224685,94.09103649131777,94.85576629638672,42462600
2023-02-17,94.20029519403576,94.9054309285721,92.57152946806612,93.70372009277344,34284100
2023-02-21,92.36297340750001,92.46228691724235,91.09174229767389,91.16126251220703,33629300
2023-02-22,91.07186976029493,91.4790649768656,89.98933968584355,91.022216796875,30884000
2023-02-23,91.29035364966276,91.31022089448263,89.14515341427997,90.26741027832031,41206400
2023-02-24,88.8273595699799,89.27427414551435,87.97324976048894,88.51947784423828,36585100
2023-02-27,89.25440979003906,89.54242425273972,88.72803382757155,89.25440979003906,27502300
2023-02-28,88.71811217771574,90.60509913680653,88.70817855378289,89.44310760498047,30142000
2023-03-01,89.36365638021726,90.40645952118473,89.05577467248298,89.74105072021484,31111200
2023-03-02,89.0458443432277,91.64789283593468,88.97631656003954,91.36981201171875,32204400
2023-03-03,91.8465229964728,93.08796060004295,91.81672212919472,93.00850677490234,35160100
2023-03-06,93.37598093858426,95.31262842606304,93.35612126799852,94.47837829589844,32639300
2023-03-07,94.32941012372648,95.01467861504145,92.88933777532736,93.21707916259766,27835500
2023-03-08,93.47529384441702,95.30268646381667,93.3561130999254,93.60440063476562,34103300
2023-03-09,93.40576740123382,94.87562526615336,91.27049322874895,91.68761444091797,28813500
2023-03-10,91.53864552759404,92.15440133504755,89.78077313404465,90.00919342041016,35941000
2023-03-13,89.47289113745587,91.93590678175909,88.80748237211967,90.48590850830078,37335600
2023-03-14,91.92597905952277,93.71365243038926,91.80680588622143,93.32632446289062,36050200
2023-03-15,92.58144947002774,96.26603527001882,92.00542061880317,95.45165252685547,50622100
2023-03-16,95.54104620710785,100.49687116053911,94.84584409797657,99.63282775878906,65492000
2023-03-17,99.57322735757973,102.13554875942927,99.41431971060388,100.92391204833984,61028500
2023-03-20,99.43420102629747,101.05303312899842,99.18591347561197,100.52666473388672,32960400
2023-03-21,100.55645742962116,104.38008417201192,100.52666413605763,104.2013168334961,42110300
2023-03-22,103.55575527784055,105.85986315524171,102.62219935716337,102.66192626953125,43427400
2023-03-23,104.34035358194444,105.5718652382067,103.7444650002461,104.87665557861328,40797800
2023-03-24,104.27083604812334,104.76741114179761,103.12871181724563,104.71775817871094,30393300
2023-03-27,103.90336362277968,104.0424040271739,101.23178749509955,101.7581558227539,31120900
2023-03-28,101.7383046499017,101.74823069594882,99.05679467597474,100.33795928955078,32057900
2023-03-29,101.57939865477051,101.7879592821989,99.96056659779713,100.69549560546875,28779600
2023-03-30,100.21878081953102,100.46706834599645,99.09651635054152,100.19891357421875,33086200
2023-03-31,100.60611500458978,103.1783703015433,100.34789383942677,103.01947021484375,36863400
2023-04-03,101.68864224254398,103.81398293626825,101.23179408733668,103.64514923095703,25035400
2023-04-04,103.61536519319347,104.85680297924111,103.32735071757422,104.00269317626953,24420100
2023-04-05,105.05541876730959,105.37322650348958,102.9499453565425,103.75439453125,28290500
2023-04-06,104.53899451373599,108.42220794255289,103.61536450397485,107.6773452758789,48711500
2023-04-10,106.24719364962533,106.85300819756863,104.39993398580671,105.71089172363281,27067400
2023-04-11,105.82014926393511,105.99891659022042,103.9629557951451,104.62836456298828,26311800
2023-04-12,105.84994678392115,106.01878049406454,103.62528495080397,103.92323303222656,24370300
2023-04-13,105.11501713164577,106.75371653320566,105.11501713164577,106.69412994384766,24843600
2023-04-14,106.15782680132989,108.19378779069612,106.10816625929272,108.124267578125,26578000
2023-04-17,103.94310106029505,105.43282632433963,103.80405306468714,105.24412536621094,37571200
2023-04-18,105.76055392984837,105.81021446659526,103.3571324631272,103.78418731689453,26596400
2023-04-19,102.87048871639287,104.26090036560062,102.36398004606087,103.46637725830078,20905700
2023-04-20,103.19823452834045,105.52220221540108,103.15850761354443,104.56877899169922,27820800
2023-04-21,104.74754434617613,105.27391269732128,104.06226833884085,104.68795776367188,25800100
2023-04-24,104.76740994777748,105.89960054228061,103.98282039945786,105.24412536621094,23542800
2023-04-25,105.10508198445909,105.95919171793508,103.12870773434398,103.13864135742188,46664100
2023-04-26,104.20131406851206,105.62151911538743,101.92699926885099,102.99960327148438,53347600
2023-04-27,103.73452888709065,107.62768318681694,102.83076620158695,106.85301971435547,50089200
2023-04-28,106.30679582140083,106.61466995148949,104.37014843058833,106.604736328125,36139800
2023-05-01,106.10816356457741,107.25028780821327,106.08830389454782,106.4656982421875,26681700
2023-05-02,106.4061047175776,106.46569130091618,102.99959945592909,104.59857177734375,30997200
2023-05-03,104.80713092868038,106.75370425420495,104.2410356634877,104.68795776367188,21795400
2023-05-04,104.76740065591308,104.87664777175794,103.2578158561728,103.97288513183594,23419500
2023-05-05,104.10200016796126,105.1547369199555,103.39686445887698,104.84686279296875,26639300
2023-05-08,104.45952890885576,107.22048500326504,104.43966924058789,107.03178405761719,26511400
2023-05-09,107.64753918803392,109.39548549302289,106.45576209384788,106.61466217041016,36360100
2023-05-10,107.2304212898766,112.16637867324104,107.1906943752199,110.98452758789062,63153400
2023-05-11,114.60953101340723,117.11226610524719,113.62631446773452,115.77151489257812,78900000
2023-05-12,115.88076166873074,117.22151287736642,115.31466637721192,116.705078125,41102300
2023-05-15,115.31466773479636,117.66843638362967,115.21535423245682,115.71192932128906,36266800
2023-05-16,115.69206549343929,119.92288749691578,115.63247890570157,118.6913833618164,45035600
2023-05-17,118.79069754797297,120.83658456146485,118.07562818248286,120.01226806640625,33323600
2023-05-18,120.12150510967228,122.46534002102402,120.00233194352047,121.98863220214844,35234200
2023-05-19,122.70369499958592,125.10711636653988,121.31328337686475,121.91910552978516,41353400
2023-05-22,122.0978806379514,125.56397250500119,121.89924606366814,124.19342803955078,35253000
2023-05-23,123.30952047024783,123.77629465403467,121.37287322241473,121.72047424316406,34046300
2023-05-24,120.29035552447165,121.07494509546325,119.03898414491616,120.07186126708984,34182600
2023-05-25,123.66704760178328,124.46157071574463,121.12458576052133,122.6341781616211,42317000
2023-05-26,122.32629304543168,124.40198064443256,121.61122377835261,123.75643157958984,35635900
2023-05-30,124.7793829644057,124.79925021039784,121.16431706152757,122.8228759765625,35076700
2023-05-31,121.90917771682845,123.210201954541,121.66089018583695,122.02835845947266,37325800
2023-06-01,121.97869907015976,123.56773776803037,121.78007207435125,122.8725357055664,30772700
2023-06-02,123.14068238937887,125.28589030532665,122.91226210287383,123.81602478027344,26980100
2023-06-05,123.16055782498627,126.55712967396519,122.99171653318454,125.14685821533203,32305500
2023-06-06,125.14685941446244,127.41123309167713,124.50131026598763,126.43795013427734,26638300
2023-06-07,126.10026297531071,128.15607569719742,121.28348675150453,121.66088104248047,52539000
2023-06-08,121.39273980488107,122.38588990281892,120.40951575238618,121.30335235595703,29389200
2023-06-09,121.41261327135108,122.9122722112698,121.07494583670085,121.39275360107422,23778300
2023-06-12,121.94889950704935,123.20027073226454,120.82664264189053,122.79307556152344,28306400
2023-06-13,124.1239051576865,124.30267248212147,122.33623191333673,122.98178100585938,22278300
2023-06-14,122.25678069993417,123.20027787907088,120.61808145375716,122.8228759765625,30592300
2023-06-15,122.2964994259107,124.60060729299288,121.56157049323058,124.23313903808594,35246300
2023-06-16,125.06739200928554,125.24615932981803,122.43554273699836,122.68383026123047,45535600
2023-06-20,122.08794120508804,123.7167067510306,121.30335172255789,122.25677490234375,26097500
2023-06-21,121.56157701225514,121.8197981667708,119.2773286902029,119.72425079345703,30306300
2023-06-22,119.17801777862638,122.39582213705168,118.01603392379701,122.30644226074219,26952200
2023-06-23,120.54856042408845,121.94890574873948,120.23075268459189,121.50198364257812,34913600
2023-06-26,119.93281761712151,121.16432171624635,117.45986821835962,117.52938842773438,33969900
2023-06-27,116.27800976319202,118.26430986474104,115.30471937949422,117.51944732666016,39535900
2023-06-28,116.28794321343172,119.56534162054723,116.04958930766475,119.35678100585938,27091400
2023-06-29,118.42322010037552,119.23760290884682,117.48966412494475,118.2841796875,24090900
2023-06-30,119.3468553444313,120.25062564550082,118.87014750109746,118.88007354736328,29532200
2023-07-03,118.42321450872616,119.3667116396996,118.00609328979502,119.07869720458984,14467900
2023-07-05,118.42322188319095,121.77014061981656,118.4132958372177,120.91603088378906,27584800
2023-07-06,118.9793954589323,119.47597055253863,117.58898368140763,119.28726959228516,24745200
2023-07-07,119.27732351982279,120.22082064548265,118.5821214921861,118.66157531738281,21709500
2023-07-10,117.48967002628223,117.49959607260462,115.34446198765048,115.65233612060547,35315200
2023-07-11,115.49343222262571,116.9037036216299,114.55986865395298,116.33760833740234,23078800
2023-07-12,117.98623440184863,119.50575283595185,117.59890647069032,118.11534118652344,30404400
2023-07-13,120.10165493888594,123.97494226494403,119.62493950517667,123.68692779541016,44297900
2023-07-14,123.94514195311505,125.91157501012879,122.64411010204061,124.5608901977539,33283100
2023-07-17,125.07733004581449,126.22938025879756,123.34924336063862,123.7961654663086,25716200
2023-07-18,123.74651211456384,123.8259659482479,122.11774640971387,122.91226959228516,26193600
2023-07-19,123.74651033261091,124.32253925282353,120.96569438792449,121.1941146850586,37224000
2023-07-20,120.58829377086548,123.24000294908879,117.41021620638075,118.38349914550781,37906800
2023-07-21,119.79376445227325,120.16122512966996,117.91671142173931,119.19786834716797,72937900
2023-07-24,120.8266470185418,122.15746453991983,120.15130463507315,120.6975326538086,29686100
2023-07-25,120.52871049183973,122.30645028289673,120.19103547920881,121.37288665771484,52509600
2023-07-26,129.1790446188331,130.08279971943918,127.44103189219841,128.384521484375,61682100
2023-07-27,130.76808123057597,132.32733427349476,127.90780388799678,128.5136260986328,44952100
2023-07-28,129.8841712389039,132.82390225649658,129.67561820048323,131.67184448242188,36591200
2023-07-31,131.82082387376738,132.61534707710356,130.87733419979864,131.81089782714844,28055500
2023-08-01,129.884165463508,131.72149916208852,129.78484439440243,130.64889526367188,23166800
2023-08-02,128.56327304220613,129.1988884784206,126.68622002320818,127.5006103515625,26273300
2023-08-03,127.09342158195221,128.50369292843845,126.54718598719074,127.57012939453125,20089500
2023-08-04,128.39443612234567,130.60915647117096,127.0338254151786,127.23245239257812,26147200
2023-08-07,128.27528247274873,130.7084974129968,128.1362420519994,130.62904357910156,22746300
2023-08-08,129.72525263284138,130.60915555721093,128.65264877726932,130.49990844726562,23535200
2023-08-09,130.75815086279874,131.1355376104998,128.11636785754888,128.7718505859375,24912900
2023-08-10,130.42049066551243,131.14548606346665,128.56328949903425,128.80165100097656,20857800
2023-08-11,127.77868690101995,129.0399765320376,127.2920379292445,128.67251586914062,19591100
2023-08-14,128.5036910412777,130.4701239992725,128.07664377163357,130.43040466308594,24695600
2023-08-15,130.20200257868774,130.51980277539664,128.39446186710262,128.8910369873047,19770700
2023-08-16,127.81842041015625,129.3875994550616,126.99411154985026,127.81842041015625,25216100
2023-08-17,128.91088665122683,131.08588780571418,128.40437039897924,129.03005981445312,33446300
2023-08-18,127.6297171477929,128.3646536960574,125.51431010865518,126.5869140625,30504800
2023-08-21,126.30882582321787,127.84820388077635,125.69307005391427,127.49066925048828,25248700
2023-08-22,127.62971321202188,129.38759312280365,127.4410274236173,128.19581604003906,22054900
2023-08-23,129.28828598704578,132.49617204970477,128.98041184919285,131.46328735351562,27819700
2023-08-24,133.03247167127745,133.3304197742527,128.68248392321104,128.8910369873047,28500700
2023-08-25,128.65267385059113,129.8643183409359,126.37836649664419,128.9903564453125,26762900
2023-08-28,130.41054267784654,131.63211310890395,129.24855883060624,130.1125946044922,20543300
2023-08-29,131.33418219305656,135.6345241905877,131.33418219305656,133.64822387695312,43075600
2023-08-30,133.85677802438667,135.34650327186472,133.15164989363763,134.94924926757812,28315800
2023-08-31,135.0783360036038,137.05471010485502,134.8598417751532,135.23724365234375,30053800
2023-09-01,136.51841658197364,136.51841658197364,133.9262942685733,134.73074340820312,21543700
2023-09-05,134.5122549790437,135.48553785563058,133.65814526775816,134.83999633789062,19403100
2023-09-06,135.08828269985364,135.59478380227105,132.7543738711037,133.53897094726562,18684500
2023-09-07,132.6749068695992,134.65128085502647,132.03929146615658,134.33346557617188,18844300
2023-09-08,133.98589926905944,135.72391214694886,133.9263126807864,135.44583129882812,23558300
2023-09-11,135.60471479290905,136.53827835845289,134.85985218052008,135.98211669921875,20763400
2023-09-12,135.326614277256,135.9324363867072,134.26395165172022,134.4129180908203,18405500
2023-09-13,134.1646460710429,135.96224536352338,133.231082533579,135.7735595703125,20749500
2023-09-14,136.6574624161584,137.74991845433803,135.30677764834488,137.15403747558594,24751000
2023-09-15,137.03486072317858,137.57117031901896,135.5451354191522,136.45883178710938,38919600
2023-09-18,135.6742440861328,138.2067800272706,135.6742440861328,137.26329040527344,21861300
2023-09-19,136.4786884171114,137.46191249681675,135.6841652859194,137.0944366455078,20353700
2023-09-20,137.1341818172231,137.1341818172231,132.70472524498294,132.82391357421875,29927500
2023-09-21,130.53965894518316,131.32424090064023,129.17904808066385,129.5465087890625,31503900
2023-09-22,129.86428913269586,131.12559388160363,128.71224664472,129.3577880859375,26397300
2023-09-25,128.94068310930032,130.27150064557682,128.0766473461499,130.2119140625,20094600
2023-09-26,128.8811005871863,129.46705554492908,126.34856464674498,127.68932342529297,25718700
2023-09-27,127.68930612014735,130.00333234503205,127.68930612014735,129.6457977294922,22746500
2023-09-28,128.9505896047775,132.38689519915357,128.90092907498644,131.40367126464844,22513100
2023-09-29,132.36704447692242,133.13177429920455,129.46704799551972,129.963623046875,30859800
2023-10-02,130.31124518071243,133.49924885517964,130.27151068608651,133.25096130371094,22288000
2023-10-03,133.0225239837871,133.34032412879503,130.93690275652745,131.52285766601562,22989400
2023-10-04,131.880399206417,134.64137051208016,131.6221856279351,134.31362915039062,26752300
2023-10-05,134.14479064941406,134.56191187093788,132.53587719008763,134.14479064941406,19832600
2023-10-06,133.0920354756824,137.2136173603073,133.0920354756824,136.63758850097656,27597600
2023-10-09,136.00200459125065,137.98830519248574,134.6811128729168,137.47186279296875,19278100
2023-10-10,137.55129206777264,138.76293643045838,136.3893082421022,137.1143035888672,27786600
2023-10-11,137.63075788905127,140.14342670743898,137.63075788905127,139.58726501464844,25884300
2023-10-12,140.08385134419635,140.252685074874,137.31295355050784,138.01809692382812,24765500
2023-10-13,138.42529630545584,139.04104465384177,135.68419172640367,136.41912841796875,23420500
2023-10-16,137.22354879733518,138.67355462493762,137.04478905169177,138.14718627929688,28501900
2023-10-17,137.6804245719955,138.94171448359813,136.24034458016837,138.76295471191406,23515800
2023-10-18,138.49476796952968,139.75607274460307,136.4389552977886,137.01498413085938,23375000
2023-10-19,137.55130492277888,138.70336281042037,136.43898153017037,136.8064422607422,26066000
2023-10-20,136.38930324394852,136.92559762296315,134.15471554856344,134.67115783691406,26335700
2023-10-23,134.11499648001524,136.7170603116326,133.0324663979107,135.56500244140625,26317900
2023-10-24,136.88589368436072,138.40541227579737,136.47869846593147,137.8591766357422,44814300
2023-10-25,127.28212386646624,127.43109032375405,124.21328603505674,124.74958801269531,84366200
2023-10-26,122.42561458962273,123.47835889189942,120.43931430693331,121.44239807128906,57061100
2023-10-27,122.03829614641333,122.46535104354086,119.38658688098961,121.33316040039062,44566500
2023-10-30,122.36602995491228,124.54103122378429,121.90918179187298,123.60746765136719,28940100
2023-10-31,124.20335492205861,124.51123661998803,121.84959392373723,123.23007202148438,26292300
2023-11-01,123.22013718892472,125.62355870184368,122.87253615641731,125.58383178710938,30082400
2023-11-02,127.5403521341741,128.09651384446602,126.06056039664168,126.6167221069336,27124600
2023-11-03,127.1430941962939,128.64274555866953,126.9841865255831,128.2156982421875,26393100
2023-11-06,128.16601111139252,129.44716794931844,127.78860926031781,129.3577880859375,19052700
2023-11-07,129.8146623938561,131.00643953950896,128.99034595326017,130.0728759765625,29757300
2023-11-08,130.0728691738139,131.30438074733325,129.88416823105302,130.93690490722656,26425800
2023-11-09,131.05610465685587,131.64205962708724,129.17905141944397,129.34788513183594,23747800
2023-11-10,129.20882874695465,131.8903308755952,128.5235527815123,131.6817626953125,26913300
2023-11-13,130.87733703282254,131.6817863001911,130.3509686195006,131.18521118164062,18324800
2023-11-14,133.27083007070482,134.7704814431392,132.4067942311074,132.70472717285156,32395200
2023-11-15,133.94616352823743,134.1050711983341,132.6550803829433,133.6978759765625,23861500
2023-11-16,134.26397851452822,136.28007221647312,133.3999426863431,135.99205017089844,28013200
2023-11-17,135.06843957763004,135.12802617040742,132.73453033204356,134.38316345214844,37240600
2023-11-20,132.7742344288309,135.72389133009685,132.70470665032983,135.3166961669922,27815500
2023-11-21,135.35641885860446,136.240321830969,135.02869266524024,136.03176879882812,22635300
2023-11-22,136.52834920416745,138.46498892143381,136.52834920416745,137.54136657714844,17813900
2023-11-24,137.0845255620382,137.18384664712832,135.05850575292112,135.7537078857422,12514300
2023-11-27,135.098214546326,137.47184281366268,135.06842125397912,135.47561645507812,23436500
2023-11-28,135.1478847248758,136.30986867209273,134.49240193795245,136.2602081298828,18730000
2023-11-29,136.6276672242787,137.3427213579803,133.916356526449,134.06533813476562,23967200
2023-11-30,134.12493508416668,134.6215101750712,130.3807546555512,131.6221923828125,38988300
2023-12-01,130.95677185058594,131.20505937380074,129.77492081540063,130.95677185058594,31442300
2023-12-04,128.9903436695441,129.1393101272626,127.02390307918412,128.384521484375,36669900
2023-12-05,128.06672315933784,131.23487491745817,127.37152100730603,130.09275817871094,27384800
2023-12-06,130.53966601076132,130.93692003300382,128.99035410803816,129.12939453125,23576200
2023-12-07,134.11499689135425,137.61088985291832,133.77732945899103,135.99205017089844,56767100
2023-12-08,133.2807410653947,135.46566826562713,133.1119073660502,134.06533813476562,32260100
2023-12-11,131.47322847678203,132.4266441834892,130.46021102841993,132.37698364257812,31138000
2023-12-12,130.90714600802636,132.08899735642524,130.36091028133717,131.61228942871094,29032800
2023-12-13,132.4663908404248,132.5855640261378,130.6687912359897,131.6619415283203,30104800
2023-12-14,132.46637833464752,132.8040457651367,128.8016516772407,131.03623962402344,38722400
2023-12-15,130.71842854717318,132.59548187748211,130.2814400208757,131.6917266845703,50847100
2023-12-18,131.72151251769395,136.21054039619156,131.52287035934194,134.8697967529297,32258000
2023-12-19,135.90265968897415,136.52834911810746,135.14787104828332,135.71395874023438,25476800
2023-12-20,138.01808449484534,140.72938029742406,137.12425537662756,137.39239501953125,49107200
2023-12-21,138.53450759923203,139.72628464273828,138.22661835043792,139.4581298828125,27488300
2023-12-22,139.80575888567296,141.01740335058128,139.74617229793478,140.5208282470703,26532200
2023-12-26,140.62012603356706,141.7026560595198,140.22287203546634,140.5506134033203,16780300
2023-12-27,140.62012214444914,141.10677115979163,138.9317699678128,139.40847778320312,19628600
2023-12-28,139.8156753043673,140.1732099604458,138.7927318739171,139.26943969726562,16045700
2023-12-29,138.67355245713628,139.39854778247008,137.82936881563538,138.73313903808594,18733000
2024-01-02,137.60095843072804,138.49478751777463,135.54513031454442,137.2235565185547,23711200
2024-01-03,136.3098554072648,138.67355756715372,136.14102170359678,137.96841430664062,24212100
2024-01-04,137.47184312113336,138.20677969396053,135.41603017325698,135.45574951171875,27137700
2024-01-05,135.81327982358127,136.22047501254474,134.22423355918488,134.80026245117188,22513900
2024-01-08,135.35641092575742,138.05778021979725,135.3266176371977,137.88894653320312,21404000
2024-01-09,137.55131245616278,140.52083722032057,137.20370379980002,139.98452758789062,24759600
2024-01-10,140.03417366063587,142.02047399624772,139.94479378255787,141.30540466308594,21320200
2024-01-11,142.50714182290835,144.22528759654676,139.67665740976778,141.10679626464844,24008700
2024-01-12,141.69271880711432,142.2190871323883,140.8485503393483,141.6728515625,18785500
2024-01-16,141.0273279986293,143.36123702369463,140.48109235933,141.51397705078125,22670500
2024-01-17,140.3817881279767,140.86842203173782,137.94855799209301,140.50096130371094,20968600
2024-01-18,141.0769645983356,143.2221722972094,141.01737802130023,142.49716186523438,25746400
2024-01-19,143.74855374619364,145.44683196408025,143.39101909701728,145.3773193359375,34271900
2024-01-22,146.09240283912362,147.37355994991844,144.84102386819836,144.99000549316406,32200400
2024-01-23,144.89068966831204,146.17184682560335,144.50336167617556,146.03280639648438,21636100
2024-01-24,147.5225193379935,148.8235587881105,147.08554599350785,147.68142700195312,25233500
2024-01-25,149.04202357031832,152.00160624364875,148.51564014323992,150.82968139648438,29149100
2024-01-26,150.06497680942854,151.49510013462074,149.97558178876213,151.1475067138672,26115500
2024-01-29,151.01840096976417,152.72662034492586,150.3927115607608,152.45846557617188,27784300
2024-01-30,151.7533487161558,152.56772397377597,150.15437633934806,150.4225311279297,36331800
2024-01-31,142.63622816638244,143.0136300951665,138.91191488265414,139.14035034179688,71910000
2024-02-01,141.14650041457003,142.08006401958028,139.8256088409139,140.19308471679688,40466500
2024-02-02,138.3060853281464,141.64307045990364,135.56499635195138,141.40472412109375,62499600
2024-02-05,141.84170623324798,144.4735479676609,141.80197174238813,142.69580078125,38505400
2024-02-06,143.65916602671757,144.36430931528574,142.20917526492912,143.11294555664062,29128200
2024-02-07,143.7683892524717,144.62249886284854,142.9440729299003,144.5430450439453,25208900
2024-02-08,144.83108389157408,145.32765895182595,144.10608854680143,144.91053771972656,22563800
2024-02-09,145.6752545299046,148.4163586012769,145.17867946239727,147.9793701171875,26829500
2024-02-12,147.403342720252,148.3170390352505,146.3605320370219,146.51943969726562,21564100
2024-02-13,143.92731874169158,145.6653315141202,142.70574829340842,144.14581298828125,27837700
2024-02-14,145.0793785522992,145.5163670514816,143.10300425982211,144.94033813476562,22704200
2024-02-15,142.15951393413914,142.53691584599866,139.49787876744466,141.79205322265625,37590700
2024-02-16,142.0105467049223,142.20917370588808,139.18006268978624,139.55746459960938,31468900
2024-02-20,138.70336003010283,141.1067816862522,138.53452631527114,140.15335083007812,25144700
2024-02-21,140.4810762102682,141.7125877687313,139.71634640315906,141.57354736328125,23223300
2024-02-22,143.9372392880377,144.00676707032724,141.8218398421828,143.10299682617188,27191900
2024-02-23,142.68585497421924,143.6889309926214,142.44749352487648,142.973876953125,19493800
2024-02-26,141.16635848967314,141.46430655871978,136.44889538495062,136.62767028808594,53641800
2024-02-27,137.0745707916409,138.29614108006908,136.1509333875122,137.92868041992188,33099200
2024-02-28,136.95540871597794,137.06465584590177,134.48247437702784,135.44583129882812,37328600
2024-02-29,136.33967144995103,137.90885073645902,135.46569433992863,137.5115966796875,42133000
2024-03-01,137.4817642909518,137.91875276987585,135.98211306034264,136.2006072998047,31151100
2024-03-04,134.73074347371,134.73074347371,131.00643067415544,132.4365692138672,55999400
2024-03-05,130.97663333896386,132.32731801205793,129.77491511154423,131.76121520996094,40194800
2024-03-06,132.20812771862853,132.6649834022908,129.95368805180595,130.49990844726562,35318600
2024-03-07,131.88039821915834,134.01568007704142,130.70848834758843,133.4595184326172,37738200
2024-03-08,133.29067535913302,137.14408726212994,133.08210718000322,134.48245239257812,39370400
2024-03-11,135.1975450664785,138.147202448987,135.1975450664785,136.72698974609375,32437800
2024-03-12,136.09138316746183,138.42529241309,136.09138316746183,137.5513153076172,27563400
2024-03-13,138.04786134072793,140.12354137422258,138.0379352954484,138.8324432373047,23347200
2024-03-14,140.22286121787153,142.60641533113196,139.49786590784714,142.11978149414062,42753400
2024-03-15,141.52388652336936,142.19922130430962,139.07080461128953,140.21292114257812,49475400
2024-03-18,147.59204880216603,151.10779377020597,146.16191011880434,146.6684112548828,69273700
2024-03-19,147.1451067498252,147.77078094115163,145.07935294376853,146.02284240722656,24070400
2024-03-20,146.98620912870308,147.84031878791893,145.73484550652196,147.7211456298828,21311500
2024-03-21,148.44616000360566,149.33998911224745,145.89375674311398,146.58897399902344,24755600
2024-03-22,148.09853690756384,150.54169280238673,147.959496500819,149.73724365234375,29211800
2024-03-25,148.91295409681547,149.34994264085142,146.8074803711192,149.0420684814453,19229300
2024-03-26,149.1910248920745,151.21704464082924,148.9526633875218,149.637939453125,22149100
2024-03-27,150.14443724209133,150.60129299369396,147.88005603945206,149.83656311035156,22879200
2024-03-28,149.8167100033746,150.39272376928287,149.14136000396124,149.89614868164062,24485400
2024-04-01,149.65778808095055,154.67319901919112,149.5783342559848,154.42491149902344,31730800
2024-04-02,152.44856017882478,153.64033742298443,151.10780130772653,153.5012969970703,24586000
2024-04-03,152.54787531244028,154.01773335108788,151.6838243418592,153.85882568359375,24705000
2024-04-04,152.4485276124987,153.70983237730817,149.41941702973583,149.49887084960938,34724700
2024-04-05,149.00231646564103,152.36909488318793,148.57526917325976,151.4553985595703,23459200
2024-04-08,151.73347855806227,154.20642788470977,151.56464485123763,153.789306640625,20702000
2024-04-09,155.02079697777037,157.47387896093983,154.1269679407953,155.52731323242188,31079500
2024-04-10,155.1400081386409,155.53726217928414,153.62047430521832,155.0704803466797,22838600
2024-04-11,155.835209096074,158.58622437276043,155.38829451519794,158.31808471679688,27166400
2024-04-12,156.87801737370006,159.12253144332848,156.0636269091037,156.6495819091797,25353700
2024-04-15,157.77184090027146,158.1492428244945,153.5310853159215,153.7992401123047,27136500
2024-04-16,153.13383890244066,154.5838297756546,152.37903501651604,153.34239196777344,20779500
2024-04-17,154.55404155336925,156.0040476284453,153.5211719311902,154.4050750732422,21763100
2024-04-18,154.2759364510269,155.86498270934086,153.56086715021243,154.94134521484375,19883000
2024-04-19,155.13006297338708,155.288970647292,151.2567831361415,153.03451538085938,32615600
2024-04-22,153.25298111285292,156.56017258323456,153.00469360145132,155.20948791503906,26446200
2024-04-23,155.88486592805785,157.8810924240559,155.2095158950794,157.1759490966797,21151600
2024-04-24,156.41122759408012,158.47698179082704,156.093412261841,158.0399932861328,22779100
2024-04-25,150.2934175121377,155.4180760423038,149.8365617646382,154.93142700195312,57109700
2024-04-26,173.17557717250597,173.5132597219651,168.48790751293603,170.77215576171875,64665300
2024-04-29,167.90195708676399,168.3886061017505,164.07833821221814,165.0118865966797,45610000
2024-04-30,164.4755947325024,166.94854402823327,161.48621827680026,161.66497802734375,33562900
2024-05-01,163.1745831231535,165.97525884524785,161.9728646968349,162.7375946044922,33493200
2024-05-02,163.6611865828327,165.5879000634434,162.76735761859345,165.47865295410156,24294500
2024-05-03,166.41225210147184,166.8095212907781,161.93314996621794,166.09445190429688,34662400
2024-05-06,166.31293186931515,166.98826670166156,164.89271926535207,166.94854736328125,21871300
2024-05-07,167.34581739885093,170.5834817636119,167.23657026500135,170.0769805908203,28039700
2024-05-08,167.84238566808955,168.98450234909356,167.58417206875262,168.21978759765625,19569100
2024-05-09,168.22970402279228,169.5208022541753,167.02798566826758,168.79580688476562,15346700
2024-05-10,166.8790331962516,168.6865739025671,165.05164039626032,167.49478149414062,29799900
2024-05-13,163.13485206008403,168.1204704803673,162.87663845465653,167.98143005371094,31327600
2024-05-14,168.60709956951226,170.0769574991566,167.64374274389093,169.17318725585938,25127100
2024-05-15,169.46121142592096,171.46736377620064,169.3420231054926,171.3283233642578,26948400
2024-05-16,172.102989637879,173.920456302831,171.50710861685377,172.9868927001953,27867900
2024-05-17,172.9868768718215,175.06257209479978,172.50024302231847,174.85400390625,24479300
2024-05-20,174.9831344869509,177.545463796925,174.8738873598263,175.7081298828125,22554400
2024-05-21,175.68823970353955,176.92967727960828,174.60570977423177,176.63174438476562,16989400
2024-05-22,175.4300580897296,175.9365592574652,174.00986051813194,175.17184448242188,17880000
2024-05-23,175.85709871415395,177.02900857965074,171.7653099220249,172.3612060546875,21024900
2024-05-24,173.78144063389615,174.56603788159174,172.46054887546742,173.7913818359375,16579400
2024-05-28,173.25502605080788,176.0557165120748,173.17557222698463,175.19166564941406,20572200
2024-05-29,174.22831711133614,175.62866240818713,173.52318901724615,174.69509887695312,23388700
2024-05-30,173.99989089968412,174.01975814446928,170.6132454915233,170.93106079101562,22931500
2024-05-31,170.68278964567202,171.87456682456684,168.2793680411912,171.3184051513672,37638900
2024-06-03,171.35813618142186,173.33451061963038,169.9875991516087,171.98382568359375,27459100
2024-06-04,172.09306246094846,172.6591653391861,170.71258431304562,172.5995635986328,26879600
2024-06-05,173.99989738382425,175.43996202192773,172.73859249264606,174.20846557617188,22068500
2024-06-06,174.69509279578756,175.9365303942632,174.5461263456775,175.5194091796875,23251000
2024-06-07,175.83723941639084,176.65161466995326,173.10607646773101,173.26498413085938,19661400
2024-06-10,173.9709162293112,176.0489786130458,171.77352873315732,174.01068115234375,23726700
2024-06-11,175.21378603801926,175.83024098669136,172.77777855811084,175.6114959716797,21540600
2024-06-12,177.23217556405126,179.379845400023,175.10439577424404,176.77479553222656,27864700
2024-06-13,175.10440825817855,175.7308157979112,173.8814358359176,174.1598358154297,20913300
2024-06-14,173.2251852008677,176.04896483669535,173.1555776264317,175.78050231933594,18063600
2024-06-17,174.45814641535225,177.3415816167514,173.8118487518229,176.2279815673828,19618500
2024-06-18,176.1285226693017,176.3770951589655,173.10588787052086,174.09022521972656,21869900
2024-06-20,174.36862216738828,176.27765703426607,173.99080230638756,175.29331970214844,20160100
2024-06-21,175.9893366865349,179.81735940064124,175.60156417866833,178.6043243408203,57759000
2024-06-24,179.13129030226546,179.85711775525812,177.64979273830824,178.1966552734375,18298000
2024-06-25,178.59434958875684,183.23768166890378,178.39549464018754,182.9791717529297,23130200
2024-06-26,181.58716996899867,183.4564246712397,181.43801738044664,182.8300323486328,19839000
2024-06-27,183.12831553961882,184.98764806113232,182.9692406782277,184.35130310058594,18848900
2024-06-28,183.2675316089203,184.07290404421764,180.92100671054675,181.1099090576172,29156600
2024-07-01,181.98489431830802,182.8300468722603,180.2647768963167,181.94512939453125,16006100
2024-07-02,181.01049402811313,184.51039900838427,180.52328647575237,184.18228149414062,17372500
2024-07-03,183.79450966944947,185.027419540138,182.94935711411654,184.75897216796875,10242100
2024-07-05,184.79873308828007,189.77018290215648,184.7390781179793,189.5116729736328,20967500
2024-07-08,188.81566526397512,189.08412781251326,186.70777531519326,187.9506378173828,21035900
2024-07-09,189.22334760268737,190.26735524808433,187.64242997570327,187.90093994140625,15121400
2024-07-10,188.06994097173066,190.65510095160317,187.9506310307602,190.08834838867188,15952500
2024-07-11,188.76598218134717,189.77020972388777,184.023214140511,184.5104217529297,25625800
2024-07-12,184.02319732602172,186.0416048375752,183.43656985987124,184.0132598876953,22898400
2024-07-15,183.8641124718461,187.16516268876106,183.8641124718461,185.4649200439453,16474000
2024-07-16,186.29017198367765,187.6026268731147,182.32294948626117,182.86981201171875,18290700
2024-07-17,181.92523630082098,182.5019263017259,178.8727588226684,179.9863739013672,20734100
2024-07-18,180.89116422058456,181.45791677729983,175.4623495627197,176.67538452148438,25315700
2024-07-19,177.8585885239563,179.2605258026029,176.11858113676493,176.6455535888672,18881900
2024-07-22,179.5588097386944,181.6567620385204,179.20086476715244,180.6326446533203,24100300
2024-07-23,181.01049348787305,182.5615834257329,180.50339588934585,180.75196838378906,36352700
2024-07-24,172.60874962060436,175.18395707272086,170.8389146389314,171.644287109375,49585200
2024-07-25,171.53491413564743,172.42976906222302,166.2353466432372,166.3248291015625,44852000
2024-07-26,166.19555465619968,167.1301896118219,163.12320243356427,166.04641723632812,41336900
2024-07-29,167.86596604502552,169.45682078589076,167.03076616819678,168.5619659423828,20293800
2024-07-30,169.26793984783785,170.25227726580664,167.47821476290122,169.31764221191406,18959700
2024-07-31,172.25079083759002,173.25501819286436,169.0392234792002,170.56048583984375,25729100
2024-08-01,169.27789065195404,173.0561960914404,167.91571806081762,169.78497314453125,24531400
2024-08-02,165.4896290110481,167.54780140914312,163.729731473792,165.7083740234375,29130100
2024-08-05,154.6120805725385,163.4910821616065,154.04532804302696,158.34066772460938,53630700
2024-08-06,158.42022424958387,159.65314928592488,155.51689933013026,157.3861541748047,49004600
2024-08-07,160.329247442372,162.0493647327587,157.56512271570298,158.03244018554688,25138600
2024-08-08,159.59347241017986,162.7553223007696,159.295197566251,161.10479736328125,25578800
2024-08-09,159.09633805981707,162.8547530607689,158.15176559045875,162.73544311523438,28602300
2024-08-12,163.41156183996847,163.95840918346863,160.9158843175958,161.36331176757812,15895300
2024-08-13,162.47692353255772,163.78937837052388,162.03943352934883,163.22264099121094,18551700
2024-08-14,161.47267673043564,162.2880017461777,156.80946975586303,159.4542694091797,40591100
2024-08-15,159.58353231405633,160.71702221708418,158.69861489126848,160.37896728515625,31524300
2024-08-16,160.5479977673965,164.11749500950546,160.20994282911744,162.0294952392578,24208600
2024-08-19,164.33622991201835,165.73818228196367,163.32204998783882,165.71829223632812,22416200
2024-08-20,165.9470028325088,167.67707297668008,165.8674729797842,166.22540283203125,18341500
2024-08-21,164.20696955757205,165.89727451091318,163.72971465758596,164.90298461914062,22902000
2024-08-22,166.3049195405105,166.63303702086546,162.3774775565528,162.86468505859375,22493300
2024-08-23,163.77943106089057,165.2310857967722,162.89451367016122,164.67428588867188,13955700
2024-08-26,165.42997242725056,166.59328988817313,163.52093747817295,165.2112274169922,14190400
2024-08-27,164.89304984017366,165.489629908409,163.5209399578905,163.7396697998047,11821900
2024-08-28,164.09761789324529,164.6544330475145,160.60766539190482,161.92013549804688,16407400
2024-08-29,163.37178412416296,165.0223091315335,159.33496923436493,160.85623168945312,19699800
2024-08-30,161.69144289011467,162.72551303705623,160.76676042707592,162.44711303710938,22123800
2024-09-03,160.79659215048164,160.9258547151699,155.58650669543206,156.46148681640625,38945300
2024-09-04,155.76547872304474,158.09211373684093,155.06947874092558,155.55667114257812,19353800
2024-09-05,155.40752807028366,158.5395354620366,155.08934799190737,156.3421630859375,18688700
2024-09-06,156.40181776056022,156.92879023916618,149.69036035813147,150.05824279785156,37912100
2024-09-09,151.84038676215715,152.72647853587526,146.57361962907186,148.0570831298828,39260500
2024-09-10,149.78942780245947,150.60583478404823,147.68869140831964,148.00729370117188,31118800
2024-09-11,149.26176148971257,150.83482618648793,146.8723049733769,150.49632263183594,29607700
2024-09-12,153.12471156382813,154.140237291496,151.97975176732055,154.01080322265625,29621500
2024-09-13,154.74754539538486,157.68460496841567,154.52852532698242,156.76864624023438,29591200
2024-09-16,156.61929036893335,157.55516550467146,155.91241630124466,157.36599731445312,18379800
2024-09-17,158.32179756550258,159.84507860249886,157.68460821141127,158.6204833984375,20715600
2024-09-18,159.1580903840823,159.79527967667906,157.90362823697373,159.10830688476562,23677300
2024-09-19,162.9912145689688,163.07084994877528,160.631610061734,161.4281005859375,26587700
2024-09-20,162.78213342108606,163.01111932448998,161.34845348503907,162.87173461914062,40896400
2024-09-23,163.62841256235794,164.7634066817542,160.9601714446055,161.13938903808594,24150900
2024-09-24,162.31419475907774,162.5033629705114,159.98447247380625,161.5774383544922,23332100
2024-09-25,160.7610436422212,162.09515653085376,160.59179187501798,160.7809600830078,18869200
2024-09-26,162.92152641523836,163.3595969948504,161.5674969836167,162.01551818847656,20319300
2024-09-27,162.09515427507873,164.97246466107853,161.91595188587257,163.2301483154297,21101300
2024-09-30,162.60293558835963,165.42049684043894,162.5431862628529,165.121826171875,20413900
2024-10-01,166.95374422665532,168.41729127323546,163.85739835697947,166.25682067871094,28338100
2024-10-02,165.6893137329917,166.78449014447432,164.00673142434744,165.13177490234375,17760200
2024-10-03,163.68814431760305,165.90834901528822,163.2002902448892,165.13177490234375,15073100
2024-10-04,167.32210163999207,167.49135340314862,164.75342774448882,166.3264923095703,19047400
2024-10-07,166.9835979885841,167.74025561009242,162.0354184047515,162.264404296875,22463100
2024-10-08,163.22019363060423,164.0067183055417,162.15488437084886,163.65826416015625,23072700
2024-10-09,162.73233765666967,164.11623398118573,159.03863564722693,161.14932250976562,31181800
2024-10-10,160.16366845010265,162.35402113493024,159.695730848507,161.3683624267578,14144100
2024-10-11,161.41815786372578,163.1803755743368,160.53206610001598,162.52328491210938,15344300
2024-10-14,162.9215061976869,165.50013065374594,162.6825544952434,164.2357177734375,19016100
2024-10-15,165.06207349535208,166.94377462807307,163.90717815283185,164.73353576660156,20247200
2024-10-16,163.80760621471472,165.07203435121127,163.02108150744417,164.43484497070312,16406000
2024-10-17,165.00232392781157,165.6395132678631,162.04536311131514,162.21461486816406,21453400
2024-10-18,162.47349822564962,163.98682874694387,162.36398058545478,162.70248413085938,19757700
2024-10-21,162.234547045473,163.77774463817317,161.90599412379152,163.34963989257812,20946500
2024-10-22,162.26441234616763,165.0421710211609,162.26441234616763,164.41493225097656,16568100
2024-10-23,164.0365946612512,165.09195335667494,161.21901831548328,162.06529235839844,18280500
2024-10-24,162.11507183508752,162.61287650871054,160.3030555310391,162.00555419921875,22412500
2024-10-25,162.95137630402328,164.86294438388538,162.70247397291948,164.5443572998047,19828900
2024-10-28,168.00907708946656,168.00907708946656,163.23014919167423,165.9879913330078,32138600
2024-10-29,166.99354716216052,169.6319209779577,166.3563578043749,168.9349822998047,42169000
2024-10-30,179.88667593834245,181.22080390832798,173.29574742034202,173.69400024414062,68890800
2024-10-31,172.3698540409386,176.04365502457762,170.2492012343648,170.3587188720703,44769000
2024-11-01,169.32328866587017,171.56340969304173,168.13851111414587,170.5379180908203,31796500
2024-11-04,169.18387535736116,169.98036580888692,167.2723073887744,168.49691772460938,21492700
2024-11-05,168.6860840596654,169.78126041606683,168.09867819204692,168.99473571777344,18242100
2024-11-06,173.03692280821232,176.1631358258417,172.73823693941065,175.73501586914062,33695500
2024-11-07,176.63107376791186,180.28495857669466,176.4120384765477,179.95640563964844,25352900
2024-11-08,179.85681428948374,180.10571661492824,177.2981062836462,177.56692504882812,22006200
2024-11-11,177.79591845275107,179.7572700755342,177.68640081725277,179.5581512451172,17450400
2024-11-12,179.03048606955645,181.68876129211964,178.60236613626623,180.82257080078125,25134900
2024-11-13,179.66765368671196,180.16545831655327,177.75607053934468,178.09458923339844,23184000
2024-11-14,177.49723958577857,178.03487716000262,173.55463493650558,174.80909729003906,31007500
2024-11-15,172.96721191394371,173.37541540242353,170.46823785970153,171.732666015625,32504600
2024-11-18,172.6585688053745,174.6697039128958,172.1408476982141,174.5303192138672,20135300
2024-11-19,172.95724636134872,178.08462810700078,172.7979452295751,177.33792114257812,23434900
2024-11-20,176.56135042889815,176.89985394642653,173.01698373526585,175.2073211669922,18997100
2024-11-21,173.13647259575043,173.3654737011491,162.98125951876034,166.89401245117188,59734400
2024-11-22,165.12181631038618,165.7291386198519,163.18036592990532,164.03659057617188,38604600
2024-11-25,165.36074656125817,167.88960271467622,164.88285834642193,166.9138946533203,33135300
2024-11-26,166.8939932592079,169.07438007569232,166.84420975542025,168.37744140625,20486700
2024-11-27,168.25798309333703,168.73587133599466,167.28229016697128,168.48696899414062,19266500
2024-11-29,167.76016976407897,168.68607913599834,166.4260569265254,168.20819091796875,14257200
2024-12-02,168.02900177825322,171.3244664436512,167.82988293769444,170.737060546875,23789100
2024-12-03,170.73705804160417,171.92182044267236,170.0998686460895,170.58770751953125,22248700
2024-12-04,170.39855223151233,174.14205350692782,170.30895102654836,173.6044158935547,31615100
2024-12-05,174.5900625293299,175.28698606114204,171.57336730521956,171.8820037841797,21356200
2024-12-06,171.2746759024565,174.3112874696141,171.10542413534188,173.9429168701172,21462400
2024-12-09,173.3947033817355,175.68721709610546,173.08569798716198,174.80010986328125,25389600
2024-12-10,182.2558298947272,185.75441857624554,180.46167600322863,184.5682830810547,54813000
2024-12-11,184.7078071462048,194.97433891650417,184.24931049684508,194.7650146484375,67894100
2024-12-12,194.36634216171947,194.54574994637335,191.08703979883614,191.3362274169922,34817500
2024-12-13,190.3892909926089,192.10370292043277,189.0237477931648,189.2031707763672,25143500
2024-12-16,192.2432425689094,198.3533273175459,191.99405497177682,196.02093505859375,44934900
2024-12-17,196.60901291047233,200.76546017959686,194.34638528405358,194.7849578857422,43504000
2024-12-18,194.5856262059038,196.35984080968126,187.1299370164791,187.78778076171875,34166100
2024-12-19,191.00727128528027,192.40271566857012,187.76783270124025,187.89739990234375,32265200
2024-12-20,185.1762848637503,192.263180692445,184.61810708296375,190.78799438476562,63462900
2024-12-23,191.99405011204706,194.46600196365952,189.53207549795792,193.99752807617188,25675000
2024-12-24,194.20684004621347,195.47271728515625,193.15028707875092,195.47271728515625,10403300
2024-12-26,194.5158209114561,196.11062752392144,193.74833410760493,194.96437072753906,12046600
2024-12-27,194.31647638353087,194.68528435280825,190.0304468655215,192.1335906982422,18891400
2024-12-30,189.1832377151322,191.92430144195808,188.50543950298513,190.61856079101562,14264700
2024-12-31,190.45905938330324,191.3362045613809,187.897403674237,188.68484497070312,17466900
2025-01-02,190.03045932269364,191.37607845803336,186.89070161917323,188.81442260742188,20370800
2025-01-03,190.74811471378376,192.58214696582633,189.36263229859958,191.166748046875,18596200
2025-01-06,193.34964695093382,197.57587431060844,193.22007973541784,196.23025512695312,29563600
2025-01-07,196.4694824542812,200.34684110917007,193.96764429186354,194.85475158691406,26487200
2025-01-08,191.944242637603,195.6521403419425,191.7548576174653,193.3197479248047,24864800
2025-01-10,193.6685895212531,195.88137644043036,189.69155028344466,191.41592407226562,26665200
2025-01-13,189.45234965681547,190.55872796393814,186.75114946876002,190.3892822265625,21823700
2025-01-14,190.61855338184407,191.3561389494114,187.69806677944703,189.04368591308594,17174900
2025-01-15,192.462522950062,195.72190087885951,191.23652426846428,194.91453552246094,21776000
2025-01-16,193.50911023082176,194.8447520350506,192.1834304546711,192.28311157226562,17815400
2025-01-17,195.89135939313564,196.58908164731528,193.12039443424771,195.3630828857422,27735100
2025-01-21,198.4231075033933,201.63262976778796,197.22699486763423,197.4064178466797,29971300
2025-01-22,198.41313252508547,199.82851627036754,196.88810562725033,197.72537231445312,26200600
2025-01-23,197.49612311807823,199.64910762651434,194.5656745164631,197.33663940429688,26951400
2025-01-24,197.45625853253006,200.24714745985025,197.35657740975262,199.5594024658203,23877500
2025-01-27,191.7847629127979,196.24023876132983,190.11021420279943,191.18670654296875,41728900
2025-01-28,192.1236428916819,194.84476727172617,190.06036222791346,194.6653594970703,24157900
2025-01-29,194.92450036864417,196.15049906796548,192.80141720875304,194.77499389648438,18218300
2025-01-30,197.35658576249432,200.74553115150178,197.0276562944523,200.21725463867188,24354700
2025-01-31,201.3435699298202,204.81225687597484,201.1442229024234,203.3570098876953,32001100
2025-02-03,200.03782657620917,203.08788015886492,199.44974753049775,200.57606506347656,27838300
2025-02-04,202.7290614411804,206.37717152288226,202.1509443892273,205.7093505859375,43856400
2025-02-05,190.4491175677977,192.12365103908184,187.41898765422886,190.70826721191406,70373900
2025-02-06,188.88420450981621,191.4757616843978,188.1067403992826,190.97738647460938,29297400
2025-02-07,190.42916818748597,190.5587353980611,182.64454994685505,184.7377166748047,49315000
2025-02-10,186.74120471977687,187.58843348505013,185.2560410594202,185.8640594482422,23105600
2025-02-11,184.42873780232077,186.332534845636,183.6811749516247,184.71780395507812,21239500
2025-02-12,182.62460414541655,184.50846173776452,181.23912173844323,183.01333618164062,22072600
2025-02-13,183.72104784589166,185.6746701852319,182.54487442146038,185.53512573242188,21402500
2025-02-14,184.45862127858567,185.79426312591357,183.7210357377169,184.62806701660156,20448400
2025-02-18,184.99687605998665,185.35570680408472,181.14941899629233,183.17282104492188,29916700
2025-02-19,183.47185603605197,184.85733850337527,182.99340488662492,184.66795349121094,19549400
2025-02-20,184.1994764251086,184.7078136523139,182.12623377404523,183.9602508544922,20441500
2025-02-21,184.54832157311532,184.73770657345142,178.49805484578573,179.076171875,35199200
2025-02-24,181.3986125849473,182.52493020594952,178.30868023037235,178.66751098632812,29854200
2025-02-25,177.46142612582926,178.15916354017307,174.1223215693703,174.84994506835938,41913400
2025-02-26,174.50109332110333,175.50780571224857,171.0224290795126,172.16868591308594,35431300
2025-02-27,173.4246033939964,173.99274319952536,167.3942605774098,167.9524383544922,39991000
2025-02-28,168.13184735576206,170.05558350433006,166.22806568264113,169.72665405273438,48130600
2025-03-03,171.37129548555112,172.80661854958163,165.39079285822712,166.46728515625,40770500
2025-03-04,165.69979362882594,172.72687185175528,165.2612210149662,170.3645782470703,45388000
2025-03-05,169.96588759666264,173.21528852342593,168.51062527668861,172.457763671875,30954900
2025-03-06,169.97585437589512,174.24194511914502,169.9459530788933,171.78994750976562,28302000
2025-03-07,170.7034564793899,174.40140690524717,169.7166833840427,173.29501342773438,27385800
2025-03-10,167.906369246359,168.10596109578225,163.34598174937858,165.52139282226562,43604000
2025-03-11,164.56341811184632,166.39954739419704,161.03084947828359,163.6952362060547,39587400
2025-03-12,166.2299041704089,167.2876739545911,163.1863112454469,166.7587890625,28372400
2025-03-13,165.69104376890482,165.78086619728484,161.76931036259103,162.41793823242188,31756200
2025-03-14,162.92686119092454,166.14009496437765,162.10857726863358,165.14219665527344,31995900
2025-03-17,164.68315235917976,165.95048744156196,163.32601008577632,163.9447021484375,31184300
2025-03-18,163.3359896270705,163.90479897801157,156.39062585030788,160.3323211669922,42074800
2025-03-19,161.42003435006743,165.52139724714462,160.66163707283374,163.54556274414062,34275600
2025-03-20,161.23044451155243,164.5434591319573,160.62172590598882,162.45785522460938,28138500
2025-03-21,160.87119904116452,163.89482981108262,160.55186426165298,163.64535522460938,36625800
2025-03-24,166.71888755590038,167.96626051519195,164.79293578885944,167.3275909423828,30879100
2025-03-25,168.62485688475655,170.27139827842032,167.96625555401127,170.2015380859375,24174400
2025-03-26,168.64481068044992,169.2535292452292,164.49355014774926,164.7130889892578,28901600
2025-03-27,164.2840090226325,165.0723420135672,161.6595315089187,161.89903259277344,24508300
2025-03-28,160.15271877369267,161.4799254652425,153.30713518011623,154.0056610107422,48669300
2025-03-31,152.78821916221315,155.2131048785596,150.34337121509955,154.31500244140625,54603500
2025-04-01,153.29713724683472,157.7677327478603,153.29713724683472,156.73989868164062,30672900
2025-04-02,154.8239184605045,158.07707673307476,154.37486726125917,156.70994567871094,25041700
2025-04-03,150.79242377501242,152.4589122309581,150.07393572821033,150.4032440185547,46883400
2025-04-04,147.6989298070746,150.75251155896433,145.0744674917677,145.29400634765625,62259500
2025-04-07,141.25250603263527,152.52875975799608,140.2346455130815,146.4415740966797,76794100
2025-04-08,150.9021908364876,151.92005142460044,142.72940085243894,144.39588928222656,52200200
2025-04-09,144.11647401855745,159.21468052208976,143.6075513553121,158.37644958496094,70406200
2025-04-10,156.21099272991097,157.38852063839548,149.6148843769422,152.4988250732422,48022000
2025-04-11,152.5786587351614,157.33863834997953,152.4988402629555,156.80975341796875,33636200
2025-04-14,159.66374069863323,161.3801271292812,157.22886621670372,158.73570251464844,30333000
2025-04-15,158.79557178865275,159.3144679755199,154.8838120227522,155.9814910888672,27551500
2025-04-16,152.77823911437727,155.56236873164264,151.1915692108639,153.00775146484375,28187400
2025-04-17,153.96572710201332,154.3549068428226,148.1879024535801,150.84231567382812,33046600
2025-04-21,148.5671133790027,148.63695834662283,145.7929571438361,147.35964965820312,26049100
2025-04-22,148.57707765672205,151.8701451004615,148.22780716014373,151.1516571044922,26971800
2025-04-23,155.28296188170384,157.19892487451833,153.48674181759014,155.0235137939453,31128800
2025-04-24,155.82180972917425,159.2545822353842,155.4625657406937,158.9452362060547,45894000
2025-04-25,164.72309348828867,165.75092760525033,160.70154899383132,161.61962890625,56034000
2025-04-28,162.08862808839123,162.80711614692783,158.26669065633925,160.2724609375,29745800
2025-04-29,159.98307743122987,160.4021929284458,157.1889588897359,159.8234100341797,26809000
2025-04-30,157.6479788523033,158.93527626532435,155.07339925298186,158.4662628173828,34981100
2025-05-01,160.11277889105028,161.60962633825872,158.57602221167295,160.96099853515625,30203200
2025-05-02,163.0665800855699,164.62329914267073,161.5298080330937,163.68527221679688,25715000
2025-05-05,162.65743494943675,165.0424114540437,162.37802462287598,163.86489868164062,21341800
2025-05-06,161.82916262997554,164.4536399852438,160.85122657670271,162.88693237304688,21277200
2025-05-07,163.73516530126716,164.6532299684301,147.52929039730043,151.06185913085938,127490100
2025-05-08,154.67425284055003,155.6022910487671,152.57866009847342,153.9557647705078,57498700
2025-05-09,153.84598414229956,154.7241395477239,151.88012320852386,152.42897033691406,32435300
2025-05-12,157.15900583261154,158.76562267487037,155.9216064819518,158.12696838378906,44138800
2025-05-13,158.45626717049694,160.23254018461523,155.83180494907126,159.19471740722656,42382100
2025-05-14,159.6238271640479,166.64902486582008,159.27455664998826,165.02244567871094,48755900
2025-05-15,165.49145599350894,165.8606887311189,162.02874755770196,163.61541748046875,33146700
2025-05-16,167.3774855147182,168.99409119137468,165.27191939302787,165.84072875976562,42846900
2025-05-19,164.16425471766837,166.2897831099107,163.87487089127026,166.1899871826172,30426100
2025-05-20,166.08022402030295,168.1458810248048,162.55764387335125,163.6353759765625,46607700
2025-05-21,163.34598924433868,172.77612594690945,163.21625758160502,168.20574951171875,73416000
2025-05-22,171.48884617085898,176.3985044728025,170.35124260366135,170.51089477539062,74864400
2025-05-23,168.70469265151235,169.60281030274047,167.5371534089642,168.11593627929688,35211400
2025-05-27,169.80238932071725,172.80605791558804,169.6427219280191,172.53662109375,37995700
2025-05-28,172.79607866823434,174.90164475593082,171.5487057543554,171.9977569580078,34784000
2025-05-29,173.63431165912297,174.0534271359213,170.27139911620654,171.49880981445312,29317300
2025-05-30,170.98989433565492,171.84808755569938,167.0881079964574,171.3790740966797,52639900
2025-06-02,167.4872574240746,169.5129898808019,167.03820620651766,168.6747589111328,38612300
2025-06-03,167.13800921175007,168.12591888686956,164.9326470385699,165.83074951171875,45084900
2025-06-04,166.38956355967437,167.8664487405706,166.01035734329753,167.69680786132812,26900800
2025-06-05,169.98200425737,170.57076063975376,167.23778374687686,167.8564910888672,36379100
2025-06-06,170.47097086402252,174.1332558504034,170.47097086402252,173.31497192382812,35731800
2025-06-09,174.38402968862113,176.31231302715454,174.21418342483807,175.93264770507812,28935900
2025-06-10,176.04254985052344,180.94816607880887,174.7537092641778,178.44041442871094,61766100
2025-06-11,179.60936400867158,180.20881870896204,176.59205837486806,177.1915283203125,31646800
2025-06-12,176.02256609234394,176.56209210971562,174.59385119423692,175.54299926757812,20941900
2025-06-13,172.28591297451578,176.9717245091389,172.2359546046385,174.513916015625,27663100
2025-06-16,174.57385966373928,176.78189154925582,174.49392932110277,176.61204528808594,27389200
2025-06-17,175.5429937823964,177.20151408744945,174.4239994778565,175.7927703857422,24973000
2025-06-18,175.85271405711507,176.4022256326498,173.04522747911062,173.16513061523438,28707500
2025-06-20,173.79455416726213,174.18420505107113,165.312150640077,166.4910888671875,75659900
2025-06-23,166.1214256591391,167.19046158134836,161.85523705575486,165.04238891601562,57671000
2025-06-24,166.77084680791774,168.06968824197463,165.98155942026995,166.62098693847656,40524300
2025-06-25,167.48021861146748,172.2059878377665,167.40028826627824,170.52748107910156,35479000
2025-06-26,172.275909497391,173.53479332021178,169.78814431449064,173.38491821289062,31796700
2025-06-27,173.3849216100962,178.52032800475203,171.57654142712704,178.37046813964844,108140200
2025-06-30,180.6184624108643,181.0680572633364,174.4240054836315,176.07252502441406,63378900
2025-07-01,175.5829598377131,175.9326379218849,173.37492804100808,175.682861328125,35904500
2025-07-02,175.38312608280393,178.70016656024188,174.91356011283625,178.48036193847656,29128900
2025-07-03,178.34048951535135,179.50944215502514,176.89178830781478,179.36956787109375,21689700
2025-07-07,178.89999490759814,179.13978593904164,175.52301029591823,176.63201904296875,34175600
2025-07-08,177.691079951528,177.7909814447806,172.6555751408571,174.20419311523438,40442500
2025-07-09,175.09340252603724,179.27966092294577,172.61562283881983,176.46217346191406,43025600
2025-07-10,175.47306122205768,178.27054693495992,174.22417822695712,177.46127319335938,29252400
2025-07-11,176.6320206592132,181.26787392679407,176.32230010231936,180.02899169921875,34282900
2025-07-14,180.84823929966979,183.5058659137902,179.5194259926096,181.3977508544922,32536600
2025-07-15,182.6466456022175,184.05538933948807,181.4377353487915,181.83737182617188,33448300
2025-07-16,183.07626629854497,184.1652886399438,181.86734081977315,182.80650329589844,33104200
2025-07-17,181.9772389358081,183.89552139280437,180.31871865434178,183.41595458984375,31992600
2025-07-18,185.2343153104504,186.25340807875182,183.54583834733725,184.89462280273438,34014500
2025-07-21,186.08356432217508,190.11994741222205,185.98364758555138,189.9301300048828,45803100
2025-07-22,191.328882294876,191.47874216205827,187.29249900550474,191.1690216064453,44660200
2025-07-23,191.32888225818212,192.35796066638142,189.01094801184496,190.0600128173828,58681900
2025-07-24,196.85393348830104,197.7731095502254,190.8293230940032,191.99827575683594,74881700
2025-07-25,191.80844534575607,194.1563515198352,191.08908750710862,193.0073699951172,39785900
2025-07-28,193.47694913334269,193.87660084223495,190.6694625759226,192.4079132080078,38139500
2025-07-29,192.2580327538162,195.7449194968108,191.90835466905762,195.5750732421875,41389200
2025-07-30,195.42522371418744,197.42343657324804,194.51603320447785,196.35438537597656,32445400
2025-07-31,195.53512388567077,195.8148724632573,190.91924186518514,191.728515625,51329200
2025-08-01,188.86108179697592,190.65947636814528,187.65217158882444,188.96099853515625,34832200
2025-08-04,190.11995195242244,195.0955128481526,189.95010569222902,194.86570739746094,31547400
2025-08-05,194.5360207683401,197.68319994217242,193.71674617353807,194.4960479736328,31602300
2025-08-06,194.32618893507828,196.45429038129967,193.49692881868756,195.91476440429688,21562900
2025-08-07,196.88390160867925,197.36346840439734,194.15634544876863,196.34439086914062,26321800
2025-08-08,197.04376174071106,202.42894452614235,196.99380337261508,201.24000549316406,39161800
2025-08-11,200.76044484845534,201.29995560301907,198.8921207366326,200.8203887939453,25832400
2025-08-12,201.19005382143942,204.31726177746063,200.41075203769518,203.15829467773438,30397900
2025-08-13,203.94760013613634,204.3472366094903,197.33350521250262,201.779541015625,28342900
2025-08-14,201.31993610316366,204.2573113073674,201.05017311120625,202.75865173339844,25230400
2025-08-15,203.66784557245273,206.25552748751167,201.10013480886678,203.71778869628906,34931400
2025-08-18,204.01753247133055,205.08658368227987,202.30906899226142,203.3181610107422,18526600
2025-08-19,202.84857944432244,203.2582167438639,199.7813305987235,201.389892578125,24240200
2025-08-20,200.55061989251405,201.10013145192505,196.4243208994537,199.1418914794922,28955500
2025-08-21,199.57150268554688,202.29905887913935,199.25178132101763,199.57150268554688,19774600
2025-08-22,202.54883983863883,208.353645687597,201.12012497867053,205.9058380126953,42827000
2025-08-25,206.2455237198617,210.3318804204715,205.0965574752735,208.30369567871094,29928900
2025-08-26,207.32455950181813,207.66426725745978,205.5161793925774,206.95489501953125,28464100
2025-08-27,205.51617805576655,208.72331622375268,205.46621968804243,207.29458618164062,23022900
2025-08-28,207.0648053873533,212.0303655105851,206.71511204255788,211.4508819580078,32339300
2025-08-29,210.3218773757616,214.45817715575657,210.01215683893824,212.71974182128906,39728400
2025-09-02,208.25374472878948,211.4908397743193,206.01574085860813,211.16114807128906,47523000
2025-09-03,226.00786746880672,231.1033010071871,224.5891229524102,230.45388793945312,103336100
2025-09-04,229.4447813472723,232.16235200669,225.90795135774627,232.09242248535156,51684200
2025-09-05,231.9925075217388,235.54932393536487,231.69277254690593,234.79000854492188,46588900
2025-09-08,235.47000122070312,238.1300048828125,233.6699981689453,234.0399932861328,32474700
2025-09-09,234.1699981689453,240.47000122070312,233.22999572753906,239.6300048828125,38061000
2025-09-10,238.89999389648438,241.66000366210938,237.85000610351562,239.1699981689453,35141100
2025-09-11,239.8800048828125,242.25,236.25,240.3699951171875,30599300
2025-09-12,240.3699951171875,242.0800018310547,238.0,240.8000030517578,26771600
2025-09-15,244.66000366210938,252.41000366210938,244.66000366210938,251.61000061035156,58383800
2025-09-16,252.0800018310547,253.0399932861328,249.47000122070312,251.16000366210938,34109700
2025-09-17,251.22000122070312,251.60000610351562,246.27999877929688,249.52999877929688,34108000
2025-09-18,251.67999267578125,253.99000549316406,249.8000030517578,252.02999877929688,31239500
2025-09-19,253.25,256.0,251.80999755859375,254.72000122070312,55571400
2025-09-22,254.42999267578125,255.77999877929688,250.3000030517578,252.52999877929688,32290500
2025-09-23,253.0399932861328,254.36000061035156,250.47999572753906,251.66000366210938,26628000
2025-09-24,251.66000366210938,252.35000610351562,246.44000244140625,247.13999938964844,28201000
2025-09-25,244.39999389648438,246.49000549316406,240.74000549316406,245.7899932861328,31020400
2025-09-26,247.07000732421875,249.4199981689453,245.97000122070312,246.5399932861328,18503200
2025-09-29,247.85000610351562,251.14999389648438,242.77000427246094,244.0500030517578,32505800
2025-09-30,242.80999755859375,243.2899932861328,239.25,243.10000610351562,34724300
2025-10-01,240.75,246.3000030517578,238.61000061035156,244.89999389648438,31658200
2025-10-02,245.14999389648438,246.80999755859375,242.3000030517578,245.69000244140625,25483300
2025-10-03,244.49000549316406,246.3000030517578,241.66000366210938,245.35000610351562,30249600
2025-10-06,244.77999877929688,251.32000732421875,244.5800018310547,250.42999267578125,28894700
2025-10-07,248.27000427246094,250.44000244140625,245.52000427246094,245.75999450683594,23181300
2025-10-08,244.9600067138672,246.00999450683594,243.82000732421875,244.6199951171875,21307100
2025-10-09,244.47000122070312,244.75999450683594,239.14999389648438,241.52999877929688,27892100
2025-10-10,241.42999267578125,244.08999633789062,235.83999633789062,236.57000732421875,33180300
2025-10-13,240.2100067138672,244.5,239.7100067138672,244.14999389648438,24995000
2025-10-14,241.22999572753906,247.1199951171875,240.50999450683594,245.4499969482422,22111600
2025-10-15,247.25,252.11000061035156,245.99000549316406,251.02999877929688,27007700
2025-10-16,251.77000427246094,256.9599914550781,250.10000610351562,251.4600067138672,27997200
2025-10-17,250.75999450683594,254.22000122070312,247.80999755859375,253.3000030517578,29671600
2025-10-20,254.69000244140625,257.3299865722656,254.22999572753906,256.54998779296875,22350200
2025-10-21,254.74000549316406,254.8800048828125,244.14999389648438,250.4600067138672,47312100
2025-10-22,254.3699951171875,256.3599853515625,249.2899932861328,251.69000244140625,35029400
2025-10-23,252.97999572753906,255.0399932861328,251.85000610351562,253.0800018310547,19901400
2025-10-24,256.5799865722656,261.67999267578125,255.32000732421875,259.9200134277344,28655100
2025-10-27,264.82000732421875,270.1400146484375,264.2799987792969,269.2699890136719,35235200
2025-10-28,269.69000244140625,270.7300109863281,266.5,267.4700012207031,29738600
2025-10-29,267.75,275.3399963378906,267.6700134277344,274.57000732421875,43580300
2025-10-30,291.5899963378906,291.5899963378906,280.05999755859375,281.4800109863281,74876000
2025-10-31,283.2099914550781,286.0,277.0299987792969,281.19000244140625,39267900
2025-11-03,282.17999267578125,285.5299987792969,279.79998779296875,283.7200012207031,29786000
2025-11-04,276.75,281.2699890136719,276.260009765625,277.5400085449219,30078400
2025-11-05,278.8699951171875,286.4200134277344,277.3399963378906,284.30999755859375,31010300
2025-11-06,285.3299865722656,288.3500061035156,281.1400146484375,284.75,37173600
2025-11-07,283.2099914550781,283.7799987792969,275.19000244140625,278.8299865722656,34479600
2025-11-10,284.4200134277344,290.79998779296875,282.8599853515625,290.1000061035156,29557300
2025-11-11,287.75,291.9200134277344,287.32000732421875,291.30999755859375,19842100
2025-11-12,291.67999267578125,292.010009765625,283.69000244140625,286.7099914550781,24829900
2025-11-13,282.3399963378906,282.8399963378906,277.239990234375,278.57000732421875,29494000
2025-11-14,271.4100036621094,278.55999755859375,270.70001220703125,276.4100036621094,31647200
2025-11-17,285.7799987792969,293.95001220703125,283.57000732421875,285.0199890136719,52670200
2025-11-18,287.9200134277344,288.79998779296875,278.20001220703125,284.2799987792969,49158700
2025-11-19,287.1600036621094,303.80999755859375,286.6300048828125,292.80999755859375,68198900
2025-11-20,304.5400085449219,306.4200134277344,288.6700134277344,289.45001220703125,62025200
2025-11-21,296.4200134277344,303.9200134277344,293.8500061035156,299.6600036621094,74137700
2025-11-24,311.1300048828125,319.4800109863281,309.6000061035156,318.5799865722656,85165100
2025-11-25,326.2099914550781,328.8299865722656,317.6499938964844,323.44000244140625,88490900
2025-11-26,320.5199890136719,324.5,319.34130859375,321.1400146484375,9884028
