Date,Open,High,Low,Close,Volume
2020-11-26,1967.9555641839281,1988.186883068062,1951.9084947898023,1981.013916015625,1630887
2020-11-27,1992.7847269266151,1993.244529586266,1955.0809088352487,1966.300048828125,5687861
2020-12-01,1985.4280461322244,1985.4280461322244,1958.3917373472175,1961.5643310546875,2226742
2020-12-02,1972.5537179547607,1977.059694917828,1951.494842659206,1967.31201171875,1634682
2020-12-03,1979.9103429913312,1983.0369114147177,1949.6554164080542,1956.6903076171875,3469163
2020-12-04,1968.874903467653,2018.9013408687276,1962.0699142043552,2008.601806640625,3712143
2020-12-07,2013.2463052106925,2077.940640794868,2011.1771928723465,2074.767822265625,4147649
2020-12-08,2077.8485468771605,2095.045124159371,2060.0540913352397,2078.308349609375,2768211
2020-12-09,2078.308425599682,2111.4142235295885,2062.9050335072952,2107.919677734375,2123890
2020-12-10,2105.8964680445265,2168.3375879249943,2092.14841155095,2161.486572265625,3041370
2020-12-11,2176.0161183444884,2193.2587183313703,2145.439241034418,2183.832763671875,2611218
2020-12-14,2189.533980978625,2199.1438105254942,2166.727726856239,2180.154052734375,1575632
2020-12-15,2171.188313177259,2173.9011041593926,2121.805548923737,2133.530517578125,2207176
2020-12-16,2130.8180042560653,2165.5789127152893,2117.851476837549,2155.50927734375,1748634
2020-12-17,2153.715771939572,2153.715771939572,2124.2884001624298,2129.162353515625,1912868
2020-12-18,2135.3235911444576,2155.462858206632,2126.127537780356,2145.85302734375,2229891
2020-12-21,2154.6356368772995,2161.0728752290456,2082.998459882376,2120.564208984375,2003069
2020-12-22,2124.288646478459,2145.715498940788,2097.620087713145,2125.208251953125,1764488
2020-12-23,2133.48464108492,2186.1780782005326,2118.0812498184664,2179.786865234375,1559556
2020-12-24,2190.959621544174,2216.2487672283146,2170.3145275155416,2209.121826171875,2489444
2020-12-28,2211.6509513503106,2223.05396832129,2185.0284203520478,2196.84521484375,1532477
2020-12-29,2202.4547221698585,2209.8115646656242,2164.93478053885,2192.614990234375,1749013
2020-12-30,2197.8570183680663,2220.5252028317896,2184.982542109843,2213.12255859375,1924886
2020-12-31,2203.3746069686385,2222.6863209696157,2195.098158111077,2202.82275390625,1709836
2021-01-01,2202.823016815267,2210.7317142505094,2190.5003924062867,2195.604248046875,830096
2021-01-04,2211.650848420114,2234.6409819795745,2207.696500545282,2231.42236328125,1614486
2021-01-05,2211.6509915413803,2259.42444726687,2211.6509915413803,2253.5390625,2356303
2021-01-06,2249.17066484687,2253.032962165122,2208.5241559014316,2222.9619140625,1641627
2021-01-07,2236.4804653497285,2237.1241442652704,2174.8668998980706,2178.407470703125,2403881
2021-01-08,2197.8569676104244,2207.053021868209,2171.0045340803035,2198.96044921875,2797948
2021-01-11,2230.0432484983808,2245.6305161986766,2208.984373194071,2233.813720703125,2787672
2021-01-12,2234.457496324699,2237.4922393875277,2181.3042533431517,2184.890625,2036708
2021-01-13,2190.4080285867485,2205.2137654410053,2174.4990346600116,2181.6259765625,1702740
2021-01-14,2175.786523861207,2212.5707423542117,2162.1302929404587,2205.7197265625,2120413
2021-01-15,2200.15614814061,2213.4904278263107,2154.4517999136137,2162.13037109375,2042957
2021-01-18,2183.602907634549,2183.602907634549,2134.0820696397745,2145.071533203125,1733797
2021-01-19,2153.7154779883426,2190.5917380187057,2136.4728796910404,2173.1650390625,1495269
2021-01-20,2167.509819977697,2183.0970858297046,2157.67008758978,2166.544189453125,1380562
2021-01-21,2184.982506098747,2206.960986114977,2161.0727648703937,2177.3037109375,1521133
2021-01-22,2169.3491453482516,2227.284285728472,2167.50993454253,2215.6513671875,2548089
2021-01-25,2225.445163897549,2236.802380882162,2193.2589735106008,2206.685302734375,2124424
2021-01-27,2230.04290046775,2230.04290046775,2147.2784216875034,2199.05224609375,2460297
2021-01-28,2177.533570538317,2217.6744815770653,2105.8963985754003,2115.460205078125,3867335
2021-01-29,2128.978256683129,2135.599369744124,2070.031468896468,2081.894287109375,4472694
2021-02-01,2093.619705013951,2101.2985004993343,2047.225653920854,2067.824951171875,2717591
2021-02-02,2088.470106137804,2092.1025029435996,2027.7301182376427,2051.134033203125,4215607
2021-02-03,2052.0992633302844,2075.5491988960125,2039.3168392388784,2053.3408203125,2353429
2021-02-04,2058.996189271164,2077.3882945795262,2047.225196971211,2065.065673828125,2908003
2021-02-05,2065.0660707345937,2101.29843535074,2060.8357958954084,2087.090576171875,4036942
2021-02-08,2104.0575288402824,2104.7012078319804,2050.996332740239,2056.835693359375,2780672
2021-02-09,2066.3530575824875,2073.433973313346,2032.7874649693317,2038.0751953125,3131481
2021-02-10,2041.5237061584378,2060.835416892369,2034.8565679288663,2055.777587890625,2055520
2021-02-11,2061.7549404223514,2085.6646765735472,2054.4441236941043,2081.066650390625,1824480
2021-02-12,2085.6653179600603,2089.5736414174366,2052.5595192622814,2061.341796875,1222094
2021-02-15,2070.0319059688263,2079.917664737891,2035.0868982270158,2037.1099853515625,2449407
2021-02-16,2047.9613733996232,2049.8466095081026,2013.9819963232865,2019.545654296875,2396356
2021-02-17,2019.4536297515135,2024.5574850571852,1986.3478325424724,1989.9342041015625,2447956
2021-02-18,1990.0256560017413,1994.2099045710709,1970.8978229083689,1974.2545166015625,3205806
2021-02-19,1979.8185329656837,2017.614407710236,1977.1517668992742,2005.7515869140625,3364030
2021-02-22,2027.7301931409509,2027.7301931409509,1987.8194029541976,1993.3370361328125,2678023
2021-02-23,2009.3377798276715,2016.0969692583926,1995.7275751349273,2004.050048828125,2062144
2021-02-24,2012.5563529951582,2012.5563529951582,1982.2554009449698,2003.6822509765625,924143
2021-02-25,2001.9811184603961,2009.3379622581376,1986.3478253901956,1989.382568359375,2099460
2021-02-26,1984.508243961297,2006.9465235502787,1949.56324244576,1960.64453125,3413194
2021-03-01,1963.5415554361834,1980.8301831817923,1956.9204409521144,1971.082275390625,1229276
2021-03-02,1988.1868312811634,2008.3260992951261,1968.4613407855363,2002.8544921875,2095135
2021-03-03,2027.7300036195363,2027.7300036195363,1998.7624321392573,2017.154541015625,2031893
2021-03-04,2009.3379128548286,2026.3506137188167,1999.2222528816465,2020.2811279296875,2290915
2021-03-05,2008.970065445504,2032.281927845838,2000.3716650698236,2024.1435546875,2129837
2021-03-08,2032.3282429678284,2037.937926565864,1994.624415835846,1999.728271484375,1440724
2021-03-09,2001.0613202183306,2027.7298764160932,1988.2328699844275,2021.75244140625,1711842
2021-03-10,2032.7879191353597,2057.065414068962,2016.8786993849574,2048.7431640625,2696085
2021-03-12,2056.2380400715074,2059.824411964076,2023.132239784131,2027.5003662109375,2038930
2021-03-15,2028.7417372555083,2039.1791247354995,2007.7746874293366,2033.10986328125,1632022
2021-03-16,2042.7656264908264,2066.813218853807,2036.2823632598884,2063.640625,2633605
2021-03-17,2072.790652626269,2080.147496113851,2040.834363727084,2047.317626953125,3703365
2021-03-18,2058.0770348992596,2069.020250150026,2027.7300544918978,2037.1099853515625,2597091
2021-03-19,2026.9022318393913,2138.312329642476,2015.315114680781,2126.173583984375,5382214
2021-03-22,2124.3805228550004,2167.050123579854,2116.931629315011,2164.015380859375,2471516
2021-03-23,2173.0278601079367,2182.17789019816,2145.8074467059278,2149.39404296875,1970612
2021-03-24,2149.3933502523178,2161.899846679914,2129.391936487993,2132.19677734375,1762743
2021-03-25,2132.1972367524313,2135.32380540474,2051.6857365685196,2057.203369140625,2495833
2021-03-26,2073.7101340008626,2138.0825106660777,2068.0086255416927,2131.55322265625,1929236
2021-03-30,2138.0826627841648,2212.570703939226,2138.0826627841648,2205.903564453125,3327203
2021-03-31,2194.1787021016476,2242.550040746162,2190.1783284095245,2236.020751953125,2709756
2021-04-01,2250.09072221346,2250.09072221346,2199.7423224330246,2206.2255859375,1532653
2021-04-05,2207.0531870012087,2222.8703566054387,2157.8542930409735,2182.40771484375,2545447
2021-04-06,2190.776049953906,2217.1686807617334,2186.224048000533,2214.685791015625,3683538
2021-04-07,2222.685977350165,2239.2388725062688,2195.41977041212,2211.880615234375,1713970
2021-04-08,2212.5708548822554,2242.917836682386,2203.0070473928945,2216.1572265625,1814515
2021-04-09,2229.1233923793416,2283.3801086129974,2229.1233923793416,2276.94287109375,2604858
2021-04-12,2245.216449802625,2288.2079996810903,2241.630078762358,2264.068359375,2261945
2021-04-13,2271.425279378094,2304.4390225808465,2251.9296903038517,2257.079345703125,1811781
2021-04-15,2296.2544021513622,2296.2544021513622,2226.456450657692,2262.82666015625,3352379
2021-04-16,2271.3331882541825,2279.6556616625726,2243.8370778027124,2261.217529296875,1225517
2021-04-19,2243.837359944644,2261.9535429071598,2219.9736427609587,2240.756591796875,1746316
2021-04-20,2258.5507008942504,2258.5507008942504,2192.155240664703,2204.707763671875,1589508
2021-04-22,2197.8570678890533,2197.8570678890533,2144.519950760365,2160.52099609375,1721265
2021-04-23,2151.876758256825,2161.07281277929,2115.0925401669647,2122.219482421875,1949756
2021-04-26,2137.163246432857,2179.2812245052746,2125.208374572432,2170.86669921875,1946867
2021-04-27,2173.0277512021607,2194.5924548250214,2163.785671217204,2188.523193359375,1668456
2021-04-28,2188.660606342817,2248.434950633692,2176.062058679496,2213.076171875,1951215
2021-04-29,2237.399878923453,2252.067539762248,2192.4770665184005,2214.0419921875,3151150
2021-04-30,2216.2487947258364,2246.5037195872196,2142.9102713319007,2164.52099609375,4010778
2021-05-03,2154.635320619095,2220.8469053756357,2151.8765045875725,2214.40966796875,1692239
2021-05-04,2215.5135682205964,2223.7900178794494,2181.4881640675335,2214.088134765625,1453111
2021-05-05,2238.3193720213294,2238.3193720213294,2178.2230739328043,2202.1328125,1256857
2021-05-06,2207.052987709205,2222.272502172891,2185.948088416844,2197.85693359375,1377740
2021-05-07,2215.1453319668053,2229.1232878792866,2204.431795318486,2217.352294921875,1169518
2021-05-10,2228.2036146341084,2250.2281163969983,2221.766377612879,2237.3076171875,988495
2021-05-11,2230.0432503215266,2230.9628557855767,2201.7653823019855,2208.984375,1019077
2021-05-12,2196.937440581824,2196.937440581824,2138.128716407328,2141.715087890625,2053932
2021-05-14,2141.6691413282538,2190.868035168969,2139.002375205663,2185.764404296875,1388970
2021-05-17,2193.2591948933127,2202.455250217813,2176.246492542987,2185.212646484375,811243
2021-05-18,2208.98439320572,2214.7319274034026,2176.6601261701207,2183.373291015625,1153722
2021-05-19,2170.2689638732913,2188.6610737366245,2155.555275982625,2170.0390625,1323590
2021-05-20,2170.268460443937,2172.107671003635,2151.876354846954,2155.692626953125,856235
2021-05-21,2151.876911991348,2175.9245064803845,2151.876911991348,2172.338134765625,771492
2021-05-24,2165.6707767580597,2170.222778711057,2138.312515353154,2148.7041015625,1194864
2021-05-25,2165.6707084061845,2179.2809131747836,2150.0374166682204,2155.60107421875,1098457
2021-05-26,2166.360530234234,2179.6487840313525,2156.7046730475804,2164.751220703125,811095
2021-05-27,2163.8317129702023,2163.8317129702023,2136.151497979937,2139.3701171875,3755182
2021-05-28,2145.7613893774524,2161.072729763968,2132.8869135405607,2135.0478515625,1215325
2021-05-31,2138.0827441653987,2156.474853792628,2133.622567775573,2151.9228515625,1178704
2021-06-01,2158.3139799724563,2173.0276670962567,2143.2325404757803,2168.70556640625,1141451
2021-06-02,2166.5900993050354,2182.8210431385114,2161.072467473189,2169.1650390625,1113091
2021-06-03,2178.545299669252,2180.4305357345133,2156.4747689845485,2173.257568359375,868532
2021-06-04,2179.46489000303,2179.46489000303,2146.313069030966,2153.761962890625,1283795
2021-06-07,2164.7510643385103,2164.7510643385103,2143.600140600284,2151.23291015625,1128300
2021-06-08,2151.2329397625517,2172.1079372714867,2147.416442675528,2169.34912109375,1106664
2021-06-09,2172.108209218153,2181.258239117285,2157.026768696885,2166.590576171875,1072858
2021-06-10,2173.947410829609,2207.007183786271,2165.900862671928,2187.5576171875,1944339
2021-06-11,2189.5801258905226,2196.5231905119276,2170.2684154143776,2176.245849609375,1128097
2021-06-14,2184.490164879758,2199.95887838143,2164.2978900713942,2190.233154296875,1761632
2021-06-15,2185.97173727347,2218.3908096482883,2185.97173727347,2215.565673828125,1215463
2021-06-16,2209.128594658817,2240.4825647487182,2207.87805405588,2230.33984375,2153668
2021-06-17,2221.1702140958923,2247.0127629124568,2210.4255137645055,2239.41748046875,1555777
2021-06-18,2241.5474636178437,2312.5915053570707,2227.653574380543,2299.80908203125,3937751
2021-06-21,2291.5191737565333,2342.509793977499,2285.081716782321,2328.940185546875,2506277
2021-06-22,2332.4138459471405,2347.0949215050528,2298.6515104810155,2306.617431640625,1945883
2021-06-23,2311.016941420423,2328.6158680284343,2276.930554131086,2297.586181640625,1035668
2021-06-24,2306.3855656280107,2320.094247952419,2291.6581337964762,2306.5244140625,759681
2021-06-25,2304.533110261853,2306.339270647295,2264.703960848163,2268.084716796875,1112942
2021-06-28,2269.4281193910674,2283.2292932236933,2257.571954507064,2278.783203125,694906
2021-06-29,2273.9664782307827,2313.3324966930263,2264.703885651431,2308.74755859375,1354397
2021-06-30,2308.7474615286023,2320.2793435775648,2281.376456379857,2289.064453125,1447245
2021-07-01,2300.828063521489,2300.828063521489,2281.3766185400273,2295.2705078125,735043
2021-07-02,2295.270509043941,2308.8864753107655,2271.1877676254007,2303.884765625,860231
2021-07-05,2314.721952355138,2328.0599955991747,2301.800680561692,2314.768310546875,761700
2021-07-06,2306.3860542135367,2313.749771689236,2286.934605563543,2290.176513671875,461782
2021-07-07,2276.7454245704653,2307.126775707618,2265.491464208337,2298.6513671875,623145
2021-07-08,2280.635771399949,2287.6290748581196,2258.6371114028316,2267.066162109375,1114426
2021-07-09,2260.0725993336014,2282.76595125314,2258.6368522499642,2270.67822265625,538094
2021-07-12,2272.113988899275,2278.5050874061126,2250.810025693126,2263.91650390625,543898
2021-07-13,2273.966704616489,2274.4761924865784,2250.810220862757,2257.01611328125,994396
2021-07-14,2259.8877145417077,2261.323461829811,2231.3588799811064,2236.777587890625,1377829
2021-07-15,2246.178513966116,2246.178513966116,2223.948293621709,2234.46142578125,693792
2021-07-16,2241.5475248114712,2250.810117889205,2228.5798945026445,2239.13916015625,545405
2021-07-19,2223.0687293473416,2238.7687796161094,2221.632982171799,2231.034423828125,463873
2021-07-20,2225.800811262013,2278.59758456286,2225.800811262013,2255.348388671875,1061476
2021-07-22,2269.33526792488,2323.0583069206527,2200.328950594103,2202.783447265625,3546044
2021-07-23,2206.349418528928,2215.380445745828,2181.062497094106,2184.2119140625,1517589
2021-07-26,2183.4246890291597,2185.971902050617,2165.5941978789588,2175.505126953125,1311535
2021-07-27,2175.5051565084955,2185.462443909467,2160.0366715410023,2169.669677734375,1656945
2021-07-28,2176.70928944054,2193.798727783325,2170.3181909180407,2187.2685546875,912373
2021-07-29,2187.268458293023,2196.531050605837,2158.184008885788,2162.583740234375,1012663
2021-07-30,2167.446614315892,2182.7762499138757,2147.068911104375,2161.24072265625,1708251
2021-08-02,2169.298882518734,2179.858146146027,2153.182064111291,2160.77734375,1229936
2021-08-03,2158.184349101901,2216.5386898716088,2154.57202798546,2210.84228515625,1733476
2021-08-04,2210.84181803614,2218.159175115713,2192.964970603929,2201.810791015625,1588974
2021-08-05,2214.685785717695,2214.685785717695,2180.414194721646,2183.84130859375,921757
2021-08-06,2183.8413566060394,2205.1916772342547,2183.6561499862464,2196.623779296875,1432661
2021-08-09,2203.9876285479936,2218.391005775418,2199.7269714845506,2208.665283203125,921476
2021-08-10,2217.464624159466,2217.464624159466,2185.1382670859966,2206.164306640625,1061370
2021-08-11,2213.759742211516,2218.3910387433393,2188.0096882670737,2214.176513671875,1300594
2021-08-12,2218.3914803975686,2235.5272809768403,2202.135581107016,2215.890625,1226064
2021-08-13,2223.948522220706,2231.960574505061,2211.9071516297568,2227.1904296875,1033159
2021-08-16,2226.7277089357444,2257.155422202141,2216.2145737650712,2247.475830078125,1146309
2021-08-17,2253.588806076878,2304.023578149369,2251.782645726145,2300.642822265625,1921902
2021-08-18,2301.754433258001,2315.648323197184,2273.0403940503556,2302.72705078125,1545643
2021-08-20,2306.386014919105,2436.0623370430703,2293.418382706708,2426.243896484375,5779927
2021-08-23,2431.4308231593777,2475.7524240479847,2403.179912642669,2439.906005859375,2163220
2021-08-24,2439.766591177483,2461.996810687073,2417.536371667893,2438.84033203125,1482854
2021-08-25,2437.914439833412,2469.8240269965845,2427.401306486265,2449.955810546875,1746570
2021-08-26,2436.9885825065144,2498.8627582210784,2436.9885825065144,2469.778076171875,2117291
2021-08-27,2472.186341945666,2491.6377893719896,2455.606389118247,2480.476318359375,1176229
2021-08-30,2493.1196270374535,2506.2261057021647,2474.5944410025118,2489.507080078125,1168190
2021-08-31,2489.692616595776,2535.5888163061054,2478.345938645937,2523.223388671875,2535891
2021-09-01,2542.582096966953,2570.3698794474662,2514.79431448644,2531.374267578125,1775792
2021-09-02,2545.3604363807135,2602.788510272855,2528.8266182003094,2594.49853515625,1946183
2021-09-03,2595.5635995352195,2601.6306427904124,2552.77046783458,2562.681396484375,1561823
2021-09-06,2584.2633873891527,2616.6824621413466,2570.6474212207354,2575.556640625,1444978
2021-09-07,2582.9669682789668,2601.584645923653,2565.738453551008,2572.87060546875,1219915
2021-09-08,2583.2442642907777,2602.7884244094957,2561.1994756274926,2594.359375,946711
2021-09-09,2576.85338636822,2615.431995964337,2576.85338636822,2603.390625,879454
2021-09-13,2591.2105137261465,2614.3206391215053,2570.3696784951053,2580.8828125,1341412
2021-09-14,2595.378530242621,2597.2310488223798,2548.18566465076,2558.837646484375,1755061
2021-09-15,2569.443346170556,2579.632198660778,2546.3332214316033,2570.786376953125,1362350
2021-09-16,2549.065474577802,2591.0250641361094,2549.065474577802,2564.1171875,1259196
2021-09-17,2565.8311219414204,2577.779777129586,2499.973991546084,2521.509521484375,3095032
2021-09-20,2519.425553131697,2601.8626392451974,2510.209317383596,2593.8505859375,2671330
2021-09-21,2602.788571324403,2648.4531989598404,2590.4229195074095,2605.057861328125,2277437
2021-09-22,2619.368755246005,2630.483867572612,2569.4434661673436,2579.169189453125,1580594
2021-09-23,2592.599833051093,2609.920837083342,2568.3782423220077,2577.13134765625,1054473
2021-09-24,2565.8308234733354,2575.000699538269,2529.9844098035674,2544.10986328125,1635284
2021-09-27,2561.1068517780323,2561.1068517780323,2505.068166594462,2509.699462890625,1465932
2021-09-28,2524.0565628055847,2551.3348536421627,2510.069957085121,2522.991455078125,1078052
2021-09-29,2514.7476778768632,2542.0723276242175,2479.5961821581964,2487.2841796875,1503894
2021-09-30,2487.2841046016215,2505.8092903117777,2484.181045540162,2502.5673828125,1620199
2021-10-01,2506.457527495332,2512.01508298867,2482.4675034040956,2504.6513671875,956111
2021-10-04,2500.900344688905,2523.1305699750287,2482.097233906883,2488.117919921875,1025005
2021-10-05,2488.117633757735,2514.7475880689644,2487.9324271291607,2508.912109375,562784
2021-10-06,2495.3890788003996,2532.3930950755503,2478.670052092967,2487.97900390625,862471
2021-10-07,2499.0475019713986,2504.8366223892344,2469.4072054320786,2472.556396484375,1082816
2021-10-08,2473.5756463246203,2481.0320794768295,2431.8012583038894,2445.37109375,1579941
2021-10-11,2447.362296310919,2468.9441833966657,2441.156404180046,2450.048583984375,1086252
2021-10-12,2431.4307631886486,2489.8314596996006,2431.4307631886486,2478.808837890625,1174337
2021-10-13,2489.878314310423,2494.972741687085,2447.7335060125843,2451.577392578125,1660007
2021-10-14,2451.576838850052,2479.3646182646175,2426.799402205397,2454.17041015625,2158809
2021-10-18,2475.705956779055,2481.3560029509467,2448.1497419973066,2458.292236328125,1758177
2021-10-19,2473.0194467188758,2530.5402357987336,2334.6364071488683,2358.9970703125,5431133
2021-10-20,2379.559925043462,2393.4538132784373,2287.860262692624,2295.872314453125,4864654
2021-10-21,2318.7971899037857,2320.279295078197,2248.957336706532,2265.3984375,3254632
2021-10-22,2277.6716367916656,2314.0273146054406,2250.810116878303,2273.133056640625,1845622
2021-10-25,2273.132952536361,2281.88605736251,2232.284828497642,2274.75390625,1560381
2021-10-26,2300.895234205019,2300.895234205019,2252.5736798418484,2271.0263671875,1595060
2021-10-27,2287.94126536677,2288.127610188437,2228.4360624236206,2233.515380859375,3083879
2021-10-28,2236.683630966307,2251.5948551727492,2206.861182553423,2227.037841796875,2015791
2021-10-29,2236.683763941311,2238.547667077929,2211.5210715969715,2230.2998046875,2453400
2021-11-01,2230.160172714956,2246.842015298541,2207.0943706778917,2243.30078125,1941114
2021-11-02,2250.6628434889876,2262.778212832821,2238.5474741451544,2254.29736328125,1350154
2021-11-03,2268.3698398989964,2268.3698398989964,2223.8225148754063,2247.26123046875,1591607
2021-11-04,2263.7104151816297,2264.642366772894,2255.3228508602483,2257.97900390625,245719
2021-11-08,2282.3495498773123,2282.3495498773123,2236.777206021329,2266.4130859375,2555533
2021-11-09,2273.775384424244,2279.7397831949247,2252.0142252258966,2265.7138671875,1696949
2021-11-10,2246.981895032872,2255.3228161408374,2232.9559782948127,2236.823486328125,1794509
2021-11-11,2239.200136166741,2243.1609305947204,2205.1839016676213,2214.50341796875,1282647
2021-11-12,2225.5000990287467,2249.3581475501583,2214.503026233296,2241.296630859375,1651974
2021-11-15,2240.5045612385647,2264.642012667221,2240.5045612385647,2259.749267578125,1007999
2021-11-16,2268.975993858515,2268.975993858515,2236.7772463700267,2242.88134765625,1245209
2021-11-17,2240.411704537913,2246.0500573696754,2224.7548717461746,2228.43603515625,956809
2021-11-18,2227.3645011336043,2242.602002016282,2208.725467651315,2236.124755859375,1236943
2021-11-22,2245.443992921841,2245.9099687008593,2215.3885551751696,2226.012939453125,1629290
2021-11-23,2225.313921497465,2236.6836847226928,2177.5047622310713,2231.2783203125,1932539
2021-11-24,2242.2753402496314,2242.2753402496314,2205.9292312430916,2213.15185546875,999070
2021-11-25,2224.5684450652166,2224.5684450652166,2181.698671930319,2189.200927734375,1363272
2021-11-26,2184.4944732486665,2204.0654561574647,2166.9737382820094,2176.2001953125,2450902
2021-11-29,2175.5476973960804,2182.8636083774177,2129.229748948553,2170.887939453125,1724612
2021-11-30,2163.9913769391906,2200.337485337394,2145.352346991394,2159.84423828125,3931035
2021-12-01,2180.7668088291057,2196.3769985931604,2165.1566190650515,2185.286865234375,1263139
2021-12-02,2196.6097465508337,2225.5002438537936,2185.4263282400107,2221.1201171875,1673117
2021-12-03,2221.119981002688,2227.2707241801795,2178.809247804626,2184.16796875,1890178
2021-12-06,2184.494572065359,2203.086961164305,2144.420652867914,2149.54638671875,1079171
2021-12-07,2169.49000946365,2182.304343791381,2154.672070233753,2163.618896484375,895313
2021-12-08,2160.4964774011905,2184.9135602071515,2160.4964774011905,2181.32568359375,839769
2021-12-09,2181.698630871688,2188.7815538324444,2163.5722182949253,2180.53369140625,716666
2021-12-10,2187.29006162018,2187.29006162018,2162.1273723727386,2174.056396484375,724539
2021-12-13,2191.9501265969234,2191.9501265969234,2144.4205957906124,2147.542724609375,1804894
2021-12-14,2148.1482124068675,2166.7405993688926,2147.2162609047386,2160.543212890625,1219031
2021-12-15,2158.399581091516,2166.6007994439383,2143.954333463313,2163.0126953125,755122
2021-12-16,2163.0130857928384,2167.0671663860862,2147.1699081147017,2152.34228515625,926493
2021-12-17,2146.2843358980913,2151.8294018987663,2074.5240693483074,2078.48486328125,2439222
2021-12-20,2074.5239629215275,2119.5839073049447,2051.364877984946,2114.691162109375,2175705
2021-12-21,2134.1689121996083,2146.004650617717,2099.4537191954882,2118.18603515625,1591415
2021-12-22,2143.488632638794,2159.7044991096,2114.5981336771406,2122.659423828125,1661605
2021-12-23,2142.5099661548115,2148.148318526673,2119.817082473267,2144.09423828125,1423081
2021-12-24,2152.808008922328,2155.60386347937,2127.9249488700993,2140.64599609375,895503
2021-12-27,2140.6458303169975,2151.0372254656045,2123.2183837665043,2144.79296875,584302
2021-12-28,2152.808147832212,2160.6364500861596,2141.391740987647,2151.969482421875,783710
2021-12-29,2157.3745866697304,2163.851832067857,2142.603290881767,2149.87255859375,1410236
2021-12-30,2150.943998619308,2171.446931015159,2140.3662583951077,2167.346435546875,963711
2021-12-31,2180.7664349477936,2209.0512530102455,2171.4469202685295,2199.545166015625,1123597
2022-01-03,2216.180732504574,2216.180732504574,2192.881944315922,2200.6171875,879278
2022-01-04,2207.746552600195,2244.23259186494,2195.0721481873306,2237.8486328125,1484275
2022-01-05,2240.225272352185,2255.322842569724,2229.2281981102396,2251.40869140625,1202512
2022-01-06,2234.81991682843,2247.867239111832,2206.5817380953326,2228.6689453125,1198901
2022-01-07,2225.500274338027,2257.0933404879634,2225.500274338027,2251.734619140625,1026186
2022-01-10,2259.9823901894633,2259.9823901894633,2238.547505663955,2243.25390625,919447
2022-01-11,2252.666550738767,2253.738431515085,2229.228060759648,2240.085205078125,1321335
2022-01-12,2243.3936546615473,2251.5948735474635,2235.285721938573,2248.938720703125,1487554
2022-01-13,2253.4589420121,2257.093462197997,2239.7126560755087,2249.91748046875,1586299
2022-01-14,2255.3229257419785,2256.254877364186,2200.1514352127488,2202.85400390625,1596037
2022-01-17,2203.1336586498196,2231.278552438457,2185.426577636983,2226.945068359375,912205
2022-01-18,2244.79173391548,2244.79173391548,2196.982572171275,2208.25927734375,1667579
2022-01-19,2203.1332649146266,2207.4203326677316,2148.1947715170586,2152.714599609375,2145255
2022-01-20,2166.7872285031203,2167.2998473314365,2090.3672058204297,2107.887939453125,2829711
2022-01-21,2110.6837881160795,2175.501059998497,2096.8908605059737,2167.159912109375,4596050
2022-01-24,2179.741508664749,2185.3798613564986,2112.4546485750116,2129.13671875,2231103
2022-01-25,2128.1113964182846,2174.895319426171,2088.410168780537,2168.88427734375,1843543
2022-01-27,2152.807782462719,2167.3463156408807,2120.1894827284355,2139.15478515625,2620474
2022-01-28,2138.4560688825172,2160.9159642090744,2123.0322255762453,2128.157958984375,1967721
2022-01-31,2134.1688696141423,2154.5321002761502,2116.4617916566453,2119.024658203125,1639875
2022-02-01,2146.5642006114426,2162.1277470784976,2123.3584688786036,2148.754150390625,1270508
2022-02-02,2165.948512513049,2174.242789623745,2140.2732038896747,2169.48974609375,1246111
2022-02-03,2170.514953753348,2173.264165059229,2134.1688467561903,2141.76416015625,1448039
2022-02-04,2149.0801423903085,2155.3708149666895,2127.6452580559735,2149.639404296875,1014561
2022-02-07,2139.061761243759,2159.0520761690627,2084.775584316431,2103.973876953125,1207402
2022-02-08,2113.6664252233313,2113.6664252233313,2093.6761070510775,2110.264892578125,1190660
2022-02-09,2113.246849392447,2125.1758751143198,2102.1100735239675,2122.659423828125,1049611
2022-02-10,2124.8495997875057,2129.5093576817767,2102.343060169074,2127.78515625,1195100
2022-02-11,2123.9179093907424,2123.9179093907424,2095.959358587003,2104.346923828125,2100036
2022-02-14,2068.932646855477,2084.0768610498017,2056.817275500017,2076.90087890625,1661501
2022-02-15,2094.9805546971043,2147.356189136219,2071.3090750569004,2134.262451171875,1533070
2022-02-16,2134.2618541151332,2146.9828988915065,2120.189297874412,2130.90673828125,995668
2022-02-17,2126.713735535048,2155.604237639161,2121.1220254503805,2150.525146484375,869374
2022-02-18,2137.8970659946654,2169.3970769886173,2137.8970659946654,2155.184814453125,890713
2022-02-21,2141.624777740861,2147.2631304287875,2129.276419035436,2138.642578125,737919
2022-02-22,2124.8495571223684,2124.8495571223684,2096.9842964850354,2115.4833984375,902667
2022-02-23,2115.5300780960574,2119.2112413168115,2098.987937617553,2106.583251953125,1324411
2022-02-24,2050.2931846377364,2089.435145435366,2013.2947576749427,2023.6392822265625,2997629
2022-02-25,2045.6337742081005,2046.5657258136623,2015.0190729544972,2022.9873046875,2193728
2022-02-28,2016.743458692793,2031.5613995641477,1975.737584301627,2024.2923583984375,2334036
2022-03-02,1984.078217385975,2008.169256092091,1978.5797942227177,2002.857177734375,2034688
2022-03-03,2011.0581611173682,2020.4243197114147,1944.6101975454092,1948.710693359375,2372998
2022-03-04,1933.7996087826311,1936.5488205523177,1840.8374348182613,1882.0762939453125,6320118
2022-03-07,1844.7980363442316,1845.4038275857765,1795.8705814778145,1811.6671142578125,2976453
2022-03-08,1793.5872451742684,1824.7609763069602,1772.15236138721,1816.3734130859375,3211938
2022-03-09,1830.3527442785537,1870.4733018212646,1818.2373747899483,1861.9459228515625,2879079
2022-03-10,1912.2714256309555,1970.1457118674798,1909.5688569614315,1958.9156494140625,4879791
2022-03-11,1957.0980474577505,1966.6039067542463,1929.1395039226397,1951.8790283203125,2481643
2022-03-14,1952.438471063,1952.438471063,1906.8660181265152,1919.1678466796875,1730325
2022-03-15,1905.8409783496777,1939.2048903709785,1887.2019467765758,1899.503662109375,2391023
2022-03-16,1919.820190241538,1938.4592212147568,1893.7721899619114,1931.143310546875,2808685
2022-03-17,1955.3276259682223,1972.661788174635,1940.6493891465368,1959.0087890625,2995889
2022-03-21,1963.155860618933,1967.2563562620776,1906.7727941259611,1911.618896484375,1674982
2022-03-22,1913.9954154438203,1913.9954154438203,1835.0125248978125,1857.8453369140625,5356303
2022-03-23,1875.086576603245,1879.3270017923637,1840.8373560812922,1843.912841796875,3212162
2022-03-24,1835.9443913507482,1855.841532433224,1818.5634737255946,1832.1234130859375,3054664
2022-03-25,1840.5113262761513,1842.4684019777267,1812.6459493407579,1820.1015625,2233647
2022-03-28,1826.5784208300988,1846.0097019341574,1799.878099554704,1840.697509765625,1794533
2022-03-29,1845.2640467322778,1859.1035043300467,1839.7189805821397,1851.8343505859375,1249125
2022-03-30,1863.903017593348,1881.6100962604849,1859.2899031302493,1878.7210693359375,1476829
2022-03-31,1881.9828425285125,1914.2283410020175,1880.6780877030533,1909.2423095703125,2540524
2022-04-01,1915.0672329356435,1943.9113166928735,1899.690145450972,1936.735107421875,1714996
2022-04-04,1936.5952735741182,1987.3399887260887,1929.3260061563153,1983.6121826171875,1693019
2022-04-05,1998.5701904566095,2011.151536957502,1982.261037585082,1994.1900634765625,1277652
2022-04-06,1989.7165612946765,2017.115845881939,1976.948870552003,1996.286865234375,1736115
2022-04-07,1994.3296824042986,2026.9946298762572,1989.809853883904,2017.48876953125,1824732
2022-04-08,2029.5107944923936,2044.2356741218994,2016.277128316722,2034.496826171875,1693462
2022-04-11,2039.1096861313613,2044.7946807461724,1993.350780865888,2015.8575439453125,1380107
2022-04-12,1995.214853830334,2017.6749757490986,1980.3969161509629,1987.153564453125,1370233
2022-04-13,1992.2328083268965,2017.6751314716864,1985.7091473937317,2005.699462890625,1071601
2022-04-18,2001.8317197057195,2034.3567343827915,1989.76299390288,2029.4639892578125,1828131
2022-04-19,2036.9664425102826,2056.6773541657226,1958.076835387611,1969.26025390625,1775996
2022-04-20,1970.5184610945912,2021.0768376797798,1950.2951559659668,2017.628662109375,1511804
2022-04-21,2036.3138430331087,2053.787932075155,2020.47066896832,2048.382568359375,2244813
2022-04-22,2033.5182099100928,2040.0418705285028,1975.7372158613184,1982.2142333984375,3520828
2022-04-25,1957.0982775403875,2014.8792743058655,1907.704844821511,1957.7972412109375,2437310
2022-04-26,1996.426686297958,2011.1049241029732,1976.6693577420535,2002.1583251953125,1447088
2022-04-27,2001.645496029156,2005.932336453137,1960.3599986854579,1999.1292724609375,2214481
2022-04-28,2078.251694669211,2096.890723320953,2017.67485155105,2089.29541015625,5865359
2022-04-29,2091.671927766584,2134.1690086439226,2071.308923305249,2082.77197265625,2678692
2022-05-02,2068.932282910222,2098.75473023145,2055.791676048419,2078.7177734375,1543544
2022-05-04,2089.3887165693423,2097.683221819358,2002.4375920917612,2023.7794189453125,1608395
2022-05-05,2029.7902933991888,2052.1104855094077,2007.0507686346195,2019.1661376953125,1101451
2022-05-06,1980.3968929549208,2022.3347095116133,1962.8761596435704,2002.9500732421875,1585602
2022-05-09,1977.1351682299864,1993.817009583609,1966.5574273678528,1972.6151123046875,1341414
2022-05-10,1988.784518567968,2048.3361289331297,1974.8052459444818,2032.0269775390625,2162232
2022-05-11,2036.314550284731,2040.6946779538005,1972.0098802757395,2016.277587890625,1858636
2022-05-12,2017.5356875761809,2017.5356875761809,1965.6724400133942,1993.25830078125,1531515
2022-05-13,2022.3347992229694,2067.0684722011733,2007.5632766140677,2044.794921875,2057239
2022-05-16,2050.2932220021985,2070.7495111435505,2024.4782119397046,2066.369384765625,1396818
2022-05-17,2085.6142542463635,2122.0536503645253,2070.1439952440146,2092.231201171875,2055096
2022-05-18,2083.936895515336,2145.352409985793,2083.936895515336,2135.4736328125,2137455
2022-05-19,2092.7904913700295,2128.3909950691245,2092.650562121211,2110.450927734375,1734602
2022-05-20,2134.1689955517377,2188.222184085362,2127.365703903267,2167.672607421875,2599505
2022-05-23,2151.8761815783296,2225.5003558289523,2149.4066009213248,2217.8583984375,2363306
2022-05-24,2218.04456844299,2218.04456844299,2145.39899457443,2152.481689453125,3078655
2022-05-25,2171.400092219955,2171.400092219955,2130.9068498933934,2142.276611328125,1884260
2022-05-26,2134.3087611319856,2139.760768735695,2104.3466096712536,2125.035888671875,2299127
2022-05-27,2140.692684937092,2176.013557251892,2125.31548454464,2172.00634765625,1011303
2022-05-30,2182.816749274554,2204.065288897061,2172.378938020739,2189.107421875,939562
2022-05-31,2199.4056632117813,2206.767989463334,2147.1230901219974,2193.114990234375,3123979
2022-06-01,2208.7251892064764,2249.544712892195,2145.3524833558267,2151.363525390625,2197599
2022-06-02,2138.829103810092,2149.965880871319,2103.5546417407054,2129.3232421875,1460335
2022-06-03,2128.5776020371914,2166.740977198737,2111.0102221478273,2135.986572265625,1845303
2022-06-06,2117.5806731126518,2145.3062370501966,2094.654797095788,2125.31591796875,2131405
2022-06-07,2096.891098449515,2106.0709127136256,2056.863822764561,2061.104248046875,2034730
2022-06-08,2064.2729203320728,2067.954083871908,2037.2463222780636,2047.54443359375,1506843
2022-06-09,2047.497581755784,2058.0753229955944,2023.0338532527846,2048.14990234375,1497867
2022-06-10,2015.811512975,2058.541589131494,2015.6251681417598,2050.200439453125,1641981
2022-06-13,2020.4708672621286,2066.1364911070755,2009.287449177652,2047.4041748046875,1519441
2022-06-14,2041.7660520753516,2063.293995391315,2013.015257046004,2023.2667236328125,1592475
2022-06-15,2029.5660368013548,2029.754026849363,2003.523102910068,2018.1429443359375,1432377
2022-06-16,2016.6857977639415,2034.5492150867924,2007.331054073142,2018.2840576171875,1353485
2022-06-17,2030.7882221594712,2031.1642022380368,1974.377438210597,1984.2022705078125,3252189
2022-06-20,1984.7193620123442,2071.121785294525,1982.039758032247,2064.54052734375,2022000
2022-06-21,2063.6946376532383,2098.481289859694,2042.2114376518462,2073.096435546875,1606187
2022-06-22,2058.2413605005468,2091.8057300002215,2055.2798862496575,2071.074951171875,1741378
2022-06-23,2075.917009965697,2122.314975168631,2060.9682428768456,2117.84912109375,1585753
2022-06-24,2129.507416941425,2180.0891401252234,2124.8535724672506,2166.080322265625,1930048
2022-06-27,2177.315445663441,2192.358322214852,2160.580199592781,2181.828125,1450391
2022-06-28,2181.8283521470316,2184.9780465673257,2141.5888368115943,2179.0078125,1404108
2022-06-29,2158.8407635800163,2162.3193828566273,2091.9000091930543,2099.844482421875,1682914
2022-06-30,2091.8058308665695,2114.464254622484,2080.9937637575617,2097.1650390625,2387212
2022-07-01,2092.840115415233,2155.832158421891,2071.780180911018,2145.8193359375,1235612
2022-07-04,2139.84920101813,2236.029639396416,2139.84920101813,2233.114990234375,2410245
2022-07-05,2241.858497811833,2267.713439598298,2229.7302714791517,2257.841552734375,2463079
2022-07-06,2256.4314699075953,2359.0051756249095,2256.4314699075953,2348.945068359375,4770394
2022-07-07,2355.1498918523007,2379.5945613884924,2318.0127977492402,2325.01708984375,3333262
2022-07-08,2328.308231372418,2354.0222408446275,2306.0730708063625,2347.488037109375,1346970
2022-07-11,2338.227077435098,2373.953908533825,2331.6458190748067,2341.61181640625,1587197
2022-07-12,2326.9448625220853,2341.6117583184705,2298.222325483538,2303.017333984375,1116476
2022-07-13,2316.602676784106,2368.6417126569672,2314.158117859443,2348.333740234375,2528792
2022-07-14,2353.034947525601,2371.979478303374,2320.5516901761675,2348.381103515625,1663307
2022-07-15,2378.6548844854124,2419.928685725884,2352.3769050877404,2414.851806640625,2996964
2022-07-18,2426.6039669051056,2449.168281204107,2381.522393202441,2400.7490234375,1566888
2022-07-19,2397.411237650061,2420.9627856075535,2371.838395103478,2414.33447265625,1473121
2022-07-20,2420.9629386188567,2461.3906692443366,2383.919947022965,2448.6982421875,4012897
2022-07-21,2460.449952271113,2472.578176996364,2436.6633630729407,2451.47119140625,1990695
2022-07-22,2460.4503385664325,2485.0830014366134,2454.8563151138937,2482.638671875,1905780
2022-07-25,2487.2456070787753,2495.237135205847,2455.749584460314,2466.65576171875,1253821
2022-07-26,2467.971592713911,2467.971592713911,2386.27007256382,2394.731689453125,1685576
2022-07-27,2383.684831490896,2435.5356531176712,2373.953879221046,2427.4970703125,1404133
2022-07-28,2467.9715344770234,2467.9715344770234,2430.364349189754,2463.36474609375,1442054
2022-07-29,2482.074441880292,2486.7753404444593,2440.70653451562,2479.6298828125,1463059
2022-08-01,2479.724231724384,2480.194321626133,2425.663893023284,2437.88623046875,1559918
2022-08-02,2444.467306973959,2481.2284263663405,2443.527127240507,2477.608642578125,1359934
2022-08-03,2458.805123759822,2504.638887179492,2442.492913066802,2469.2412109375,1767904
2022-08-04,2476.4334947993248,2485.3181476490777,2458.5700793091246,2470.745361328125,1189384
2022-08-05,2480.1941289964025,2498.6685688858342,2470.3692967201387,2487.1513671875,1176666
2022-08-08,2487.1518340348275,2498.998192676859,2468.9594905569834,2491.805908203125,1024511
2022-08-10,2491.80543410414,2516.579032217139,2473.8008545899643,2484.70703125,1098949
2022-08-11,2497.164854880746,2508.1649137399977,2450.673005001465,2457.34814453125,810674
2022-08-12,2467.8775740621036,2469.00597331785,2430.458606065407,2439.71923828125,1473527
2022-08-16,2451.9418031702107,2489.92520387724,2435.5827668671755,2486.305419921875,1584117
2022-08-17,2492.416751194899,2532.8444842395543,2486.3055822462884,2524.0537109375,1711381
2022-08-18,2524.382859608925,2552.5882546883545,2505.2501081322753,2521.609375,1465489
2022-08-19,2528.143675858579,2537.498419677946,2469.3824338574036,2476.950927734375,1324508
2022-08-22,2489.596188777673,2507.2716154813493,2463.3652633463025,2469.5703125,1410895
2022-08-23,2446.394840902538,2472.3907199885966,2430.599774701353,2437.651123046875,1305045
2022-08-24,2421.9032074036513,2453.8693211659665,2408.08261000775,2433.42041015625,1242489
2022-08-25,2445.595546890646,2471.1683904667857,2411.9841204557224,2420.210693359375,1106593
2022-08-26,2444.3731959899155,2458.2879019454017,2408.7404759239685,2417.71923828125,1048791
2022-08-29,2397.458645708625,2451.8949678496874,2397.458645708625,2421.71533203125,1450034
2022-08-30,2433.843137339098,2507.4592535704824,2430.9287179980906,2500.737060546875,2227943
2022-09-01,2491.4760586671982,2496.1769568910986,2438.825998559514,2450.108154296875,1702269
2022-09-02,2458.5700079498542,2466.091445832684,2430.3646158892443,2447.85205078125,937600
2022-09-05,2441.6469991057124,2465.527474783493,2431.399130854591,2445.03173828125,1274074
2022-09-06,2436.193874629951,2463.2710990303262,2409.6808499292847,2419.1767578125,1250776
2022-09-07,2417.9545516562225,2441.552927852562,2407.612573445149,2411.185302734375,1344964
2022-09-08,2425.6637349391426,2440.706610814734,2409.6806793213264,2422.984130859375,1004533
2022-09-09,2442.5869792607314,2488.6557867987513,2428.907318053962,2433.84326171875,1785443
2022-09-12,2436.0060374756445,2449.168555624876,2420.022979723006,2426.0400390625,1595709
2022-09-13,2442.5868532175573,2452.9288298863,2424.7234389715472,2431.868896484375,1342130
2022-09-14,2397.4586122094624,2450.1086836932777,2394.3559728040896,2417.578369140625,1610054
2022-09-15,2425.664190488432,2443.3396188689812,2398.398972843407,2407.236572265625,1199906
2022-09-16,2402.1594474019203,2410.4801306486484,2367.9838190266,2376.91552734375,2516820
2022-09-19,2379.5950650511595,2433.185313454129,2358.0179846277065,2424.958740234375,1166725
2022-09-20,2443.1512161388982,2464.6812408283668,2425.287800698982,2429.00146484375,1253333
2022-09-21,2427.5441910706472,2488.4208318033448,2425.663831511336,2466.65576171875,1960049
2022-09-22,2466.1855195181556,2539.660472946018,2463.3179254600923,2531.6689453125,2620240
2022-09-23,2536.511087678643,2560.8148282531884,2514.0408814131347,2521.609375,1789791
2022-09-26,2508.8698915991968,2565.750771659812,2484.9423606875284,2501.3955078125,2678551
2022-09-27,2515.9209783521505,2551.4127634540914,2494.6728244634487,2518.9765625,1898501
2022-09-28,2510.2330422705436,2546.712064870694,2493.4039154560223,2540.4599609375,1526197
2022-09-29,2548.9213835651585,2563.8701496087356,2530.1177887752156,2539.00244140625,2019666
2022-09-30,2545.066647598627,2552.493975996988,2508.305526629742,2535.147705078125,1340054
2022-10-03,2560.1096540976523,2570.451632134771,2460.9677378217643,2465.62158203125,1683197
2022-10-04,2491.4763583162144,2516.3911218993767,2476.5744173397807,2508.3525390625,1327939
2022-10-06,2520.903775888426,2531.2457521797,2449.2150765966394,2457.629638671875,1752351
2022-10-07,2455.6554500238467,2456.68973958552,2420.96290831715,2444.185302734375,1025923
2022-10-10,2416.2619313231776,2454.5272008264124,2389.9368986083723,2449.732421875,1043728
2022-10-11,2453.8693445355434,2454.3864893467826,2392.757655878528,2398.069580078125,1129783
2022-10-12,2410.1035658825,2448.7920976142163,2401.4069038024695,2436.334716796875,882873
2022-10-13,2428.4840270723653,2451.1892737224443,2409.5863243620292,2412.876953125,753331
2022-10-14,2435.0658401511137,2467.8780254877447,2416.450232994862,2421.71533203125,1001536
2022-10-17,2419.646519838906,2453.8219135357876,2414.381421808702,2435.58251953125,778918
2022-10-18,2463.2707084914496,2483.9546610055,2441.6465763176698,2446.58251953125,1123374
2022-10-19,2458.852227841982,2460.9205774535426,2424.1594561917627,2428.484375,1241979
2022-10-20,2414.5225890372803,2453.869204299969,2414.5225890372803,2445.3134765625,1428125
2022-10-21,2450.1083063011447,2507.224223264995,2450.1083063011447,2495.142822265625,2458302
2022-10-24,2453.9634107377374,2482.07469520613,2397.458512415012,2419.1767578125,719908
2022-10-25,2431.304950498523,2431.304950498523,2350.4494881076207,2355.5263671875,2923789
2022-10-27,2344.8084925658745,2378.6549663960154,2339.1674135941844,2368.31298828125,1846329
2022-10-28,2374.988203682049,2398.3044782988304,2361.731577139249,2373.248779296875,1164951
2022-10-31,2392.7572327869943,2418.1420835866993,2389.983748699422,2398.1162109375,1324443
2022-11-01,2431.5273479495604,2438.0108823159662,2411.272599879386,2415.247802734375,1280132
2022-11-02,2426.7949782049504,2426.7949782049504,2367.5447431708913,2383.54052734375,1338284
2022-11-03,2381.0791239070722,2412.597211369291,2374.0752071715146,2410.089111328125,730444
2022-11-04,2408.764421563361,2409.7582801093517,2380.6537761370964,2385.48095703125,889055
2022-11-07,2395.6551772362454,2415.4366782918137,2382.309607860696,2397.26416015625,1283685
2022-11-09,2375.6848116176993,2408.7171494364193,2359.2631528599154,2374.549072265625,1436444
2022-11-10,2370.0056648859245,2402.1862529874106,2367.2135718394065,2379.092041015625,1459152
2022-11-11,2408.8120606373495,2410.5157853237633,2361.4876586601913,2369.10693359375,1162847
2022-11-14,2372.6562336621487,2379.2342792383424,2323.7699883938017,2326.2783203125,2137131
2022-11-15,2326.2776448847926,2336.878261500191,2313.357948414307,2325.99365234375,1558333
2022-11-16,2331.7203038169064,2350.129447190016,2298.167354098633,2345.255126953125,1330395
2022-11-17,2347.24249378513,2364.3266456666033,2322.9178022927385,2328.360107421875,960476
2022-11-18,2337.8251539456232,2355.38255101336,2317.8070269404766,2350.7919921875,1075675
2022-11-21,2350.7921309777334,2377.577786813517,2337.872662584153,2367.544921875,1354881
2022-11-22,2371.8039621071234,2388.935485714857,2363.3803121354986,2381.07958984375,921265
2022-11-23,2386.095980995717,2389.8819325720688,2368.112711008046,2373.176513671875,734152
2022-11-24,2382.310490974415,2423.009478305325,2376.77344329078,2412.739990234375,999929
2022-11-25,2418.2769268367074,2418.65542961983,2383.4461209707506,2401.666015625,783480
2022-11-28,2391.7750135620254,2406.4455765656708,2386.853322511518,2390.0712890625,830905
2022-11-29,2391.964314183493,2498.680831133064,2391.964314183493,2493.238525390625,2542932
2022-11-30,2493.049316340791,2553.6245465024504,2482.6379486567557,2540.705078125,3698270
2022-12-01,2536.5876442669933,2539.427108047889,2505.2116619185554,2520.35546875,1675569
2022-12-02,2517.657859580169,2517.657859580169,2467.635880729102,2475.16064453125,2101890
2022-12-05,2460.8683740217275,2484.5305699257824,2446.812937224266,2479.65625,1640511
2022-12-06,2467.304954052851,2517.6106986070267,2464.512860680038,2512.499755859375,1484562
2022-12-07,2517.704957113166,2574.257604028131,2514.1082572029304,2562.473876953125,2368561
2022-12-08,2550.832155786268,2565.975961560979,2542.029772464489,2560.675537109375,1314703
2022-12-09,2578.895753633309,2594.891539145615,2566.165536513877,2576.576904296875,1883397
2022-12-12,2557.599792003697,2578.2332763334944,2544.7748335658794,2571.844482421875,1163204
2022-12-13,2571.607780521879,2574.447244394373,2553.435257953151,2565.266357421875,1265839
2022-12-14,2574.4472108229606,2574.4472108229606,2528.400664721609,2540.98876953125,886858
2022-12-15,2525.56131202255,2539.663890595482,2506.7260624394216,2520.734130859375,990722
2022-12-16,2525.230058917101,2543.8758268550387,2511.3167311195625,2528.353515625,1793864
2022-12-19,2528.353004663088,2574.4469161000948,2528.353004663088,2572.648681640625,1546941
2022-12-20,2561.1961967536704,2561.2435673627783,2511.268961210893,2531.42919921875,827567
2022-12-21,2544.112235934674,2550.9269029512657,2508.2878057158546,2523.526123046875,779092
2022-12-22,2533.2749994139554,2544.63285481951,2500.6211651229855,2503.7919921875,852567
2022-12-23,2491.1562255903627,2507.767134935955,2468.4878859382347,2480.839599609375,1189702
2022-12-26,2480.6977178196216,2496.6935039260525,2467.2576342157854,2477.385009765625,605144
2022-12-27,2484.5309741561628,2493.901112828227,2437.4431966459647,2454.47998046875,870960
2022-12-28,2454.2433301210895,2463.802951141692,2440.1407516611575,2445.346435546875,822651
2022-12-29,2442.175279403898,2445.062113566875,2403.511158230628,2430.628173828125,1345863
2022-12-30,2441.8914589151973,2448.043630384934,2418.4658829342757,2424.0029296875,696432
2023-01-02,2436.1649462089254,2441.9859850401717,2402.2334959680034,2421.494384765625,681703
2023-01-03,2413.591679103535,2424.902164059462,2399.3469890283905,2406.019775390625,821843
2023-01-04,2414.0175176499197,2421.494680028095,2391.822421426849,2400.38818359375,1672649
2023-01-05,2401.760590653467,2453.2494437087807,2401.7132200398096,2445.44091796875,2008493
2023-01-06,2441.939180370883,2472.1320568760025,2437.1119988629316,2438.5791015625,991782
2023-01-09,2450.7885082578377,2488.7425339679457,2432.4738751719024,2483.631591796875,1267078
2023-01-10,2483.6318064128836,2511.3639501772454,2475.1607852880243,2502.372314453125,1413088
2023-01-11,2502.5142459691024,2506.1583171616658,2449.605659749921,2454.47998046875,1471687
2023-01-12,2447.7123469030203,2463.3293965912753,2435.0766415429766,2451.450927734375,1703829
2023-01-13,2451.593132547807,2498.0184144275945,2429.3032942856776,2483.58447265625,1348015
2023-01-16,2487.323285993481,2487.323285993481,2445.725181387519,2458.124267578125,930068
2023-01-17,2466.026961468533,2531.8552440285057,2462.5723729118167,2524.803955078125,1892865
2023-01-18,2525.22977657706,2549.3652185945693,2517.6578731990176,2542.455810546875,2038075
2023-01-19,2527.2176659301786,2535.9253091933156,2472.131880238682,2507.95654296875,1649842
2023-01-20,2413.5441938833374,2465.601029437684,2400.340733626147,2412.361083984375,4569549
2023-01-23,2423.009113242175,2464.654582376025,2415.437209763293,2457.461181640625,1388360
2023-01-24,2464.654749011608,2470.3336770047226,2442.6962736534674,2461.342041015625,1462462
2023-01-25,2461.342093571766,2500.6213463628555,2455.1899214478603,2482.02294921875,1591810
2023-01-27,2494.4687479613276,2504.927484999918,2440.2349475217848,2472.3681640625,1581382
2023-01-30,2470.33326482331,2470.33326482331,2394.803488901991,2430.72265625,2744039
2023-01-31,2430.581023515572,2451.593009512975,2405.215100575178,2438.86279296875,2366794
2023-02-01,2461.0578978840813,2463.708110334017,2410.5629048792493,2436.49658203125,2014615
2023-02-02,2432.0006824744128,2498.4914580898353,2425.848511065157,2493.853759765625,1980667
2023-02-03,2498.728240030675,2515.244408886857,2490.351729068288,2507.010009765625,1638238
2023-02-06,2490.209630484625,2503.460460901495,2460.6318840183976,2496.45654296875,1697446
2023-02-07,2503.460612707383,2503.9812272919867,2456.420208090268,2462.00439453125,1495745
2023-02-08,2453.9592495561014,2467.9673173617275,2440.3772861867856,2444.589111328125,1061956
2023-02-09,2448.5640218617564,2460.7736224664864,2428.6877773858782,2448.280029296875,1102484
2023-02-10,2446.671168862906,2448.232781433851,2418.607895662112,2439.572509765625,1523011
2023-02-13,2423.0090081363815,2452.1135108708318,2413.5441291983484,2442.88525390625,1146525
2023-02-14,2446.6714896647204,2462.7617857282794,2432.663420994152,2441.560546875,1944364
2023-02-15,2413.54425096214,2434.177734303244,2401.2399077219407,2412.0771484375,2009134
2023-02-16,2423.0092352411875,2424.8074699775007,2387.8472991211815,2391.869873046875,1982857
2023-02-17,2389.8820161677286,2409.9948846206253,2372.750492255035,2380.890380859375,1395341
2023-02-20,2383.2566712281323,2406.918870108475,2373.9810430518055,2377.05712890625,632091
2023-02-21,2392.7215901185214,2407.8180270371454,2377.8617751925913,2381.505615234375,862797
2023-02-22,2381.505378192057,2388.5095271243335,2349.8927755451964,2360.588134765625,885515
2023-02-23,2358.647968348811,2381.268937894084,2347.3848541888447,2357.3701171875,757215
2023-02-24,2358.8370397311774,2376.8676799947484,2339.670660230971,2351.26513671875,732783
2023-02-27,2353.915363623792,2353.915363623792,2324.574239268208,2336.073974609375,853991
2023-02-28,2337.5882290112872,2341.942165293726,2305.312902808479,2328.97509765625,1780454
2023-03-01,2326.467353411683,2337.825208676508,2317.0024740243284,2334.27587890625,967339
2023-03-02,2334.276099733979,2337.825429840012,2313.216741104854,2323.95947265625,827174
2023-03-03,2334.039045110785,2356.660012363278,2324.242803403406,2338.771484375,1176008
2023-03-06,2349.1356616034195,2365.131446197715,2343.125601919311,2351.880615234375,1214503
2023-03-08,2353.9154220908404,2367.5447555060214,2335.1749153378546,2352.1171875,1448340
2023-03-09,2351.8806295944114,2358.600555264015,2325.4261070415814,2329.685302734375,1038910
2023-03-10,2318.895362798551,2338.2983648138043,2314.2576645034133,2333.5185546875,772024
2023-03-13,2334.039282464656,2355.3352613192606,2314.1630355336915,2323.72265625,1314549
2023-03-14,2330.2533978724096,2339.71827763631,2309.19404039773,2311.74951171875,1250763
2023-03-15,2320.693440598086,2327.8868406067504,2264.9453992973995,2277.344482421875,1738040
2023-03-16,2295.1857946714217,2337.1626256092,2278.9062489514567,2327.7451171875,1628035
2023-03-17,2339.3869036341953,2350.3188859263596,2309.2414003707813,2316.4345703125,2127178
2023-03-20,2316.434101743602,2381.9783805482734,2295.232867889217,2376.820068359375,1561128
2023-03-21,2380.4171645941583,2388.2256900843777,2327.177218069935,2330.8212890625,1595161
2023-03-22,2340.2861195246614,2348.615028345868,2323.0598545484304,2343.83544921875,1063244
2023-03-23,2342.557567219473,2366.2671354786817,2334.0391760659477,2352.1171875,1578627
2023-03-24,2339.907474443672,2364.2321686543496,2337.82524715941,2348.04736328125,1449326
2023-03-27,2352.0223631444765,2370.9521205943315,2332.146117822129,2365.273193359375,1387736
2023-03-28,2375.495852233775,2378.9978119481993,2339.623815011239,2349.940673828125,1412387
2023-03-29,2352.0226232693785,2403.8902106335704,2347.3375539976164,2395.419189453125,2613254
2023-03-31,2421.8734735972384,2431.0069901140273,2381.8843567038157,2423.340576171875,2146167
2023-04-03,2432.4740326839024,2432.4740326839024,2380.464566021321,2400.38818359375,918048
2023-04-05,2378.0509696903587,2450.0314243612925,2368.112846234936,2444.541748046875,1489612
2023-04-06,2437.2065292163593,2446.6714089414713,2416.3837938211127,2427.978271484375,797414
2023-04-10,2427.978258211828,2431.480217475743,2389.8821175265043,2396.6494140625,853322
2023-04-11,2404.079512943406,2418.276832901733,2397.4540969628533,2411.414794921875,913184
2023-04-12,2419.2231502023587,2419.2231502023587,2383.871733569996,2393.62060546875,1109809
2023-04-13,2389.882290370634,2425.233710937876,2389.882290370634,2400.48291015625,1261711
2023-04-17,2435.313784384759,2440.9927127587616,2405.4046691845374,2415.295654296875,1566977
2023-04-18,2423.0093885161623,2423.0093885161623,2394.6147472444886,2405.073486328125,1474786
2023-04-19,2411.651461400883,2411.651461400883,2375.9215388467683,2396.129150390625,1320243
2023-04-20,2383.0675156682732,2396.8861017243007,2347.290223307466,2359.216064453125,1401364
2023-04-21,2358.6482274576133,2375.211768380771,2352.6379358921654,2364.27978515625,1206288
2023-04-24,2368.1129964558954,2370.8577192491357,2342.6525614664356,2365.9833984375,1735797
2023-04-25,2357.55939785529,2365.9830474479513,2345.444306932658,2357.1806640625,1701098
2023-04-26,2356.754899755811,2383.2565612791695,2349.372247830502,2376.44189453125,1245903
2023-04-27,2379.4232551362525,2387.0425290910475,2325.5208144237527,2336.831298828125,2743893
2023-04-28,2305.691820276909,2335.74281012788,2289.554155889742,2325.8046875,3761927
2023-05-02,2339.5286480712202,2345.396826361014,2318.8951673060874,2320.504150390625,1760370
2023-05-03,2325.473232269287,2356.754701327434,2321.40328837707,2352.96875,1258140
2023-05-04,2353.8681351589257,2375.0696036515333,2347.4319709544525,2372.608642578125,1150227
2023-05-05,2366.219821553534,2385.1495801259625,2361.2033893166094,2366.9296875,1354871
2023-05-08,2371.6622108634474,2391.6331992928026,2363.5223219595014,2381.647705078125,972810
2023-05-09,2389.8817138791874,2389.8817138791874,2366.2668892978636,2381.174072265625,1651327
2023-05-10,2386.0960948435104,2399.3469259929784,2371.75689499437,2387.705078125,2025658
2023-05-11,2401.192342928406,2459.9219611676635,2388.5568685761714,2453.675048828125,1749356
2023-05-12,2455.1894631455966,2498.7279038952875,2447.9960631130207,2483.01611328125,2170011
2023-05-15,2496.787651862166,2527.832500479615,2482.685074908687,2519.787353515625,1561055
2023-05-16,2527.122601132833,2535.073006773357,2508.7608289707878,2532.706787109375,1477905
2023-05-17,2529.0159551986476,2530.9089312130177,2505.4011256346134,2519.314453125,839404
2023-05-18,2522.864000977473,2526.3659606911847,2481.5498883272276,2486.94482421875,1434067
2023-05-19,2487.985493784788,2507.246616279918,2461.483830796552,2500.1005859375,1174757
2023-05-22,2493.9957265906437,2513.3513587848156,2482.6852419016027,2496.929931640625,768232
2023-05-23,2491.156011550583,2508.003541430552,2484.5305966262467,2487.654052734375,703864
2023-05-24,2479.7983649267308,2496.835147586533,2468.440509820196,2475.0185546875,628872
2023-05-25,2470.3333453652904,2485.6190320642017,2442.459323756377,2458.265625,1072231
2023-05-26,2464.418072314996,2514.5345645266775,2463.8029475598632,2510.41748046875,947073
2023-05-29,2527.122817111749,2536.161823215901,2503.50798906221,2508.47705078125,698267
2023-05-30,2513.3989636189076,2522.3905999037424,2508.99788670996,2514.392822265625,948051
2023-05-31,2514.3925877195034,2536.58768373697,2496.835190185868,2524.803955078125,3388305
2023-06-01,2524.2831581603095,2585.0950040215016,2512.452059743735,2553.529541015625,1541080
2023-06-02,2564.9823075104314,2591.6732211002904,2547.6141614479334,2571.32373046875,1509260
2023-06-05,2571.0871198698524,2576.3401741550915,2540.515513175117,2551.542236328125,1000190
2023-06-06,2555.5173796488234,2562.9945417736317,2527.2646228544672,2547.140869140625,655372
2023-06-07,2546.0526472611928,2581.072702260696,2535.9726427796395,2570.8505859375,1428490
2023-06-08,2562.1428353437727,2575.914280987985,2531.7604802555584,2536.492919921875,923536
2023-06-09,2545.058833244845,2545.058833244845,2479.8932738110634,2495.131591796875,1413808
2023-06-12,2503.4605106722456,2514.8183655410803,2492.1026558034114,2501.993408203125,775484
2023-06-13,2488.8845837933386,2552.6777735038395,2486.896866845138,2532.706787109375,1787924
2023-06-14,2528.069189204348,2557.5050554214995,2510.0859190452757,2554.334228515625,1536248
2023-06-15,2568.720887130483,2572.0809655177795,2534.8365728138583,2545.7685546875,1830192
2023-06-16,2545.7687604214993,2578.2333454580303,2539.6165883416616,2570.330078125,1748145
2023-06-19,2578.297597254088,2587.2671552212655,2552.5337056457015,2560.406005859375,1068263
2023-06-20,2547.7624281267213,2557.686203575258,2526.86514409262,2553.583251953125,1129279
2023-06-21,2562.982102341851,2582.925400746352,2546.2832853101286,2554.060302734375,1201840
2023-06-22,2546.474480526261,2555.396514492259,2527.437872726074,2532.829345703125,830052
2023-06-23,2529.918711566066,2538.7452297462055,2507.1605147486616,2520.662841796875,991214
2023-06-26,2521.187471642475,2551.7702109107204,2521.187471642475,2530.68212890625,758700
2023-06-27,2530.6822163942697,2539.747289419602,2515.3192099764915,2529.966552734375,687747
2023-06-28,2531.4935153513684,2564.5573208304063,2521.0448710515498,2539.41357421875,1397573
2023-06-30,2543.8978915235925,2562.9344974808137,2529.966445976903,2555.539306640625,1160181
2023-07-03,2563.98430099116,2581.9714072296324,2537.6955430131725,2577.39111328125,980665
2023-07-04,2577.391135866774,2582.7823755535815,2552.533704969618,2576.38916015625,721907
2023-07-05,2576.341195617382,2633.0694168998043,2572.6675955919104,2629.68212890625,1717547
2023-07-06,2633.5468688839683,2638.41347517002,2610.407076199385,2630.875244140625,1265020
2023-07-07,2627.0584210397765,2642.850547089924,2567.801373090765,2574.576416015625,1178930
2023-07-10,2585.836118257277,2587.219921184591,2529.6327526973287,2534.9287109375,1518183
2023-07-11,2535.453390243356,2592.372415333359,2524.861474545714,2561.598876953125,2476367
2023-07-12,2581.1126841590863,2581.1126841590863,2521.5217992981634,2551.24560546875,2395826
2023-07-13,2562.028187364794,2564.413732937298,2529.8233221359947,2533.1630859375,1495067
2023-07-14,2533.449393693257,2563.5072678557194,2529.680278287794,2554.3466796875,1419016
2023-07-17,2547.7624520870486,2579.4424479697554,2547.7624520870486,2558.9267578125,912701
2023-07-18,2562.6006624771676,2577.4388016680173,2554.728362545665,2559.9765625,1215904
2023-07-19,2559.928745844099,2573.43083950197,2539.0789860492114,2549.289306640625,1166542
2023-07-20,2546.8560199797525,2591.9428279236045,2536.5026597850565,2579.490234375,1430764
2023-07-21,2528.6787135626682,2553.822461126312,2473.334047379032,2484.78466796875,5198952
2023-07-24,2484.784018551376,2486.644697318208,2457.1116926919326,2462.121337890625,1777469
2023-07-25,2462.0738156481693,2468.180952061506,2444.9934026192527,2450.575439453125,1653775
2023-07-26,2461.4059065812685,2479.8223648804947,2454.5355819673705,2465.031982421875,1300033
2023-07-27,2443.752829583894,2464.745630150409,2436.1190839233427,2452.19775390625,2276136
2023-07-28,2452.3407819867566,2475.003464310564,2447.760488019154,2466.2724609375,966450
2023-07-31,2457.159621060771,2464.6500941483187,2437.0732813698723,2443.56201171875,2003252
2023-08-01,2452.341029155429,2455.967105285392,2428.4855716733723,2434.306396484375,1758897
2023-08-02,2421.8056184609263,2455.632604639891,2419.8971821973637,2451.338623046875,2082908
2023-08-03,2440.842283719155,2443.800453185906,2421.042256996987,2434.496826171875,1475310
2023-08-04,2434.4971006515216,2441.796777177096,2418.991053879893,2429.439697265625,1359318
2023-08-07,2423.7142672792547,2456.15768660504,2422.521494509924,2451.577392578125,803823
2023-08-08,2451.5771061046025,2466.844595767983,2438.552122170893,2448.380615234375,1002061
2023-08-09,2448.380686023708,2451.3386224534675,2424.668272269319,2435.35546875,1212549
2023-08-10,2432.3498731332065,2434.5921460549325,2411.881939976849,2420.565185546875,1313334
2023-08-11,2418.9431818281623,2420.5175487019674,2384.591325991549,2387.26318359375,1472199
2023-08-14,2387.2630517958637,2423.7141391062746,2374.190309528014,2417.130126953125,1060479
2023-08-16,2417.9889965520374,2438.0753369006125,2408.8284083521016,2435.737548828125,1155882
2023-08-17,2435.7372179772433,2443.4184873201357,2417.0344500109054,2426.815185546875,1532873
2023-08-18,2416.175870450372,2450.193654307578,2416.175870450372,2437.788818359375,1970819
2023-08-21,2437.788862086054,2457.0162649652852,2422.80768345719,2445.422607421875,977004
2023-08-22,2455.7759560723107,2457.1117683143766,2436.1189687404285,2448.3330078125,960025
2023-08-23,2457.1120271633886,2465.222882398685,2445.1842988761878,2456.20556640625,1136112
2023-08-24,2466.6540017781476,2473.0949745100634,2449.4303169912287,2463.07568359375,1143934
2023-08-25,2449.478041248532,2462.5507835787557,2434.6876596204243,2446.18603515625,802955
2023-08-28,2447.5698330373084,2450.4324878127904,2422.7601583164624,2438.695556640625,619841
2023-08-29,2441.748938080361,2441.748938080361,2406.6338935508866,2410.498291015625,958564
2023-08-30,2410.4982027140945,2419.897345130354,2404.629853993885,2416.03271484375,1227377
2023-08-31,2416.1283950070488,2423.5235865317863,2377.053203801286,2390.364501953125,3235414
2023-09-01,2390.364531130726,2399.381847216979,2385.545682259872,2390.1259765625,813413
2023-09-04,2398.9045903397455,2398.9045903397455,2377.911789628737,2386.88134765625,1143301
2023-09-05,2395.087602081513,2407.9217898505804,2387.549371738417,2392.272705078125,844088
2023-09-06,2398.3793003294572,2410.450298385382,2392.6539920553587,2407.96923828125,1094146
2023-09-07,2395.0873554052546,2406.3949327187215,2385.545174706429,2392.654052734375,1894798
2023-09-08,2389.362481808183,2405.631949453119,2387.0246937042134,2398.7138671875,1018234
2023-09-11,2398.7138336529692,2422.6645714527635,2394.1812970595506,2420.135986328125,1121083
2023-09-12,2432.302191730767,2432.302191730767,2374.0948815324236,2384.4482421875,3946716
2023-09-13,2379.820412320104,2394.133686652422,2377.9119757424614,2391.7958984375,1231305
2023-09-14,2396.0418165983406,2398.904471098458,2378.961404599674,2386.308837890625,2081195
2023-09-15,2361.499174212782,2376.003243807194,2353.102007722305,2356.632568359375,3750697
2023-09-18,2358.207541444128,2378.8185174053815,2349.2855069549155,2374.71533203125,1499641
2023-09-20,2337.500590177752,2366.4612065970864,2333.0635686007568,2353.913330078125,1795159
2023-09-21,2353.1021255686346,2369.323835274501,2331.0595915476433,2360.11572265625,2223720
2023-09-22,2355.010422285743,2376.003221836102,2345.4682406719435,2368.798828125,1176741
2023-09-25,2368.7989210371984,2385.259184966629,2347.3767690666537,2362.501220703125,1122778
2023-09-26,2360.735894882093,2375.049168294878,2348.5696124812252,2365.459228515625,1263548
2023-09-27,2362.6442138940242,2390.125744073198,2355.9646866334188,2387.21533203125,1086791
2023-09-28,2385.5455974908296,2386.499815729826,2340.888137313114,2347.7109375,1612346
2023-09-29,2352.67270148226,2359.5907833495717,2338.3116711512257,2352.720458984375,1249567
2023-10-03,2376.0034833723507,2384.591447770082,2349.0945748521476,2355.869384765625,1585626
2023-10-04,2354.103984851398,2396.0895843663584,2352.290830548836,2393.0361328125,1587335
2023-10-05,2402.7213546953185,2409.2100848511195,2381.108406306482,2404.200439453125,1909928
2023-10-06,2404.5821311947166,2404.6298886978925,2379.820215243073,2384.972900390625,1083342
2023-10-09,2371.2323822449016,2401.290257512795,2367.4155091950106,2396.328369140625,1468771
2023-10-10,2397.187033262411,2405.441160876135,2388.7423415554345,2401.00390625,1092373
2023-10-11,2403.0554655876986,2446.5676751580454,2401.0515142086524,2439.36328125,1697398
2023-10-12,2438.0273547301217,2450.002839014336,2422.950661481965,2439.935791015625,1625010
2023-10-13,2436.1665900242865,2458.7337551190826,2426.2903394097643,2451.815673828125,1531977
2023-10-16,2442.7986380497687,2463.7914388455088,2435.737516422029,2441.176513671875,954899
2023-10-17,2441.1764647650048,2452.3407710991128,2429.8688859230097,2439.124755859375,1253538
2023-10-18,2452.388674487406,2453.53368980148,2423.285017690539,2431.586669921875,1084689
2023-10-19,2409.4013107958613,2437.455236833209,2409.4013107958613,2431.44384765625,1272343
2023-10-20,2404.6298962420647,2427.1017817460606,2371.280016297584,2380.91748046875,3608160
2023-10-23,2379.820071849205,2395.03980478579,2366.7950872556053,2369.80078125,922707
2023-10-25,2361.7377747002747,2376.003290029655,2352.1478353104817,2363.884765625,1435836
2023-10-26,2348.331011677226,2376.0033397303096,2343.225851075164,2363.02587890625,2650560
2023-10-27,2354.342761123986,2380.774560351634,2351.0507547173906,2368.41748046875,1784812
2023-10-30,2357.872903078266,2377.9114829911123,2349.666534309549,2365.4111328125,875135
2023-10-31,2357.1095752606166,2377.9115770619464,2354.8195449367718,2370.27783203125,920414
2023-11-01,2371.232445279319,2379.772652362786,2353.865719033344,2359.066162109375,1267131
2023-11-02,2379.011355660792,2399.196906557308,2367.7651670957143,2390.353759765625,1595123
2023-11-03,2400.158200400705,2415.057059874558,2389.392619844332,2411.93310546875,1125583
2023-11-06,2417.4597423101177,2420.1030879528025,2394.4867595025,2400.542236328125,1338677
2023-11-07,2399.1968939487215,2408.0400406939307,2388.863814377428,2399.62939453125,1473411
2023-11-08,2401.1190451871635,2427.071893153558,2400.8306332753555,2421.64111328125,745022
2023-11-09,2422.314099905442,2424.188425464951,2377.136916718744,2380.645263671875,1823094
2023-11-10,2380.9338586137587,2392.084066636767,2369.735777491523,2390.113525390625,771062
2023-11-13,2381.1257095257197,2390.7378755052937,2375.1662135527877,2382.038818359375,760809
2023-11-15,2404.8678522745317,2405.973392229623,2379.972434809914,2389.968994140625,1457029
2023-11-16,2384.0093809981963,2408.6166199984764,2379.3476212589244,2394.582763671875,1420578
2023-11-17,2369.3989427459933,2435.242280505872,2369.3989427459933,2430.724609375,1756043
2023-11-20,2436.155274741052,2436.203382503675,2403.0414110314414,2409.2412109375,944231
2023-11-21,2407.8478305909152,2419.38243097698,2401.1193136990446,2408.088134765625,1088806
2023-11-22,2410.4911628137966,2426.3512382545014,2406.8866002136365,2424.09228515625,816610
2023-11-23,2409.0010569157093,2429.715322104033,2409.0010569157093,2422.169677734375,1023670
2023-11-24,2417.5561187464655,2422.0737901202465,2410.2026704841705,2417.652099609375,735137
2023-11-28,2433.5601179563237,2433.5601179563237,2403.041491020365,2413.182373046875,1880641
2023-11-29,2414.576436013944,2430.5806007675874,2410.827784619846,2427.120361328125,1265214
2023-11-30,2418.565283786909,2455.4280377646614,2418.565283786909,2446.8251953125,3095684
2023-12-01,2448.6993458061406,2481.81321151669,2443.412654382418,2464.222900390625,1345599
2023-12-04,2477.055438111999,2507.2375486501332,2475.1330047102824,2501.374267578125,2188039
2023-12-05,2534.728603442285,2534.728603442285,2457.1584576206137,2463.8388671875,3108717
2023-12-06,2470.3268241208075,2483.495445470624,2463.5983074792334,2468.06787109375,1573754
2023-12-07,2452.159799899551,2460.522337513956,2401.6959276222537,2420.583740234375,3925967
2023-12-08,2421.304744756755,2435.6748867600672,2411.019773521691,2424.476806640625,1605805
2023-12-11,2424.4771266861426,2431.8303411708434,2402.0807288187652,2406.55029296875,2012243
2023-12-12,2403.041468837404,2420.3433674130333,2400.157819074799,2405.684814453125,1677929
2023-12-13,2410.5872408203054,2419.093867268127,2401.1672708282504,2414.47998046875,1513205
2023-12-14,2423.56389615019,2426.8800469344105,2404.1952382366917,2418.7578125,2166569
2023-12-15,2422.266032295193,2433.8006324489797,2409.770215461924,2425.053466796875,2543337
2023-12-18,2422.410025603624,2445.81574469679,2417.459853767902,2437.164794921875,1969036
2023-12-19,2436.7323377432995,2467.395055289173,2436.684229975954,2461.387451171875,1656220
2023-12-20,2473.1622733895497,2473.1622733895497,2448.218748854472,2458.3115234375,1468642
2023-12-21,2443.6531907149297,2479.9391216617246,2437.64558625354,2454.178466796875,1945695
2023-12-22,2459.945622811475,2479.6986720564782,2448.02663012791,2475.709716796875,1174984
2023-12-26,2475.7098438144135,2491.137184220364,2467.4913940371575,2484.5048828125,893776
2023-12-27,2485.706421910149,2510.6980564691835,2480.8041228009033,2507.1416015625,1073278
2023-12-28,2512.4761193952136,2537.6118397726373,2505.747603153392,2531.65234375,1635216
2023-12-29,2531.6524684122573,2563.6610299017602,2519.5891524788576,2560.633056640625,1305681
2024-01-01,2560.536959940054,2565.8715243869406,2535.689416707376,2551.789794921875,526353
2024-01-02,2545.3017864073136,2551.020978758828,2505.8919022522155,2512.42822265625,1310629
2024-01-03,2498.2022395315885,2526.6543481330496,2494.8860888029035,2505.45947265625,1008270
2024-01-04,2505.4592299572364,2521.2711964354744,2487.676722471893,2492.002197265625,1376844
2024-01-05,2494.357266422686,2527.903634441405,2494.357266422686,2518.435791015625,1150738
2024-01-08,2523.145606704356,2524.1549311245517,2466.9625402631996,2478.2568359375,1189828
2024-01-09,2482.3899397018035,2488.589739743586,2471.816557261796,2479.698486328125,1017205
2024-01-10,2479.93895442184,2493.684399436957,2465.5207046868295,2477.439697265625,881278
2024-01-11,2479.9389831324256,2488.5899330735856,2433.6564948160362,2437.837646484375,2399600
2024-01-12,2435.2424300571656,2455.908588433416,2414.432183049432,2445.335205078125,2979841
2024-01-15,2447.2575424625093,2478.7373871269424,2432.839292997883,2473.402587890625,1391204
2024-01-16,2473.402761723246,2484.3607728897164,2457.206401156241,2469.4619140625,1599406
2024-01-17,2450.1413789463877,2471.6246661535556,2441.250124432753,2463.502197265625,3047652
2024-01-18,2470.3269433900364,2470.3269433900364,2439.1355081014863,2449.18017578125,1273095
2024-01-19,2465.5206365167164,2474.123478353003,2433.8004879767354,2465.905029296875,1323064
2024-01-23,2355.9419607074965,2384.2978512994473,2273.709831056434,2283.418212890625,4369332
2024-01-24,2295.3854093361483,2351.039760693699,2275.343947885817,2346.95458984375,1551469
2024-01-25,2359.5948011333753,2372.2828146337984,2326.3366094581024,2334.12255859375,2364765
2024-01-29,2316.5321412883522,2354.019590877666,2316.5321412883522,2349.597900390625,1587091
2024-01-30,2358.825602569055,2397.8029837268405,2352.385498102803,2363.295166015625,1793711
2024-01-31,2354.9809389194415,2389.488524931115,2347.050901063896,2385.307373046875,1445004
2024-02-01,2379.107596563783,2414.143899058984,2372.6193837064475,2377.665771484375,1727534
2024-02-02,2380.933818741072,2390.4497704134455,2347.291233494428,2357.480224609375,1956115
2024-02-05,2368.4379617431287,2369.1588742720683,2319.175605598918,2325.663818359375,1315445
2024-02-06,2330.902202799705,2346.666296218703,2324.2699019704123,2332.248046875,1557511
2024-02-07,2345.272345774969,2345.272345774969,2318.021995302354,2331.3828125,1149076
2024-02-08,2347.0989508697385,2347.0989508697385,2305.958829773469,2323.308837890625,1758661
2024-02-09,2323.3085597899685,2334.2663348301853,2312.7832852722836,2330.133056640625,886474
2024-02-12,2330.085433702878,2335.6124295793047,2289.6181178518773,2293.12646484375,1292460
2024-02-13,2297.30796514398,2307.8332413134717,2287.7920134668066,2301.15283203125,957865
2024-02-14,2292.501859975465,2301.1528103904666,2278.083609283795,2295.33740234375,1397975
2024-02-15,2276.4975610105416,2292.213312532259,2255.735187373002,2259.67626953125,2553695
2024-02-16,2278.0353875552187,2289.618095299179,2266.1645025494804,2283.1298828125,2363302
2024-02-19,2296.8273124965353,2302.0658965950224,2281.7362571893896,2294.568359375,576683
2024-02-20,2278.179717292503,2315.042235684377,2276.3532648212054,2310.861083984375,1032995
2024-02-21,2310.8609790349888,2328.835682964777,2301.2488127974525,2313.74462890625,1127778
2024-02-22,2326.4328201820526,2326.4328201820526,2273.9984023925185,2295.481689453125,2258516
2024-02-23,2295.9139801782985,2312.2065547793372,2291.4922899045896,2301.248779296875,1210775
2024-02-26,2298.365464700586,2313.216216553072,2287.6958649071958,2311.00537109375,831596
2024-02-27,2310.8128835108178,2315.52275112335,2296.4906149378007,2312.014404296875,1120424
2024-02-28,2317.5896100629743,2330.9504279253597,2307.8812278139335,2327.63427734375,629152
2024-02-29,2330.950324169719,2334.6029942925143,2304.276562728189,2318.742919921875,2848084
2024-03-01,2323.2122279938653,2344.2149028871736,2310.7645209572192,2316.243408203125,2326244
2024-03-04,2322.491790623974,2333.737979307242,2311.1493863999403,2328.06689453125,1501261
2024-03-05,2311.726050801106,2326.1443005982023,2298.365233191277,2306.77587890625,1587199
2024-03-06,2310.7648111688027,2315.4268057589834,2283.1779404324334,2307.68896484375,1354111
2024-03-07,2311.678056369801,2331.911714844805,2309.803730738692,2325.7119140625,1820704
2024-03-11,2315.571024247443,2319.415891037393,2291.1081062307944,2297.163818359375,2040761
2024-03-12,2287.6958252942077,2292.501908960792,2269.240510948934,2285.91748046875,1012157
2024-03-13,2282.889491692188,2282.889491692188,2214.499022473042,2222.90966796875,2322669
2024-03-14,2215.460202274312,2250.880893627091,2212.576552438003,2244.056396484375,2292515
2024-03-15,2239.6830253861167,2246.315326766892,2226.0816682377067,2237.424072265625,2751403
2024-03-18,2230.7914593239598,2234.828521977646,2207.9144580570546,2210.75,2487402
2024-03-19,2194.6981534613324,2214.5471855616215,2159.7099574862964,2179.0302734375,4220638
2024-03-20,2162.737352291352,2177.588101842682,2153.1251862811687,2154.99951171875,2995013
2024-03-21,2147.358024341876,2171.5325295385032,2147.358024341876,2155.38427734375,3504486
2024-03-22,2152.2123983800566,2178.117142705983,2145.483881169579,2169.03369140625,3507809
2024-03-26,2145.531969936937,2171.5326949037612,2145.435754394531,2153.12548828125,3027027
2024-03-27,2162.7372473664436,2175.23306257345,2149.2802156050525,2152.836669921875,2168861
2024-03-28,2157.9316119480163,2199.16771681085,2153.221743723947,2176.53125,3186360
2024-04-01,2181.9616233862357,2205.9920377407097,2174.271890792804,2197.244873046875,1427873
2024-04-02,2208.8759556978766,2208.8759556978766,2188.738512957842,2198.01416015625,1221495
2024-04-03,2193.3525442908262,2193.3525442908262,2173.359188870415,2177.34814453125,1175309
2024-04-04,2181.9616124847544,2193.496211317273,2162.0163686701912,2177.107421875,1890255
2024-04-05,2177.1078399295957,2192.054807387964,2170.5236459682587,2179.0302734375,1153449
2024-04-08,2188.6902332665027,2200.176724886131,2179.2702635011747,2180.952392578125,1127294
2024-04-09,2182.9228062063685,2186.38327968871,2168.264253676801,2176.33837890625,1189343
2024-04-10,2188.5943116618496,2188.5943116618496,2170.1389971020412,2173.21484375,2308993
2024-04-12,2173.2147783557252,2177.011772119853,2142.1676661805636,2145.72412109375,3388551
2024-04-15,2141.3023671874134,2141.350474956183,2105.064545013597,2108.95751953125,4909564
2024-04-16,2098.336126600455,2144.714833933699,2087.810850316233,2134.670166015625,2821129
2024-04-18,2129.142892042349,2150.9143543197647,2123.375592400965,2128.902587890625,3392171
2024-04-19,2133.901062005108,2156.7299585017845,2110.831861334783,2145.05126953125,2337694
2024-04-22,2162.7374802639833,2166.149846333918,2142.600038215488,2154.567138671875,1804108
2024-04-23,2165.6210578207865,2185.3259986487164,2161.4877793956443,2174.992919921875,1991778
2024-04-24,2178.165191792081,2180.3760371789404,2158.556229932344,2172.590087890625,1404398
2024-04-25,2151.2512803487534,2152.981517502396,2129.191401987995,2144.33056640625,4951866
2024-04-26,2157.931283085826,2167.543449157478,2132.5552585254745,2136.447998046875,2307512
2024-04-29,2147.357921699967,2147.357921699967,2133.900889066216,2139.764404296875,1395292
2024-04-30,2145.4835970967697,2153.3655264224535,2138.706973011922,2143.945556640625,2119102
2024-05-02,2119.530690414858,2156.201009483979,2119.530690414858,2139.95654296875,2140383
2024-05-03,2145.4355717304093,2148.9439186486993,2118.521505418379,2131.0654296875,2595307
2024-05-06,2138.706867307371,2173.7912720969075,2126.2110519028784,2168.69677734375,1619256
2024-05-07,2178.1170177945423,2296.9234944521527,2171.3885009699343,2287.118896484375,8277810
2024-05-08,2274.623049604483,2280.246261031328,2234.8287730626357,2250.25634765625,1813439
2024-05-09,2249.823499834582,2270.4896551914408,2229.4936294593995,2235.453125,1558987
2024-05-10,2230.983765948245,2279.0445967528176,2230.983765948245,2270.92236328125,2610266
2024-05-13,2281.928283164871,2289.2814965269827,2256.840435214087,2269.095947265625,1170617
2024-05-14,2269.0482372218366,2280.294425684034,2255.735292050197,2258.474853515625,689430
2024-05-15,2258.426515900026,2264.4341196671453,2227.763565469436,2233.194580078125,812282
2024-05-16,2246.363269783034,2257.032868270841,2212.095990708857,2252.274658203125,1880021
2024-05-17,2260.685575660522,2260.685575660522,2225.312987073205,2230.359375,1264582
2024-05-21,2217.5267973053774,2234.636500499877,2212.4804099252933,2221.083251953125,1663959
2024-05-22,2221.3716006338227,2281.92824747066,2221.0831887144805,2275.103515625,1914851
2024-05-23,2275.103801980224,2294.232155858532,2263.6654166734984,2290.098876953125,1614718
2024-05-24,2286.2541059123346,2290.8198856067147,2272.9892674447747,2277.170654296875,974100
2024-05-27,2277.1702464713717,2306.871745716128,2270.874230770176,2292.02099609375,1116934
2024-05-28,2297.30790719324,2315.571024447078,2286.3020229404683,2303.027099609375,1631747
2024-05-29,2288.8493444421374,2302.1141829106496,2277.506939529292,2281.351806640625,1592495
2024-05-30,2276.161124928281,2280.4384922700256,2243.52786519406,2260.204833984375,1837380
2024-05-31,2261.74277145962,2285.2444715554675,2227.7157960085565,2238.7216796875,5529186
2024-06-03,2288.6569058773034,2294.8567065039656,2253.380300797559,2264.5302734375,1207445
2024-06-04,2281.9284994540258,2412.7020814982593,2251.2657798718847,2399.4853515625,7826048
2024-06-05,2435.2904952507906,2618.306051895857,2427.072045942993,2501.806640625,11061076
2024-06-06,2499.1632419376433,2499.1632419376433,2420.343478153456,2450.718017578125,4102547
2024-06-07,2456.197087082178,2495.799168294792,2427.0721740590598,2477.824462890625,3974253
2024-06-10,2478.977690876211,2493.0594206488636,2447.2575420592607,2465.857177734375,1449122
2024-06-11,2466.4819457138465,2476.766917025401,2452.352107768287,2457.206298828125,1402423
2024-06-12,2468.4042780366603,2468.4042780366603,2419.3822304588293,2430.62841796875,1754677
2024-06-13,2391.4588918675045,2408.6167027553947,2351.568401318949,2390.93017578125,3123098
2024-06-14,2400.2478917119292,2436.5475426423045,2397.724285194477,2406.79931640625,1729552
2024-06-18,2406.9448672441335,2424.512486448906,2400.3934423908386,2413.108154296875,1820933
2024-06-19,2421.600847069597,2421.600847069597,2379.380551739927,2384.71875,986976
2024-06-20,2384.7186407596823,2416.7478288529137,2374.6730278925506,2409.17724609375,2163310
2024-06-21,2402.189262732929,2405.1010072938175,2355.164635466257,2369.480712890625,3646215
2024-06-24,2363.3658647573675,2395.2495606319985,2355.6497895105103,2370.35400390625,1945519
2024-06-25,2367.5879930137835,2374.7216246112826,2356.474645665412,2360.648193359375,833789
2024-06-26,2365.3069576082207,2394.4244006645386,2360.8421882229086,2373.654052734375,1738656
2024-06-27,2377.875751693822,2410.1475818616186,2364.336189135392,2389.716796875,3402726
2024-06-28,2390.5419962243377,2417.232984813931,2390.396503797189,2400.29638671875,2129791
2024-07-01,2388.649646159423,2448.777122647256,2378.021826134139,2431.40380859375,3312865
2024-07-02,2441.0122329179167,2441.0122329179167,2406.411100622321,2412.040283203125,1305210
2024-07-03,2413.496297365214,2445.71979146585,2401.5097584861905,2436.499267578125,1406405
2024-07-04,2441.061151430241,2462.219876410053,2419.5626281278155,2422.52294921875,1977010
2024-07-05,2422.522573421036,2478.86487051249,2422.522573421036,2472.07080078125,1754286
2024-07-08,2484.688360800629,2518.6587094834504,2461.637052765858,2511.03955078125,2818809
2024-07-09,2511.039427844741,2537.099631698892,2492.4528899015895,2513.951171875,1479529
2024-07-10,2505.0707205854474,2548.746885802939,2497.3060689912268,2533.654296875,1764036
2024-07-11,2540.0117066962384,2540.060283161406,2513.854583474437,2532.1015625,1432671
2024-07-12,2524.4823221611628,2561.8497075526293,2524.4823221611628,2545.107177734375,1912642
2024-07-15,2550.688029320354,2551.9012561227323,2536.760090845706,2543.214599609375,920101
2024-07-16,2548.698279276291,2644.834418084959,2547.3395600466733,2609.359619140625,3298003
2024-07-18,2620.5698558354193,2670.2635775618123,2576.8936915714958,2657.840087890625,5569762
2024-07-19,2658.4226122563427,2662.3049380865823,2636.0506622679163,2646.775634765625,1668862
2024-07-22,2626.102236665979,2669.0504667245777,2626.0536602007933,2654.83154296875,1911629
2024-07-23,2665.2165908126135,2728.5956052035795,2651.6284508740205,2684.968017578125,3906259
2024-07-24,2667.1576101328446,2676.3295567061523,2596.402322900649,2637.1181640625,3611927
2024-07-25,2637.118427721687,2644.6890105715133,2591.452522213848,2627.55810546875,2166670
2024-07-26,2643.863904425438,2646.7756488135715,2608.1950356707994,2631.294921875,2135309
2024-07-29,2631.4402385470876,2639.9814022401224,2613.581635609391,2631.82861328125,957011
2024-07-30,2635.7109154365803,2673.3209442701027,2606.399167914487,2612.22265625,1560399
2024-07-31,2625.4229277529967,2629.9360368935118,2596.3540595490326,2626.0537109375,1751085
2024-08-01,2634.1581489635837,2644.785968827308,2615.9111696630976,2635.66259765625,1886392
2024-08-02,2632.2171189040214,2678.3197417461824,2602.274583811602,2613.33935546875,1738872
2024-08-05,2597.227273238811,2661.334222675603,2587.764104503914,2636.001953125,3118731
2024-08-06,2640.0788365054686,2690.209276264947,2628.9654887487327,2669.147705078125,2296031
2024-08-07,2699.8662700374903,2700.0119994244997,2655.025456133828,2663.323974609375,1713875
2024-08-08,2672.9811087568255,2678.0766609794014,2640.369479749004,2652.79296875,1464161
2024-08-09,2674.9225119219846,2676.8636748479075,2638.622859990569,2666.38134765625,1284031
2024-08-12,2657.451984181087,2682.1046579872973,2642.3108189254185,2667.837158203125,1297178
2024-08-13,2661.334396791671,2676.5239020483646,2649.7845720557543,2660.751953125,1051237
2024-08-14,2660.363661851899,2661.8681104387065,2626.9757559173618,2641.97119140625,946995
2024-08-16,2657.3547781329457,2672.593096011396,2630.9550108698363,2667.400390625,1727926
2024-08-19,2669.1475248307747,2678.562117366071,2656.5299661657655,2661.8681640625,1130327
2024-08-20,2661.8682216798816,2675.165140246076,2654.588860754042,2670.1181640625,1097889
2024-08-21,2668.613474223842,2712.872079436205,2662.2561188648465,2709.086669921875,1417729
2024-08-22,2720.4911994091617,2727.333845951709,2700.254718563504,2710.639892578125,1552947
2024-08-23,2716.851608794936,2738.010332274373,2689.821056977102,2732.769287109375,2111401
2024-08-26,2732.7692242402322,2751.549833114722,2721.1222468451892,2738.15576171875,1152244
2024-08-27,2726.363034801577,2741.018908091678,2678.367834036984,2685.50146484375,1357212
2024-08-28,2678.804731489039,2699.9148774708824,2664.9739461905906,2683.02685546875,1723549
2024-08-29,2688.462067987683,2727.333902856005,2664.246107950083,2703.31201171875,2129934
2024-08-30,2713.4546356789924,2733.448709240914,2678.902076663861,2696.275390625,4029712
2024-09-02,2711.804574932889,2726.2661437739175,2697.245853163385,2707.000244140625,957950
2024-09-03,2698.216341458918,2744.7556730503247,2693.363434369963,2712.095703125,2022116
2024-09-04,2698.216436840079,2760.188157340057,2690.111986931693,2757.66455078125,1640986
2024-09-05,2756.500046673475,2771.0101927605288,2740.5823678395104,2754.947021484375,1945173
2024-09-06,2744.9014624679285,2782.123118479223,2744.9014624679285,2755.43212890625,1672730
2024-09-09,2769.166071475763,2851.7624119394613,2759.5571728010573,2835.844970703125,3342754
2024-09-10,2847.6858799868537,2851.180067874474,2802.553844056592,2813.327392578125,1536584
2024-09-11,2825.9451329233075,2863.2153669847785,2812.8422829388005,2818.714111328125,1913665
2024-09-12,2825.362457010719,2876.2208276163733,2809.056642089753,2869.4267578125,2454564
2024-09-13,2869.426835111309,2869.426835111309,2832.641893822737,2846.666748046875,1902001
2024-09-16,2824.3917517240393,2824.3917517240393,2724.8100096118765,2782.75390625,1489057
2024-09-17,2782.7541937629762,2828.177216442892,2775.9601235551504,2788.9658203125,1098661
2024-09-18,2789.451155662023,2808.42607086622,2777.512956142777,2791.246826171875,464796
2024-09-19,2791.6349342197495,2847.9772355641235,2788.8203427591193,2826.090576171875,1713010
2024-09-20,2838.7566700584757,2901.4077499970376,2810.2214332765097,2890.00341796875,3641632
2024-09-23,2892.332571352012,2945.7145483400527,2882.5781808925276,2939.454345703125,1300470
2024-09-24,2931.15585489431,2931.15585489431,2859.429983559541,2863.7490234375,1929308
2024-09-25,2863.749069984707,2873.260815338254,2819.636191624619,2862.196044921875,1055354
2024-09-26,2864.2830665701063,2904.8048428813454,2854.674167856613,2898.25341796875,1902889
2024-09-27,2898.253441779502,2940.8618738147916,2865.884454754662,2878.9873046875,2977081
2024-09-30,2876.9975761841415,2909.706124674832,2856.0331583870834,2871.271240234375,1627702
2024-10-01,2875.541401979056,2875.541401979056,2806.338902317453,2837.7373046875,1184642
2024-10-03,2823.1787931428157,2837.106731735907,2776.9306818262016,2808.23193359375,1233447
2024-10-04,2805.9509130580846,2828.2742859395566,2734.176463728675,2764.94384765625,2456486
2024-10-07,2761.3042498599384,2782.1231747563133,2741.9411971515387,2750.04541015625,1280975
2024-10-08,2760.333604802783,2801.098025126875,2716.3662183472698,2735.875,1761488
2024-10-09,2740.3395675699758,2742.717681686061,2679.484158126076,2687.491455078125,1476282
2024-10-10,2688.5105879502285,2705.398610217547,2652.793143577846,2673.66064453125,2065078
2024-10-11,2683.463661587022,2707.922266928901,2656.5300261363855,2701.322265625,679307
2024-10-14,2709.4750374005316,2722.189511126188,2683.6574782692883,2707.048583984375,874010
2024-10-15,2710.9311955846492,2716.9487533001934,2683.9004068922713,2699.623779296875,1082666
2024-10-16,2707.09718625598,2715.2502127006615,2674.5343678170534,2699.4296875,1170797
2024-10-17,2697.68253378276,2700.1575638443824,2643.3299731877614,2658.082763671875,1368242
2024-10-18,2658.08258710551,2659.392966744725,2614.212356359638,2637.166748046875,1137277
2024-10-21,2635.128493894694,2657.451866034502,2601.5948592234436,2614.3095703125,792345
2024-10-22,2606.1082244195836,2630.275606612126,2595.0920306934213,2602.80810546875,1272253
2024-10-23,2543.8940646553547,2613.8245078342925,2543.8940646553547,2581.0673828125,1431962
2024-10-24,2569.1292285561976,2569.1292285561976,2380.4482798823033,2431.40380859375,9216267
2024-10-25,2428.6859946148834,2465.276867660535,2426.5507628298415,2453.678466796875,2761166
2024-10-28,2469.159144937238,2513.4177526958706,2445.9623436655493,2500.023681640625,852829
2024-10-29,2509.632330583052,2509.632330583052,2461.394481395327,2472.70166015625,1695654
2024-10-30,2481.776848804237,2487.891559530861,2458.871031051871,2479.787109375,1200637
2024-10-31,2479.7870359976687,2488.0855548126483,2449.8447403470686,2453.87255859375,1901355
2024-11-01,2469.110544535092,2471.051707366065,2437.4697325652455,2462.850341796875,118532
2024-11-04,2472.0707851149646,2472.0707851149646,2429.850494909821,2450.52392578125,1097260
2024-11-05,2445.865157420273,2455.813616889939,2433.247599068502,2447.175537109375,702046
2024-11-06,2469.611452196455,2476.386532154494,2449.777629154025,2455.374267578125,1219166
2024-11-07,2455.374054274254,2464.407253718044,2421.401332931118,2430.630859375,1322446
2024-11-08,2438.927788649835,2469.6605169147483,2422.579669604473,2462.247314453125,1700877
2024-11-11,2463.5237739285594,2469.316739128912,2430.189173754933,2445.899169921875,1175577
2024-11-12,2449.7775706822567,2451.692178555918,2411.484454346943,2416.884765625,1624222
2024-11-13,2417.4740174733843,2427.980029788182,2405.985890652603,2420.272216796875,1262017
2024-11-14,2415.804451248359,2420.026560463074,2340.4947086024417,2345.89501953125,2443393
2024-11-18,2357.628355989708,2381.046163629545,2332.688834326965,2378.984130859375,1374215
2024-11-19,2387.8210740176746,2395.970682267616,2361.507022871615,2366.661865234375,1133370
2024-11-21,2380.8006797217895,2380.8006797217895,2333.032571434998,2339.611083984375,1291829
2024-11-22,2347.613353088314,2407.6551370493976,2334.7509378705845,2400.92919921875,1696471
2024-11-25,2425.2306264341637,2460.2835069783887,2413.0554754508216,2426.654296875,4368045
2024-11-26,2441.186181184411,2449.7284438602323,2415.80462213737,2434.263916015625,982442
2024-11-27,2430.2871904428803,2447.7646089278323,2413.4481343744396,2441.82421875,948232
2024-11-28,2440.940689057231,2493.1272374282194,2408.735148515141,2417.572021484375,2540530
2024-11-29,2410.600728530422,2462.050868133835,2410.600728530422,2450.906494140625,1795164
2024-12-02,2439.9586625684246,2445.358973491614,2415.9518737711646,2434.214599609375,1006993
2024-12-03,2435.0494613734018,2446.291879693493,2421.3032144140357,2437.847900390625,1641588
2024-12-04,2436.12953900783,2447.8137526509245,2412.024465943355,2419.830322265625,1321495
2024-12-05,2420.9106401262025,2469.4151601085237,2405.642438807475,2449.385009765625,2071795
2024-12-06,2449.7774666798377,2450.5630144118554,2430.1399719569536,2438.780517578125,1308086
2024-12-09,2420.3212934353196,2432.054648922866,2340.1021731538126,2357.23583984375,3385021
2024-12-10,2365.0418405006158,2369.2639501866993,2345.0116899782884,2353.897705078125,2063838
2024-12-11,2361.4086980082207,2365.6799489199275,2341.77120363809,2357.824951171875,1718225
2024-12-12,2341.82054101358,2356.450379655681,2295.6232837042285,2302.447265625,3231056
2024-12-13,2302.4470222060845,2351.148103051197,2291.1554631934337,2346.77880859375,2260902
2024-12-16,2346.9751128385005,2349.6261265509324,2320.1698859339126,2323.2626953125,1247552
2024-12-17,2310.6950631027157,2336.861929579234,2310.6950631027157,2320.41552734375,2131569
2024-12-18,2307.454663175832,2339.807386268207,2307.454663175832,2316.438720703125,988403
2024-12-19,2304.4602052401287,2343.686056401983,2293.6595822074737,2317.077392578125,1655915
2024-12-20,2309.467724557705,2330.479748587135,2282.515070557055,2291.597412109375,2069691
2024-12-23,2294.641369734494,2309.124022795506,2273.285593186901,2296.5068359375,1066199
2024-12-24,2288.848234775878,2314.229552226785,2288.848234775878,2293.217529296875,683646
2024-12-26,2289.9773243568984,2299.403417590653,2282.564122249837,2290.46826171875,1033769
2024-12-27,2300.5324897599107,2303.134361905232,2286.049837508968,2298.814208984375,556816
2024-12-30,2299.05968803339,2316.389681190017,2282.8587549338595,2301.0234375,924180
2024-12-31,2297.586849677959,2310.007469026126,2281.140448083042,2284.67529296875,1878762
2025-01-01,2282.8588155253287,2294.7884979654154,2278.1949104183414,2280.011474609375,559893
2025-01-02,2287.767981935654,2336.517963432763,2273.5307992154535,2327.04296875,1650744
2025-01-03,2338.678339641274,2370.834735922727,2321.9373281379058,2362.635986328125,1274239
2025-01-06,2374.1730256557257,2375.10575867804,2318.8442903999216,2333.130615234375,900419
2025-01-07,2334.063573808319,2358.708727057057,2332.1981075834215,2347.46630859375,922768
2025-01-08,2347.662453978323,2365.3361989267164,2325.0793354331527,2357.481201171875,953351
2025-01-09,2361.457814796113,2428.8142759463803,2343.1457076596816,2391.257568359375,2425267
2025-01-10,2391.2577424018345,2411.484458748228,2370.049390991343,2397.787353515625,1651911
2025-01-13,2373.2405929574184,2415.903006147045,2365.3855943599074,2406.5751953125,2595013
2025-01-14,2420.3212661598373,2423.2668904188554,2321.2501994677364,2325.0302734375,2052741
2025-01-15,2330.8726051486196,2341.6732284736895,2307.5041755449906,2329.989013671875,1215150
2025-01-16,2333.867188879549,2336.861954874067,2283.8898589241226,2302.496337890625,2762596
2025-01-17,2307.4057527994237,2336.1747320433897,2300.532629280447,2311.333251953125,1333005
2025-01-20,2313.7387179443335,2325.079419305078,2293.315675101929,2302.692626953125,1382273
2025-01-21,2310.8422527675875,2334.2109200503423,2290.173741080801,2298.077880859375,1842885
2025-01-22,2300.0907444235577,2319.1881603751613,2289.928244871017,2300.4833984375,2658047
2025-01-23,2273.0398957567777,2298.8632479151706,2212.9983546557087,2279.618408203125,3408925
2025-01-24,2290.5666487972244,2337.647495987577,2280.895086444603,2325.177734375,1688664
2025-01-27,2322.1336972511494,2366.023448998165,2318.353383718259,2349.47900390625,2477358
2025-01-28,2357.48119559763,2363.3724438998315,2336.321747502455,2345.551513671875,1892156
2025-01-29,2341.9184361178313,2352.5718729143537,2321.151881289454,2340.740234375,699576
2025-01-30,2340.7894200830306,2381.0462851096263,2340.7894200830306,2365.0908203125,1419960
2025-01-31,2357.9722699945264,2434.0675649870627,2357.9722699945264,2424.052490234375,2116148
2025-02-01,2430.139939176491,2554.838028984739,2391.0121355827387,2460.627197265625,2970999
2025-02-03,2459.5962149229367,2474.3243359703793,2372.7003007430244,2397.68896484375,2528480
2025-02-04,2405.5929736608914,2405.5929736608914,2359.297678237658,2393.859619140625,1992474
2025-02-05,2408.538762766955,2408.538762766955,2343.735029239593,2347.711669921875,1357416
2025-02-06,2356.499319499281,2365.2870502684787,2317.518941198998,2329.694091796875,1132113
2025-02-07,2336.8618194174337,2338.7764271667124,2293.757615357239,2321.004638671875,855602
2025-02-10,2327.9268622556306,2354.535765162653,2309.418666146116,2318.648193359375,1326354
2025-02-11,2328.025164964299,2334.849146922713,2254.9246336026426,2273.28564453125,1389260
2025-02-12,2283.5458605845,2297.4884328852386,2263.3193863135825,2290.22265625,1341909
2025-02-13,2287.8665825033304,2303.0856420040236,2271.4201794945166,2279.42236328125,1334967
2025-02-14,2279.9130925334366,2323.1155800749834,2271.4688740822953,2276.329345703125,1135380
2025-02-17,2276.3294308235972,2293.659424337889,2258.311933209394,2287.178955078125,1409168
2025-02-18,2287.17904363718,2296.1633418095184,2246.5295231516766,2254.384521484375,1035705
2025-02-19,2257.084579856575,2263.9085614208143,2207.254436331737,2209.61083984375,1521343
2025-02-20,2209.61072851207,2213.5873689893037,2186.1440190733874,2207.303466796875,2206196
2025-02-21,2207.3036737471143,2212.703985102254,2186.045940674385,2201.01953125,1781509
2025-02-24,2189.5805806766357,2210.1999493735907,2178.5836319813607,2200.822998046875,1627949
2025-02-25,2202.345003448744,2228.4629669638985,2197.3864881550335,2218.349609375,1988040
2025-02-27,2228.5117782094676,2228.5117782094676,2192.6244503210396,2204.259521484375,1699658
2025-02-28,2204.3580562349134,2208.8256344948168,2146.2311163198974,2150.55126953125,3683249
2025-03-03,2159.1424717525438,2159.1424717525438,2119.376546283704,2137.39404296875,1306470
2025-03-04,2140.437783808497,2140.4869254884225,2097.284437084069,2118.24755859375,1800330
2025-03-05,2112.99456534149,2152.171273896323,2111.030815745448,2131.110107421875,1145673
2025-03-06,2135.5776091481193,2189.3843940941274,2124.5315180663188,2178.73095703125,1856868
2025-03-07,2186.340470972133,2186.340470972133,2149.5201676266793,2164.592041015625,1738356
2025-03-10,2167.979510760761,2226.0573080183467,2154.871386582588,2207.009033203125,1242387
2025-03-11,2199.399349846657,2221.44238913751,2171.170451941259,2176.76708984375,1325891
2025-03-12,2177.160105947309,2189.5315841563634,2145.39636141498,2153.153076171875,1526212
2025-03-13,2145.3964226012604,2169.894150742321,2125.2188476629813,2135.38134765625,1845629
2025-03-17,2121.8312918285837,2155.656828338742,2117.412855542962,2131.8955078125,1111886
2025-03-18,2131.8955078125,2131.8955078125,2131.8955078125,2131.8955078125,0
2025-03-19,2166.9975655294597,2172.7416286827006,2153.6931147712576,2160.173583984375,1341405
2025-03-20,2163.9536812276774,2208.1380452959766,2148.783764173998,2201.755859375,1426689
2025-03-21,2204.308858765917,2214.32393347734,2185.45691112403,2205.487060546875,2152415
2025-03-24,2209.4635575040347,2224.9280841258274,2200.3812164721885,2215.3056640625,1454404
2025-03-25,2209.9547487462705,2250.4570850278583,2202.6889709722714,2230.13232421875,2229340
2025-03-26,2230.8193391946506,2238.576053510754,2197.239272084734,2205.241455078125,1416907
2025-03-27,2203.5232921909783,2219.920552767721,2160.124475668381,2203.965087890625,3752627
2025-03-28,2206.2724040098356,2254.3842632873084,2199.6938916027498,2217.90771484375,2280152
2025-04-01,2218.0551389367038,2243.240131281449,2179.7620223282347,2193.361083984375,2495962
2025-04-02,2203.0323238244255,2203.0323238244255,2150.3548394880845,2197.33740234375,1351493
2025-04-03,2185.1130403837997,2212.0654534146915,2180.3510918370066,2203.866943359375,1310088
2025-04-04,2189.580618287982,2225.959124485599,2181.7256205542135,2203.866943359375,1120226
2025-04-07,2111.0306546602815,2220.6079696442002,2111.0306546602815,2208.62890625,3435185
2025-04-08,2227.186607277835,2264.399565484465,2211.525752509045,2247.7568359375,2774874
2025-04-09,2252.3713933540657,2311.480201648499,2248.0020989340924,2307.405517578125,2989089
2025-04-11,2351.1972219367067,2351.442690608515,2301.8580189031986,2323.2626953125,3836083
2025-04-15,2356.4994442091893,2356.4994442091893,2302.692658956642,2318.697265625,3042779
2025-04-16,2308.3874922964587,2332.934360568433,2308.3874922964587,2323.704833984375,1131979
2025-04-17,2314.377173785059,2336.7637273251385,2300.6309266633484,2331.95263671875,1962402
2025-04-21,2325.177604656988,2329.3994741521456,2306.2273747455256,2308.387451171875,1478430
2025-04-22,2327.0433844016457,2362.390878848253,2312.4135450863487,2355.22314453125,2352346
2025-04-23,2366.3182440167266,2393.810738138083,2350.0190266157124,2379.8681640625,2226066
2025-04-24,2379.867979637484,2442.3150676159876,2275.1019956011355,2283.1533203125,7065430
2025-04-25,2289.633612290894,2299.4523596993467,2252.8133095091957,2289.92822265625,2859858
2025-04-28,2302.496349368105,2306.4238484715047,2273.0401060926065,2276.574951171875,1555660
2025-04-29,2285.8042666616752,2290.22270274414,2270.6834923989963,2279.618408203125,1896387
2025-04-30,2277.949398128391,2309.8603271969996,2274.0218991661004,2299.64892578125,2083807
2025-05-02,2291.794010197549,2302.496349368105,2268.130732213357,2276.574951171875,1424284
2025-05-05,2281.9750758183536,2312.2166246689503,2277.0657023405943,2306.031005859375,2074103
2025-05-06,2297.7830679976596,2346.778758141565,2297.7830679976596,2338.629150390625,1888125
2025-05-07,2326.061434813229,2343.636898100996,2312.609797801949,2327.828857421875,1610400
2025-05-08,2318.8935932451186,2328.9086679425363,2298.5688334765755,2312.216796875,2323073
2025-05-09,2287.768137663965,2300.2378988832365,2260.57025538677,2290.615478515625,1805685
2025-05-12,2317.2244679630116,2343.7350868761478,2303.5765044828277,2339.316650390625,1274873
2025-05-13,2332.541706924671,2354.5356050135724,2310.1549151140503,2317.224365234375,1929665
2025-05-14,2327.0430410418,2327.0430410418,2296.1139879646616,2307.896484375,1568111
2025-05-15,2308.976625401022,2326.9447405218516,2297.586783068839,2312.51123046875,3236681
2025-05-16,2317.224305310505,2343.734922362786,2306.4236835484644,2338.236328125,1473000
2025-05-19,2331.95255175475,2361.408794513757,2331.95255175475,2339.512939453125,936655
2025-05-20,2351.19753918304,2351.19753918304,2296.1142659106454,2298.667236328125,1617408
2025-05-21,2303.478005860862,2332.6396359970754,2302.496131178057,2321.053466796875,1570754
2025-05-22,2312.3151721769136,2320.268454005645,2271.174713619723,2288.45556640625,2423653
2025-05-23,2294.5428671730415,2321.642704503221,2287.3753737084476,2316.438720703125,844118
2025-05-26,2325.07927344993,2353.8482499032,2321.250058032729,2350.706298828125,892618
2025-05-27,2350.706553150472,2365.8273291751543,2317.5191369873537,2337.058349609375,1865258
2025-05-28,2344.7169767245714,2344.7169767245714,2309.3694846131457,2319.188232421875,897517
2025-05-29,2326.0613384377953,2332.9344618523432,2312.8060289954524,2323.802978515625,1111275
2025-05-30,2317.2244591411445,2331.854297340192,2301.0235254225727,2305.736572265625,3288892
2025-06-02,2305.343634416857,2340.789408851528,2301.121764755519,2328.6142578125,1178205
2025-06-03,2322.2321074614806,2336.3710082209473,2300.139925202615,2309.6640625,1643913
2025-06-04,2316.733448566607,2324.686729845221,2299.6489239802295,2321.642822265625,3287896
2025-06-05,2321.642934355921,2336.861993557662,2306.3255917892498,2333.3271484375,1787978
2025-06-06,2330.2834412831876,2353.0628880206928,2327.1414899600004,2346.484375,997488
2025-06-09,2350.608057477307,2355.517431030935,2335.1926724620143,2349.822509765625,1293622
2025-06-10,2350.0189544422137,2356.695750752591,2335.2908330438154,2351.786376953125,1778782
2025-06-11,2351.7864423801357,2359.346830298541,2328.319730852048,2333.3271484375,1977707
2025-06-12,2343.6367531475557,2344.7169112625684,2281.9752104026784,2290.419189453125,3339584
2025-06-13,2263.221282893185,2282.760494395082,2260.2756586638234,2276.967529296875,1740682
2025-06-16,2277.94931097458,2294.248526930686,2271.1744714100378,2285.215087890625,1105297
2025-06-17,2277.949336261707,2290.8119909000766,2271.1744966219585,2286.3935546875,1119284
2025-06-18,2285.5097848886408,2289.1426734843863,2244.0747187940665,2255.660888671875,2056563
2025-06-19,2258.410148058999,2265.9705354890243,2248.7877278228257,2252.616943359375,1214549
2025-06-20,2253.402708180384,2271.0764549112105,2250.849737766385,2264.399658203125,2685864
2025-06-23,2265.590049100476,2268.169866753373,2241.082750343553,2257.35498046875,842856
2025-06-24,2277.099825042089,2283.053027199062,2242.6705210148793,2245.44873046875,2440747
2025-06-25,2261.2244663474958,2272.6347697099336,2253.683647230803,2260.9267578125,1047270
2025-06-26,2271.0471751540676,2273.130892683563,2253.8823037125367,2263.010498046875,1874722
2025-06-27,2263.0104562105053,2292.4787561982344,2261.5221557844948,2288.90673828125,1050745
2025-06-30,2291.8833514974594,2298.928070446473,2270.1542620550413,2276.702880859375,1403754
2025-07-01,2282.060604307341,2284.6404218850275,2268.7652176811503,2277.595703125,759914
2025-07-02,2277.099747912196,2290.9905524746237,2269.7575623951902,2289.10546875,1128034
2025-07-03,2291.9828168641297,2308.750905945756,2286.029614742405,2295.356201171875,1060039
2025-07-04,2299.920284481797,2323.1376744970185,2292.2803906553454,2321.05419921875,1242346
2025-07-07,2322.7410024796927,2396.858319639088,2322.7410024796927,2391.599609375,2701583
2025-07-08,2386.6384929568344,2399.6364137173014,2367.3899041263103,2374.03759765625,1471046
2025-07-09,2380.2884570863953,2420.670959786851,2378.4033734605428,2404.498046875,1741690
2025-07-10,2404.4982396768783,2415.0156603181044,2378.8996643467794,2389.615234375,1053695
2025-07-11,2480.50077507572,2510.2667843766285,2441.8049629845386,2499.947998046875,7242235
2025-07-14,2480.5008132523167,2512.7473238245966,2470.5788099993074,2496.971435546875,2427712
2025-07-15,2501.0393243676117,2510.167518959921,2490.422829279717,2507.19091796875,1700294
2025-07-16,2506.5957173853917,2513.144094156912,2487.9423029182253,2497.963623046875,1284379
2025-07-17,2493.3993577519996,2505.702544596446,2486.652347254296,2490.224365234375,807474
2025-07-18,2495.2843577635995,2495.2843577635995,2462.144965698126,2470.181884765625,771112
2025-07-21,2471.471769802211,2474.150904552474,2436.2486571651175,2445.674560546875,1169960
2025-07-22,2450.734836023488,2465.6178411005535,2433.470647028656,2460.359130859375,861632
2025-07-23,2461.6490247227266,2467.6022267172193,2422.953211758524,2431.28759765625,1320795
2025-07-24,2436.744568380519,2446.7658880933027,2402.1168755368553,2418.785888671875,693984
2025-07-25,2407.1772840475533,2409.657784838074,2386.638543712917,2396.560546875,769388
2025-07-28,2396.5605543297306,2429.204090176368,2393.4848786817606,2422.556396484375,987995
2025-07-29,2425.7314790440246,2438.3323751192297,2410.7491567723273,2434.462890625,732282
2025-07-30,2422.9531342933756,2433.768020676373,2379.7924212132107,2418.388916015625,1224146
2025-07-31,2401.224093298107,2529.1186177565537,2401.224093298107,2501.535400390625,5505507
2025-08-01,2530.110889578397,2706.2264515000306,2517.112968113841,2533.781982421875,4259653
2025-08-04,2527.1341727297113,2563.0517752650835,2515.327086013953,2523.85986328125,1293028
2025-08-05,2517.7083852053106,2533.0874906124764,2497.6659866058358,2514.93017578125,756361
2025-08-06,2518.898917854651,2543.1087511382634,2506.893439258159,2515.8232421875,885487
2025-08-07,2515.922254843745,2524.1575657894737,2475.539751039598,2497.8642578125,847151
2025-08-08,2496.3760050794067,2510.16749263262,2467.2054125664436,2479.11181640625,839794
2025-08-11,2470.678006035155,2504.8095986608714,2459.168385930271,2498.757080078125,992436
2025-08-12,2498.3604491802103,2516.815472347512,2460.7561532932295,2464.42724609375,1406211
2025-08-13,2465.6178398482184,2481.9891454246754,2454.108219033236,2475.63916015625,969803
2025-08-14,2479.4092692334916,2489.430589305409,2453.909769595819,2461.252197265625,1104362
2025-08-18,2519.1966970429903,2576.744317534717,2501.6347992367637,2548.06982421875,3089136
2025-08-19,2552.13757165593,2594.603793083701,2538.445159023351,2584.4833984375,1400717
2025-08-20,2578.7287287523454,2659.096957697686,2568.3106250001715,2648.9765625,3156954
2025-08-21,2646.2975584682295,2646.2975584682295,2606.807937462502,2627.346435546875,2235686
2025-08-22,2626.3541730605166,2637.76447641911,2598.5725648830726,2609.387451171875,1223445
2025-08-25,2622.385449660888,2622.385449660888,2594.8022322765755,2611.074462890625,667598
2025-08-26,2604.1290122069813,2683.901819675416,2604.1290122069813,2671.5986328125,4348648
2025-08-28,2726.5665836002318,2726.5665836002318,2626.1559558246827,2633.696533203125,3198743
2025-08-29,2644.0154449288766,2701.7614547505946,2620.797812241766,2639.054443359375,1972773
2025-09-01,2639.054428419475,2652.4491325813005,2618.714322099665,2628.834716796875,1096729
2025-09-02,2628.338751273143,2671.400149963799,2624.469266767194,2656.120361328125,1525106
2025-09-03,2660.0889285014373,2665.9428132100716,2637.5660307805015,2643.916015625,1010692
2025-09-04,2728.5509248247226,2728.5509248247226,2634.787993044382,2645.801513671875,2494678
2025-09-05,2646.793550617698,2652.0520182863465,2603.335130123233,2612.860107421875,944879
2025-09-08,2609.486845026385,2623.9730666119685,2598.3742498750744,2603.434326171875,903410
2025-09-09,2616.4323088236597,2625.560503547093,2590.9328084136164,2621.393310546875,1610956
2025-09-10,2621.393291290843,2632.2081780734443,2598.5726835316877,2622.881591796875,1031486
2025-09-11,2623.1793324727764,2636.9708204363524,2593.6117136101975,2601.54931640625,1212707
2025-09-12,2604.5257148528326,2608.395199020342,2548.9624996026387,2560.372802734375,1368380
2025-09-15,2560.37279634945,2573.1720829359647,2548.3670761897,2560.868896484375,752745
2025-09-16,2568.01288636171,2569.7988954313,2552.534706310226,2560.769775390625,1040928
2025-09-17,2566.8220955202946,2570.8902135171456,2546.4819900088273,2549.656982421875,970247
2025-09-18,2550.847649216938,2589.5434608386845,2550.847649216938,2566.623779296875,1550153
2025-09-19,2579.7207815780857,2584.384074543658,2534.8733764379313,2539.635986328125,2214708
2025-09-22,2548.962702635441,2567.0207005828506,2540.231291096219,2552.1376953125,1174161
2025-09-23,2548.8632941880032,2555.2135215505277,2498.558786627699,2502.527587890625,1430474
2025-09-24,2502.5276285865116,2555.9080548882134,2490.4228329850216,2529.61474609375,1882881
2025-09-25,2526.142091514596,2547.474399043097,2512.0528949895665,2518.502197265625,1624258
2025-09-26,2515.2277385461766,2525.54652468155,2479.905311279923,2492.208740234375,885612
2025-09-29,2475.5397082588324,2497.7648977229896,2423.945293497526,2478.4169921875,2403556
2025-09-30,2478.4170251763394,2506.5956589551924,2472.1663570938695,2494.788330078125,1678088
2025-10-01,2495.780641485965,2530.110870187784,2478.4171355140884,2516.41845703125,1483899
2025-10-03,2516.4184426371576,2528.721872140129,2488.7361501691885,2525.050537109375,1242611
2025-10-06,2515.4262344267695,2529.714064556161,2500.5432294397424,2521.974853515625,818923
2025-10-07,2520.188866616989,2539.4374563414676,2488.736164248618,2497.566650390625,1291750
2025-10-08,2491.414984165673,2505.305788537764,2466.7092932841597,2480.60009765625,1225128
2025-10-09,2481.493000836882,2503.3214078814285,2478.814108419605,2497.963623046875,1259173
2025-10-10,2490.422803810714,2515.12849489021,2486.9501026898624,2509.17529296875,1018875
2025-10-13,2499.5509243788547,2511.854353327809,2466.0145060992772,2473.35693359375,1114750
2025-10-14,2473.555447376003,2489.6290444351353,2462.9389521863327,2482.782958984375,1461017
2025-10-15,2483.0805511453786,2512.0527512652384,2483.0805511453786,2499.3525390625,881070
2025-10-16,2498.1618926654496,2548.466397996017,2487.545398204978,2541.52099609375,1446646
2025-10-17,2545.4898430859407,2594.603757423401,2540.0327414928897,2583.391845703125,2050690
2025-10-20,2588.6505276068815,2604.228023538072,2565.4331379755677,2574.164306640625,1011485
2025-10-21,2573.7677049527942,2586.3686009360827,2564.9372187424715,2571.485595703125,82020
2025-10-23,2580.7129325458322,2646.396542743126,2575.8512480603545,2581.308349609375,3386744
2025-10-24,2563.845541367595,2563.845541367595,2455.1996099512826,2496.772705078125,3110800
2025-10-27,2496.7727162326983,2505.3057356327795,2486.453930097325,2492.208740234375,2127832
2025-10-28,2499.3526254379835,2506.298027731777,2462.541896386315,2477.62353515625,2294976
2025-10-29,2493.002510276694,2493.994710552656,2464.6254854896224,2468.693603515625,1870143
2025-10-30,2471.5708795685664,2477.5240812054235,2435.752352825584,2450.337890625,1195631
2025-10-31,2449.742476349403,2460.160579225737,2433.7679550444664,2446.269775390625,1401937
2025-11-03,2436.943259855451,2455.5964317532575,2421.2664466287306,2440.812744140625,1049185
2025-11-04,2440.812780562824,2444.0870900572017,2422.2586830765586,2426.624267578125,1251588
2025-11-05,2426.624267578125,2426.624267578125,2426.624267578125,2426.624267578125,0
2025-11-06,2444.682292267998,2444.682292267998,2413.6266157779787,2417.0,1329256
2025-11-07,2417.0,2425.0,2400.60009765625,2414.0,817896
2025-11-10,2405.0,2429.300048828125,2404.0,2408.800048828125,780558
2025-11-11,2422.199951171875,2433.699951171875,2403.10009765625,2427.5,1422399
2025-11-12,2430.60009765625,2434.800048828125,2416.199951171875,2424.5,1680827
2025-11-13,2429.0,2431.0,2405.0,2407.60009765625,1256059
2025-11-14,2405.10009765625,2430.199951171875,2392.0,2427.699951171875,975973
2025-11-17,2431.39990234375,2438.39990234375,2416.0,2425.0,920038
2025-11-18,2415.800048828125,2422.89990234375,2401.89990234375,2404.0,1229034
2025-11-19,2412.0,2450.699951171875,2411.0,2441.60009765625,1465143
2025-11-20,2445.10009765625,2459.0,2425.0,2428.39990234375,1396929
2025-11-21,2436.199951171875,2443.199951171875,2413.0,2433.699951171875,1840712
2025-11-24,2441.89990234375,2444.89990234375,2413.0,2424.199951171875,4092327
2025-11-25,2422.0,2424.199951171875,2406.0,2414.10009765625,1240672
2025-11-26,2412.0,2427.699951171875,2409.0,2425.199951171875,1242630
