Date,Open,High,Low,Close,Volume
2020-11-26,985.9146349158843,985.9146349158843,966.8557872032092,979.9724731445312,10962256.0
2020-11-27,984.1980597478693,986.8390205522016,960.4294125088778,968.352294921875,25306145.0
2020-11-30,,,,,
2020-12-01,972.7980424462677,1003.7852756765791,972.7980424462677,1001.6724853515625,8933802.0
2020-12-02,998.2831298275363,1010.1233938062726,986.8389669635521,1004.3573608398438,6741637.0
2020-12-03,1009.7274053146347,1009.7274053146347,988.3355785907971,991.6367797851562,16212632.0
2020-12-04,990.3602956863183,1000.9241388403057,981.5570930579954,998.8554077148438,10564055.0
2020-12-07,1009.9916839969044,1015.009467521504,1000.044020038533,1006.6464233398438,7792141.0
2020-12-08,1007.9666693056053,1027.3337144800362,1007.9666693056053,1015.3173217773438,12308330.0
2020-12-09,1028.2581640207657,1038.3377884186514,1018.5305817722591,1034.5523681640625,10039346.0
2020-12-10,1018.8827250462048,1031.4272891775722,1012.3683334085982,1027.9940185546875,9488782.0
2020-12-11,1020.9074043544209,1031.6913279811351,1016.9900220213509,1023.988525390625,10574009.0
2020-12-14,1029.4466563014007,1032.2636384849482,1010.7838000872065,1025.1771240234375,6728187.0
2020-12-15,1017.6502555430928,1024.4286787937226,1014.1289743820441,1016.4177856445312,6905926.0
2020-12-16,1021.171548327468,1029.0064204921753,1015.5374769134664,1026.1893310546875,7788404.0
2020-12-17,1026.365188913441,1029.0061491178014,1017.8260197761084,1020.4669799804688,6658153.0
2020-12-18,1041.2869820726494,1051.9828966141033,1034.9046590597186,1047.4052734375,15995676.0
2020-12-21,1045.8205071895295,1064.9674735459034,1014.1730356676362,1036.401123046875,10858352.0
2020-12-22,1040.5384589995774,1077.3798372613046,1035.3445484142403,1074.4307861328125,10901851.0
2020-12-23,1089.8365850669452,1108.1912427335908,1083.2782414933815,1103.08544921875,15878346.0
2020-12-24,1100.3125337258937,1100.3125337258937,1079.2728538271147,1088.1201171875,7313885.0
2020-12-28,1090.2326495757873,1098.639751556463,1088.075907791497,1091.861328125,4607051.0
2020-12-29,1087.1954861811491,1104.3176717038261,1087.1954861811491,1100.6644287109375,6878105.0
2020-12-30,1103.0414394818924,1103.3055785810864,1089.9687032914826,1097.58349609375,5194690.0
2020-12-31,1094.2380832725962,1107.7950367699373,1090.7168022322983,1105.5062255859375,7430470.0
2021-01-01,1107.3548572277425,1114.0452695948306,1105.5062062061872,1109.599609375,4253550.0
2021-01-04,1117.1264659808303,1135.6131923682199,1110.2159730853582,1134.0726318359375,7208454.0
2021-01-05,1128.5707940797126,1143.5362414271035,1122.4526100603225,1138.9586181640625,8145280.0
2021-01-06,1144.4160757302486,1146.1767158467567,1116.28989285341,1128.6583251953125,7161715.0
2021-01-07,1140.8951348189516,1142.347684839273,1105.2421618558594,1111.0963134765625,10954918.0
2021-01-08,1125.2696546603722,1159.2060521819562,1125.2696546603722,1155.0684814453125,13186251.0
2021-01-11,1181.4780426882976,1217.7912608892107,1179.629391253904,1211.4969482421875,20528626.0
2021-01-12,1213.081592713459,1213.081592713459,1197.2358244486968,1207.57958984375,8309868.0
2021-01-13,1209.4280493067367,1226.1101838358318,1197.2356343753304,1221.1363525390625,14442997.0
2021-01-14,1197.2355193702117,1218.3632050061565,1160.6581706285956,1206.4788818359375,27521697.0
2021-01-15,1197.2355572739823,1201.152939458616,1179.6291520199532,1183.9866943359375,15018441.0
2021-01-18,1177.8686852654287,1179.6293260505788,1149.6984327030268,1155.0244140625,8861765.0
2021-01-19,1162.022904326786,1171.7064285295091,1154.98034127026,1159.0738525390625,5585744.0
2021-01-20,1162.5070513124583,1187.023950937931,1162.5070513124583,1179.14501953125,8225838.0
2021-01-21,1188.4323317498906,1198.1599134497121,1175.227528063781,1179.364990234375,6142421.0
2021-01-22,1168.1850268607495,1193.7143153151292,1167.78892571395,1180.37744140625,9646591.0
2021-01-25,1184.030971185381,1186.583921909131,1155.8607175958405,1166.5125732421875,6542611.0
2021-01-26,,,,,
2021-01-27,1161.6705658114433,1168.6691761875868,1131.2995175680549,1145.296630859375,8133665.0
2021-01-28,1137.197927864108,1141.2913317270973,1120.2517602809414,1123.46484375,4660690.0
2021-01-29,1132.3120643847108,1136.6256556459916,1083.6743644373792,1090.760986328125,12183519.0
2021-02-01,1100.8844352414333,1125.005122010936,1092.4773346055727,1109.9957275390625,8880279.0
2021-02-02,1126.8099803343166,1139.4866141052723,1112.3727059690884,1119.107177734375,6892490.0
2021-02-03,1124.7413219740633,1147.9377418137635,1120.647810835062,1130.903564453125,8182968.0
2021-02-04,1131.211624326662,1138.6063365926661,1119.811519034765,1126.23779296875,5032240.0
2021-02-05,1132.444092435958,1134.5128237163976,1110.9642549215084,1119.85546875,5477481.0
2021-02-08,1131.6518008027583,1153.2196492039,1122.8485973737208,1147.5416259765625,6921922.0
2021-02-09,1150.4907792397423,1172.5868003058606,1142.523836448464,1149.3023681640625,7965949.0
2021-02-10,1140.7191458914072,1148.2458203636193,1129.979173207175,1141.3353271484375,5951207.0
2021-02-11,1134.7327326439702,1140.89497401597,1129.494870462155,1137.9459228515625,4673317.0
2021-02-12,1148.8178770279114,1165.3238810081975,1145.7808152799241,1153.04345703125,5797875.0
2021-02-15,1162.0227926096593,1169.4175046002792,1150.6666392805976,1152.9114990234375,4363513.0
2021-02-16,1156.7404966267482,1161.802336699506,1132.091536272449,1135.9649658203125,6896421.0
2021-02-17,1135.9652382472548,1139.574529672526,1122.408285308977,1127.954345703125,4575741.0
2021-02-18,1123.2887924252084,1149.6984035323842,1122.4084720549693,1137.77001953125,6437551.0
2021-02-19,1140.983163556862,1143.9762741850557,1123.9930455849908,1136.7576904296875,5389696.0
2021-02-22,1140.014714143002,1151.9430964143678,1109.2035056526506,1113.7811279296875,7371303.0
2021-02-23,1119.0192820160923,1136.4936202150407,1107.0469462387894,1114.793701171875,6612942.0
2021-02-24,1109.2476716611327,1123.8169086048074,1102.1610500403006,1121.792236328125,4537258.0
2021-02-25,1134.2488192251344,1144.1964831051553,1119.767591082714,1122.012451171875,8788221.0
2021-02-26,1117.1264049578488,1121.792145299428,1095.7786387480553,1103.305419921875,15132388.0
2021-03-01,1112.1087025290365,1130.7714503167083,1108.3232821710671,1115.3658447265625,5756286.0
2021-03-02,1128.7906813469826,1153.2195691671259,1126.1056615030825,1148.3778076171875,10461434.0
2021-03-03,1161.3186288892,1185.7915789976744,1151.459083391951,1182.7545166015625,9056399.0
2021-03-04,1175.2276663901384,1200.6248869768604,1167.2167727031958,1171.1341552734375,12041941.0
2021-03-05,1169.5053749599265,1179.6290571669563,1148.861909443889,1159.1175537109375,6486176.0
2021-03-08,1166.2484743431805,1184.999233830919,1159.5579535326617,1175.887939453125,5119392.0
2021-03-09,1170.3858309444852,1188.8284981205222,1160.9223877834072,1184.5150146484375,6518173.0
2021-03-10,1194.5065535631416,1209.560008154973,1192.8339236171678,1204.41015625,7925984.0
2021-03-11,,,,,
2021-03-12,1208.6796566315697,1225.14160168725,1206.0827549786186,1210.3082275390625,9462061.0
2021-03-15,1206.038876053752,1214.7540689860443,1195.9151920576803,1209.2080078125,6658635.0
2021-03-16,1220.1679808287263,1237.7303276282514,1215.2821602352783,1218.36328125,9352771.0
2021-03-17,1225.625954097866,1232.4484365142844,1216.602670901958,1221.0042724609375,7626744.0
2021-03-18,1226.9464622249845,1226.9464622249845,1156.3007556107748,1177.0762939453125,10961755.0
2021-03-19,1170.826045008895,1193.0100744562515,1160.2622009937772,1183.546630859375,12767112.0
2021-03-22,1188.5204685629212,1211.3207868423383,1176.1959838130717,1206.7431640625,4862758.0
2021-03-23,1208.1955225939473,1217.703024581029,1196.883428513493,1207.4033203125,7165335.0
2021-03-24,1195.342811986317,1206.4348254772435,1185.131118732146,1191.7335205078125,6134303.0
2021-03-25,1185.5714928581822,1190.6333351332403,1168.7133357890523,1174.17138671875,8749994.0
2021-03-26,1183.7665352097747,1194.3303776566624,1172.5865116045368,1176.2838134765625,4922071.0
2021-03-29,,,,,
2021-03-30,1185.703371195561,1232.4483551746337,1176.2399284683272,1219.5076904296875,10546381.0
2021-03-31,1216.6026911950014,1221.8846131538799,1200.1407440742212,1204.322265625,8220987.0
2021-04-01,1214.841933392189,1225.0536267024227,1206.919051217892,1219.4195556640625,5675155.0
2021-04-05,1224.5253791352843,1254.4562654692884,1221.0040983901074,1241.1634521484375,9479572.0
2021-04-06,1252.6959332908973,1255.3368944995218,1238.1265876389239,1242.1761474609375,5793571.0
2021-04-07,1241.4717105113793,1263.2155790672348,1238.2585199049374,1259.0340576171875,5879234.0
2021-04-08,1258.858041257452,1277.9609489690665,1250.935158480307,1267.5291748046875,5654434.0
2021-04-09,1280.8661193543594,1280.8661193543594,1258.9021694329847,1268.585693359375,6052712.0
2021-04-12,1297.5922809609524,1300.7174613927093,1245.6533769062062,1255.1168212890625,20384532.0
2021-04-13,1261.4989124502106,1263.4796330036042,1210.4403381849543,1229.939453125,14855206.0
2021-04-14,,,,,
2021-04-15,1172.850684415324,1202.8695827405857,1162.022702611152,1197.895751953125,25342491.0
2021-04-16,1201.6371231713124,1206.786975064139,1185.439209322817,1191.7335205078125,10879878.0
2021-04-19,1179.6290829339875,1214.5777523320496,1172.8946118265376,1199.4803466796875,12508028.0
2021-04-20,1213.9617280860366,1213.9617280860366,1181.7420256855933,1189.620849609375,8560766.0
2021-04-21,,,,,
2021-04-22,1193.3182467166828,1201.4612096354417,1184.1628939428558,1189.4007568359375,6622446.0
2021-04-23,1182.2702913744486,1187.0240430032222,1171.7064466265012,1174.17138671875,7316262.0
2021-04-26,1172.8068530955097,1189.5769997026998,1162.9032485938587,1182.7545166015625,7088606.0
2021-04-27,1184.9112595447489,1191.0735023507023,1179.7614066919707,1187.112060546875,3636115.0
2021-04-28,1195.4751183613914,1196.7955989781383,1183.6788033595897,1193.7144775390625,4879234.0
2021-04-29,1204.278214298539,1205.1585346306288,1189.6649182780477,1194.0224609375,5412357.0
2021-04-30,1185.175326501452,1209.472146593651,1184.8231768703517,1192.2618408203125,8354677.0
2021-05-03,1180.333578593025,1198.11600683424,1177.8686386070633,1190.2371826171875,4560337.0
2021-05-04,1191.953585551371,1192.7898467813673,1165.6319893117732,1170.2977294921875,4887060.0
2021-05-05,1180.597435377813,1183.0623749987185,1168.8892408309257,1180.9495849609375,3939788.0
2021-05-06,1184.0307481639024,1201.3730142790157,1177.340335688776,1198.64404296875,4810090.0
2021-05-07,1201.90132974289,1208.7238119609947,1187.1119059502223,1190.67724609375,4991435.0
2021-05-10,1188.3001433034078,1190.9851627686044,1175.2714694468525,1179.23291015625,7195348.0
2021-05-11,1176.9003177121128,1180.5096097171875,1166.5124944185009,1171.3983154296875,6420988.0
2021-05-12,1170.8258971937994,1170.8258971937994,1157.1809337302627,1168.1849365234375,5241898.0
2021-05-13,,,,,
2021-05-14,1168.0530646731775,1168.0530646731775,1154.364147358403,1158.853759765625,4824609.0
2021-05-17,1162.2868369308226,1175.183442268053,1162.2868369308226,1170.2977294921875,5017129.0
2021-05-18,1177.868631755772,1183.6787245906223,1170.3859087588182,1179.6292724609375,5620150.0
2021-05-19,1181.389760373329,1194.990665077294,1173.6869582844565,1176.9881591796875,4435878.0
2021-05-20,1187.0238321383868,1187.6400133214966,1175.227519439831,1179.012939453125,4490092.0
2021-05-21,1186.2314355342578,1195.034637282193,1185.2190458410535,1192.3936767578125,4969733.0
2021-05-24,1194.286553380612,1199.8765657788765,1184.1188109576708,1186.7158203125,4225371.0
2021-05-25,1195.4749115290554,1204.2781141176345,1192.3497316257221,1198.64404296875,4099340.0
2021-05-26,1204.1902075545224,1232.4484688115047,1199.0403550877556,1230.027587890625,6850024.0
2021-05-27,1236.1457809007707,1246.753684003248,1225.1417766288973,1234.42919921875,15365391.0
2021-05-28,1241.031382790176,1244.7727435824145,1229.0149907535003,1236.8939208984375,4261312.0
2021-05-31,1247.0825051236686,1247.0825051236686,1230.6208380920684,1240.1864013671875,4429904.0
2021-06-01,1245.7477695679897,1246.6375894033954,1226.750137806195,1234.3580322265625,4791325.0
2021-06-02,1228.6187219765782,1238.584660557052,1214.6040597487086,1226.7501220703125,9272276.0
2021-06-03,1235.1588218225315,1244.8578792030544,1225.3263783707234,1236.5380859375,5115645.0
2021-06-04,1240.3641985269894,1242.98923196493,1225.8602017572302,1232.978759765625,4194328.0
2021-06-07,1237.7393209231227,1238.6291407081142,1225.5488333169712,1236.5380859375,5154576.0
2021-06-08,1242.1885920949892,1265.1014547357097,1241.788216584457,1257.27099609375,7360630.0
2021-06-09,1257.6713811300513,1267.9932695298262,1249.8409231050714,1259.362060546875,5394317.0
2021-06-10,1267.1034939893893,1271.5525933362621,1262.6543946425165,1267.3704833984375,3496575.0
2021-06-11,1272.5312092843928,1291.6623340076171,1271.9528047198082,1287.480224609375,6140828.0
2021-06-14,1308.9251919780652,1314.2641118637675,1293.308807864144,1300.7388916015625,7132294.0
2021-06-15,1302.6962549617203,1313.3740931171444,1301.806435115435,1311.5054931640625,5403104.0
2021-06-16,1310.4375650008872,1325.3420465256531,1305.8105455279979,1317.4671630859375,7661710.0
2021-06-17,1312.5731820594183,1337.0877613114858,1312.5731820594183,1330.547607421875,7677951.0
2021-06-18,1342.7381895981773,1348.7890081884066,1323.518102047729,1337.666259765625,13533974.0
2021-06-21,1328.5007330890355,1339.8904680198723,1320.6702767465147,1334.9964599609375,5454052.0
2021-06-22,1343.3610354471275,1353.8164190842874,1336.598426052742,1345.274169921875,6427862.0
2021-06-23,1356.9753804774398,1356.9753804774398,1333.5286472667522,1337.5328369140625,5529809.0
2021-06-24,1349.8567492468076,1395.9049277395711,1344.6957505278851,1387.4071044921875,10785137.0
2021-06-25,1398.7967123676879,1404.135631117183,1372.9919384117954,1400.7542724609375,9780240.0
2021-06-28,1399.5976766042195,1406.0488705757884,1388.6528489007708,1398.618896484375,5019178.0
2021-06-29,1389.0087116988348,1400.2649539245465,1387.4069926061065,1390.8328857421875,5913567.0
2021-06-30,1398.84139533289,1415.703438725539,1398.84139533289,1406.6273193359375,6058722.0
2021-07-01,1403.1124693019067,1403.1124693019067,1387.2737404607137,1388.4749755859375,4814317.0
2021-07-02,1387.1846993165,1396.5278083315611,1372.636165574309,1395.0596923828125,5166064.0
2021-07-05,1396.2609093070173,1410.3645329120188,1389.0533898850238,1404.9810791015625,4058338.0
2021-07-06,1400.3094664482746,1411.9216590381186,1385.538478536323,1390.0765380859375,4089574.0
2021-07-07,1393.5025843809224,1397.506774179586,1374.460415614269,1392.2122802734375,4797120.0
2021-07-08,1395.237571079609,1402.3561301157295,1378.330993368823,1388.786376953125,3326813.0
2021-07-09,1384.5596842120967,1396.9282018298825,1380.11058496977,1390.699462890625,3436594.0
2021-07-12,1397.5068404425924,1404.1359559753491,1364.7614210882077,1377.307861328125,4588982.0
2021-07-13,1384.9157985707798,1384.9157985707798,1367.0304392138037,1374.727294921875,4456160.0
2021-07-14,1382.7800855630126,1408.406941407783,1368.6319278283077,1403.156982421875,5657716.0
2021-07-15,1386.2504222209864,1420.9088633348867,1384.5597427133494,1406.6273193359375,10021355.0
2021-07-16,1400.3538130169516,1401.1546725054604,1378.8646446149278,1384.070068359375,6265593.0
2021-07-19,1374.5046646004569,1381.8012524671824,1368.142539635368,1371.835205078125,5669162.0
2021-07-20,1368.8098758786696,1386.072293532128,1368.5428864837877,1379.2652587890625,5069939.0
2021-07-21,,,,,
2021-07-22,1389.364589198939,1417.349377086102,1389.364589198939,1414.9913330078125,7854575.0
2021-07-23,1413.5232964523468,1422.3769600749592,1410.408927130944,1415.2138671875,4179719.0
2021-07-26,1418.461850623931,1434.0782329842234,1418.461850623931,1427.18212890625,4586710.0
2021-07-27,1428.1609723882148,1431.9872414945648,1421.8432726768472,1425.98095703125,5892859.0
2021-07-28,1428.249792231935,1430.4743418144471,1410.8093452291575,1428.6947021484375,4686788.0
2021-07-29,1423.800767429878,1441.5082047556239,1423.800767429878,1438.8387451171875,4660873.0
2021-07-30,1432.610021695999,1444.5336299360965,1429.1842368464966,1433.054931640625,6234257.0
2021-08-02,1448.13717442387,1454.6329023419573,1440.7961611531427,1451.7855224609375,5553389.0
2021-08-03,1465.5332328913128,1475.8996554431062,1455.389265292903,1472.8297119140625,5513668.0
2021-08-04,1485.198302842802,1494.8084007547138,1458.4592812898322,1467.535400390625,6740391.0
2021-08-05,1467.7577586309994,1482.439785316305,1465.5777435714137,1471.361572265625,5420536.0
2021-08-06,1474.4315559978156,1477.6794203166185,1462.8638974414057,1468.3807373046875,3754855.0
2021-08-09,1477.9908463781162,1483.73014125567,1464.999497628351,1480.0374755859375,5018477.0
2021-08-10,1484.2194839138658,1494.8973219276345,1478.0352795124588,1492.4503173828125,6846517.0
2021-08-11,1490.270402517081,1498.456702096927,1484.2195837872175,1492.7174072265625,4899639.0
2021-08-12,1494.1411226602154,1509.5794763648796,1489.5585284024805,1503.439697265625,5659579.0
2021-08-13,1510.0242207840076,1532.714625987303,1504.9522913044452,1523.5494384765625,5612790.0
2021-08-16,1519.5453491889418,1530.44564260102,1503.8845411944826,1516.6090087890625,4564109.0
2021-08-17,1516.164061463956,1556.205954643305,1500.7257088178133,1549.7547607421875,9510390.0
2021-08-18,1538.4983533587945,1562.0785768197593,1536.7187138523066,1542.4580078125,6686090.0
2021-08-19,,,,,
2021-08-20,1527.0198625262155,1552.735678583318,1527.0198625262155,1542.0133056640625,6206972.0
2021-08-23,1544.5047349064578,1559.9876213215564,1541.1679106196082,1547.1741943359375,6189051.0
2021-08-24,1557.1847301908044,1563.4134691115678,1523.9944064933602,1531.2464599609375,7602939.0
2021-08-25,1528.7105222770665,1554.4263380022362,1528.7105222770665,1544.326904296875,6153253.0
2021-08-26,1542.9474606590484,1553.6252977570348,1530.4899840447308,1537.341552734375,5302248.0
2021-08-27,1534.9392077288335,1537.3416778231317,1517.3207316353644,1520.524169921875,6698514.0
2021-08-30,1515.407839780284,1529.289008639401,1504.1515962050153,1510.958740234375,6559667.0
2021-08-31,1512.8271837232185,1526.0409862826573,1500.1027168908208,1518.4329833984375,12255438.0
2021-09-01,1521.1470441049441,1521.1470441049441,1488.802114057658,1492.895263671875,7801974.0
2021-09-02,1492.539367293398,1507.6218795661478,1479.4590583890802,1502.9947509765625,6830050.0
2021-09-03,1509.1789452891753,1517.988074588119,1498.8125226886418,1513.2720947265625,5339139.0
2021-09-06,1517.2763118836374,1541.1679527057966,1512.1153133974738,1539.7442626953125,4876026.0
2021-09-07,1539.3882322260613,1543.7483709085054,1516.2529177532997,1518.6109619140625,3520341.0
2021-09-08,1513.450109310874,1513.450109310874,1497.522311859604,1506.6875,4584896.0
2021-09-09,1500.1473085786038,1508.1556872378899,1496.8104841372344,1505.21923828125,3331674.0
2021-09-10,,,,,
2021-09-13,1497.5666663419925,1514.028332014795,1490.6260287182015,1505.486083984375,4662374.0
2021-09-14,1509.0900430510817,1509.0900430510817,1493.651689233019,1500.369873046875,4945167.0
2021-09-15,1506.687523653375,1526.1300664600856,1503.973529549805,1522.8822021484375,4062344.0
2021-09-16,1526.2188010957557,1529.8226145535493,1505.0855819038713,1514.6956787109375,3246568.0
2021-09-17,1510.024199917287,1528.7104157088386,1498.8569179841036,1504.9522705078125,7454864.0
2021-09-20,1499.3463595187543,1519.5452254836232,1493.0730864950874,1501.88232421875,5660743.0
2021-09-21,1512.6935867071113,1536.4962652038262,1499.0348751630181,1529.1107177734375,4672222.0
2021-09-22,1527.8205276346805,1547.3076020991566,1524.3057830315674,1527.7315673828125,4553892.0
2021-09-23,1541.1680209485553,1552.7356793044048,1531.4689626029945,1550.5556640625,3826090.0
2021-09-24,1564.3032427719265,1590.9978373584784,1559.3646993251812,1569.5086669921875,8280446.0
2021-09-27,1573.8688300732904,1574.0912850316047,1528.7994337947073,1531.513427734375,5045337.0
2021-09-28,1521.5918610046667,1521.5918610046667,1490.4481679431676,1501.2149658203125,6557197.0
2021-09-29,1476.4336727196999,1513.939603321405,1472.6519381353644,1505.7977294921875,7792548.0
2021-09-30,1515.3631327387895,1515.3631327387895,1486.088039336983,1490.6260986328125,6914031.0
2021-10-01,1481.6390593077983,1493.963042912064,1478.2132744965895,1481.68359375,5733906.0
2021-10-04,1488.223660262414,1502.0158675772525,1481.9059612165079,1493.7850341796875,2947154.0
2021-10-05,1486.8889928896642,1515.3186940990138,1479.7704339769668,1506.287109375,4373310.0
2021-10-06,1514.5624972241128,1520.7022765304796,1485.9992988916915,1489.158203125,4271698.0
2021-10-07,1501.1260234848555,1516.4308808095564,1491.9164101508402,1504.685302734375,5476108.0
2021-10-08,1517.3652664264184,1540.7230369842214,1511.2700223097372,1533.9158935546875,4738376.0
2021-10-11,1496.6769033100875,1539.3882537018142,1480.3931575250094,1504.6407470703125,8840633.0
2021-10-12,1492.2279267808492,1502.9057652551307,1478.8806286879972,1499.47998046875,7439300.0
2021-10-13,1509.089892174887,1524.839768285372,1494.9418438218438,1520.8800048828125,7104171.0
2021-10-14,1560.7439825365639,1587.0826277925394,1511.0919925515338,1526.7083740234375,19655776.0
2021-10-15,,,,,
2021-10-18,1548.286546695853,1600.7859181068043,1548.286546695853,1594.690673828125,13438109.0
2021-10-19,1614.1332004381575,1632.3745072788313,1585.9259547717893,1621.38525390625,10324260.0
2021-10-20,1627.836269201316,1644.3868947949425,1596.38116282424,1603.7666015625,5876115.0
2021-10-21,1614.133097673442,1614.133097673442,1554.3816771021532,1560.4324951171875,8779629.0
2021-10-22,1557.095812221997,1568.9303513205284,1518.9225180752499,1530.312255859375,7369809.0
2021-10-25,1532.3142525237072,1539.1658216360158,1501.303945142191,1519.411865234375,5905209.0
2021-10-26,1535.121906435582,1549.9788722496721,1522.4193469581496,1529.42138671875,5871709.0
2021-10-27,1534.2689409244713,1556.7565147555208,1527.1322237405088,1552.08837890625,5090259.0
2021-10-28,1543.4703399076664,1548.3179728132604,1518.9630389912397,1529.600830078125,5329972.0
2021-10-29,1525.202109131994,1537.4108857345927,1491.1342188619528,1497.1488037109375,5875091.0
2021-11-01,1505.901345498359,1532.5631615525838,1504.5547869181817,1526.1446533203125,3636806.0
2021-11-02,1521.611352905563,1531.890040630247,1513.8461757071277,1524.2147216796875,3471772.0
2021-11-03,1534.1789588065574,1541.764527730392,1525.2019022892575,1528.3438720703125,3530713.0
2021-11-04,1539.565380166842,1541.3607916889025,1530.5883225565397,1533.9097900390625,483407.0
2021-11-05,,,,,
2021-11-08,1553.0308790467627,1562.9056418615107,1528.792824865108,1559.763671875,5245903.0
2021-11-09,1557.294978023841,1570.9849900802546,1549.4400530734397,1564.252197265625,4016134.0
2021-11-10,1549.4401417745487,1571.83785665347,1545.8043896132256,1562.1427001953125,4780368.0
2021-11-11,1555.679123526493,1561.7835664122908,1534.179114814545,1555.993408203125,4731349.0
2021-11-12,1564.7010936682932,1600.4746452356892,1560.257494120251,1598.095703125,5069009.0
2021-11-15,1599.801502761789,1615.8704586842389,1593.8766663299257,1604.3349609375,4354074.0
2021-11-16,1606.8932408206165,1623.9047204027208,1595.2230664459416,1608.9580078125,6034233.0
2021-11-17,1609.1825130450993,1617.665788691909,1598.544612062206,1604.6041259765625,4732492.0
2021-11-18,1599.352472206742,1606.3994401188306,1579.0643450623231,1597.3775634765625,4326924.0
2021-11-19,,,,,
2021-11-22,1601.5071244338014,1602.7639344525808,1572.017511239656,1579.423583984375,6621839.0
2021-11-23,1557.6091835159034,1568.5163300051972,1535.0767917063313,1559.22509765625,8436160.0
2021-11-24,1562.0080883098099,1562.4569412087494,1515.3273868200913,1522.509033203125,7333061.0
2021-11-25,1526.0998642017403,1549.6197123932054,1523.3618176709108,1546.20849609375,4476260.0
2021-11-26,1528.3888959632156,1542.5725803901694,1511.736411257702,1518.6038818359375,4494181.0
2021-11-29,1518.020294608016,1536.8721137604516,1498.4054475493863,1522.822998046875,3942776.0
2021-11-30,1530.1842942257836,1552.9411117960724,1526.1446185772156,1537.4556884765625,14808963.0
2021-12-01,1539.5654566717308,1563.713764760079,1537.7700450604518,1539.4757080078125,5193264.0
2021-12-02,1539.5652268479416,1571.4337781908582,1536.2885792298446,1569.4139404296875,5559574.0
2021-12-03,1589.9268048686408,1603.8861746330003,1555.3203101914041,1558.013427734375,6754012.0
2021-12-06,1553.030961200896,1556.5768551113895,1518.4692895209917,1521.880615234375,3991449.0
2021-12-07,1527.087144429678,1548.4525839240318,1520.7134558760026,1536.5579833984375,4202122.0
2021-12-08,1555.72401999994,1579.7825772411895,1555.3649157936254,1573.9923095703125,3029169.0
2021-12-09,1579.0643354763217,1588.4004967272194,1563.8033384876364,1583.05908203125,2082171.0
2021-12-10,1579.962097662356,1583.3284941772615,1567.394217340042,1579.288818359375,1823469.0
2021-12-13,1586.2908803107057,1590.1509490203869,1560.9306946167599,1566.1822509765625,4040584.0
2021-12-14,1553.8390344217205,1582.6553694878078,1535.3911358845291,1572.915283203125,4768144.0
2021-12-15,1566.4964126446885,1569.1446005691694,1545.1309736131548,1556.8011474609375,3053149.0
2021-12-16,1582.3411870879927,1595.761845276833,1578.166833104262,1590.3756103515625,4481031.0
2021-12-17,1633.824496428529,1653.5740233084343,1621.9298950122225,1634.5875244140625,18887243.0
2021-12-20,1617.3965672413594,1642.4875112060606,1604.4696908187657,1614.883056640625,5773891.0
2021-12-21,1616.7680325096776,1649.983144782225,1616.7680325096776,1626.28369140625,5353584.0
2021-12-22,1638.3131788309054,1642.038680030921,1626.957177893869,1638.0438232421875,4156428.0
2021-12-23,1643.9237215129017,1671.1690702162794,1640.108471920312,1667.5782470703125,4112933.0
2021-12-24,1681.3577864450267,1683.8714061478108,1664.346307875805,1672.87451171875,3780347.0
2021-12-27,1669.7326279815125,1682.7493608340567,1656.3119713909696,1675.2535400390625,2647733.0
2021-12-28,1688.3151125796455,1701.960305344771,1686.2504551628035,1694.868408203125,3340933.0
2021-12-29,1690.8289706952276,1700.0753847956623,1684.455281068505,1692.6693115234375,3236635.0
2021-12-30,1691.7264690178984,1714.4384680998746,1682.6147338295473,1699.2222900390625,4584738.0
2021-12-31,1696.6638809222288,1704.1597020773836,1680.191002196057,1694.64404296875,4619420.0
2022-01-03,1694.6438608427336,1718.253563550426,1694.6438608427336,1704.249267578125,3329616.0
2022-01-04,1704.2494699005285,1711.6107229414722,1685.8914307946536,1704.8779296875,3921999.0
2022-01-05,1705.6411220873179,1708.2444909797823,1651.7787708635078,1655.953125,6995719.0
2022-01-06,1641.0061644901782,1641.0061644901782,1615.8704026708538,1631.849609375,6449205.0
2022-01-07,1629.739793435008,1648.1876896772642,1621.9747266812612,1628.70751953125,4834389.0
2022-01-10,1629.3360934888094,1678.620165836605,1627.5406818155436,1661.4290771484375,7857560.0
2022-01-11,1665.2441133275113,1678.7096991495666,1660.8902624950238,1665.78271484375,5142287.0
2022-01-12,1677.7222647477881,1695.7661280475315,1669.7326618149332,1685.3975830078125,5362535.0
2022-01-13,1710.1293312660496,1716.8621239088293,1675.4329845969487,1702.7681884765625,14277630.0
2022-01-14,1689.4824192111032,1735.265417818843,1688.5847133560494,1731.98876953125,7688506.0
2022-01-17,1740.2475651482325,1754.0273268080673,1733.0209898627827,1741.100341796875,5262464.0
2022-01-18,1725.480313542678,1746.0377984851907,1715.9197247602908,1724.2684326171875,3690315.0
2022-01-19,1720.0044255349865,1720.0044255349865,1672.2913372210617,1676.061767578125,5747770.0
2022-01-20,1655.369343931458,1658.9601668033267,1629.7847309693936,1637.1458740234375,5533463.0
2022-01-21,1611.3817881916982,1623.0519627022786,1594.325379291619,1603.0330810546875,8252758.0
2022-01-24,1584.450634058544,1587.7272819323061,1551.2355216165236,1559.1353759765625,7116712.0
2022-01-25,1549.978755619526,1562.0080348157867,1526.548657013934,1545.9840087890625,9137653.0
2022-01-26,,,,,
2022-01-27,1527.8950058580806,1534.807295482557,1494.679897035079,1506.888671875,11231734.0
2022-01-28,1509.0435213036662,1550.8317721070282,1507.6969625398617,1513.7115478515625,10998502.0
2022-01-31,1542.2584788669017,1570.536209998629,1539.8795367121913,1558.5966796875,8788872.0
2022-02-01,1585.4381259763172,1597.9162579975496,1557.2501431039855,1590.779541015625,5119935.0
2022-02-02,1605.9954576263822,1609.406783035397,1590.7344611033814,1604.289794921875,4253717.0
2022-02-03,1597.0185757090092,1597.0185757090092,1556.6218157838234,1560.7064208984375,3832922.0
2022-02-04,1554.826382864696,1574.530980546349,1535.2115338427761,1562.9954833984375,4700077.0
2022-02-07,1546.028990124318,1554.826551396228,1521.9705387972274,1539.5655517578125,4310209.0
2022-02-08,1535.0769527020025,1548.542540006406,1522.5090712178926,1541.6302490234375,6053401.0
2022-02-09,1557.5194614769207,1564.701107408803,1548.5424040620683,1559.584228515625,3867244.0
2022-02-10,1576.0571267076214,1592.4402566950537,1569.8629350970984,1588.580078125,4334630.0
2022-02-11,1562.0078575739724,1567.3491624490587,1537.7698046116177,1545.265625,7551371.0
2022-02-14,1517.1226316856573,1542.7521732317396,1506.5745897197955,1510.1204833984375,7459637.0
2022-02-15,1525.2020612168308,1568.0675105535606,1517.5266332614685,1560.43701171875,4669915.0
2022-02-16,1560.4370077977667,1575.8775027443555,1550.2031404107388,1555.993408203125,5350642.0
2022-02-17,1565.5988215345953,1570.0873502660593,1544.323239180745,1548.3629150390625,3937950.0
2022-02-18,1535.0769137031268,1546.298236171717,1529.24182601946,1532.3388671875,5602215.0
2022-02-21,1526.997484746324,1559.5842473898958,1518.469280099005,1553.6593017578125,5120890.0
2022-02-22,1526.0101141230716,1571.8828586701877,1518.0654396952104,1556.93603515625,8878515.0
2022-02-23,1570.9850241223437,1578.3910963789203,1556.083130953027,1564.56640625,5478811.0
2022-02-24,1517.212402711859,1539.5203677498448,1499.6173926642882,1506.48486328125,13592379.0
2022-02-25,1539.5655406869953,1551.3703945920001,1505.452718211132,1521.2523193359375,9737281.0
2022-02-28,1510.120728832804,1551.280629498285,1494.6802321299797,1540.1041259765625,15076542.0
2022-03-01,,,,,
2022-03-02,1535.0769635089493,1539.0268910626946,1518.0205528032943,1528.613525390625,6771489.0
2022-03-03,1544.233485910162,1556.532121220316,1531.0821834995784,1544.8170166015625,7344147.0
2022-03-04,1521.8355473053791,1558.4170536039749,1509.0432414218212,1547.0162353515625,9074499.0
2022-03-07,1523.4067415003497,1571.8828546653579,1522.5090357009976,1561.8734130859375,9742588.0
2022-03-08,1542.6623753419804,1615.8703218106334,1542.6623753419804,1596.30029296875,10984500.0
2022-03-09,1607.7910342826165,1644.2378666327916,1607.7910342826165,1627.854736328125,10193515.0
2022-03-10,1656.0428266961933,1656.0428266961933,1625.027046496264,1639.12109375,6547182.0
2022-03-11,1628.438227062037,1644.058328995704,1625.7451098177226,1635.619873046875,4758657.0
2022-03-14,1644.1931465505527,1701.1525372767376,1644.1931465505527,1697.2923583984375,10289724.0
2022-03-15,1695.1826708755325,1695.1826708755325,1642.8015610504856,1651.1502685546875,7140443.0
2022-03-16,1674.2212022058457,1700.2097395006322,1659.8579103906748,1696.125244140625,5233979.0
2022-03-17,1726.5574586044008,1726.5574586044008,1645.5395172103943,1664.885009765625,17731459.0
2022-03-18,,,,,
2022-03-21,1670.6303690877041,1693.880969488696,1652.766003084631,1663.49365234375,8362085.0
2022-03-22,1660.755737075012,1696.663969227985,1650.8809732329441,1694.3299560546875,5709382.0
2022-03-23,1702.947797209164,1705.6409144424942,1667.0395674314273,1680.8642578125,6192824.0
2022-03-24,1666.2765707577757,1700.7933134465572,1666.2765707577757,1693.701416015625,3784303.0
2022-03-25,1698.4593543696753,1700.2547659493473,1667.937357515252,1684.58984375,3438588.0
2022-03-28,1675.118918136154,1688.4947556370578,1663.1345683715988,1682.2108154296875,4008555.0
2022-03-29,1682.2109019736959,1696.1253417201522,1670.226551592587,1693.0731201171875,3917785.0
2022-03-30,1714.617808577691,1722.6971595081618,1701.152223693573,1709.1866455078125,7795839.0
2022-03-31,1705.640898756571,1717.3110733270107,1700.4341616533945,1711.7901611328125,5399145.0
2022-04-01,1693.8361285877643,1714.887394872627,1686.1608099209134,1708.827880859375,6171518.0
2022-04-04,1696.43952624763,1699.3570700816317,1681.4029541800826,1690.3350830078125,7364074.0
2022-04-05,1691.0983254760263,1696.3049536604358,1667.1744426368937,1670.7203369140625,5472024.0
2022-04-06,1665.244068875197,1667.488333118964,1635.7544586287402,1641.76904296875,5407453.0
2022-04-07,1634.7672265778747,1641.1409159802406,1622.6481980135563,1625.7452392578125,5797544.0
2022-04-08,1636.5176793751152,1649.9832664242795,1623.0520923259508,1628.9769287109375,5131446.0
2022-04-11,1628.4381324552166,1628.4381324552166,1582.2512182318208,1585.842041015625,8248407.0
2022-04-12,1577.7177902011679,1577.7177902011679,1551.0110452461267,1564.207275390625,6456184.0
2022-04-13,1575.4288234718024,1577.7180172020317,1554.8265182326707,1569.68359375,6257693.0
2022-04-14,,,,,
2022-04-18,1441.26661743651,1481.2145243041055,1427.3521779657744,1455.5401611328125,30523965.0
2022-04-19,1469.2300612636093,1469.2300612636093,1391.4438401538494,1402.21630859375,17044923.0
2022-04-20,1413.886655593176,1433.007833244966,1403.1141858362757,1425.2874755859375,10678747.0
2022-04-21,1431.8407351214557,1460.7468177276078,1426.678926828698,1453.2061767578125,7766514.0
2022-04-22,1440.2342392008813,1445.9346489594298,1420.5296412592907,1423.267578125,8134245.0
2022-04-25,1411.9115474766672,1411.9115474766672,1395.1243853901856,1401.4083251953125,7000570.0
2022-04-26,1415.8615013776625,1429.1475906516841,1406.3010225615533,1419.2728271484375,5345435.0
2022-04-27,1411.8668288833383,1411.8668288833383,1391.7581965918794,1393.9576416015625,8819356.0
2022-04-28,1409.3980358449844,1437.9451226972992,1398.131784782489,1420.7091064453125,9245177.0
2022-04-29,1427.352057451814,1433.9053528696272,1401.1390949469912,1407.1986083984375,9831395.0
2022-05-02,1392.2516875624908,1393.9124210662148,1374.3873235565125,1383.3643798828125,7072627.0
2022-05-03,,,,,
2022-05-04,1388.9752818655138,1409.3980885628416,1373.6245347920797,1378.47216796875,6220959.0
2022-05-05,1400.466018752797,1426.8136628493476,1398.131895936832,1422.9984130859375,6144870.0
2022-05-06,1391.4438864637286,1402.0816774855332,1378.0232295856404,1385.0252685546875,6171472.0
2022-05-09,1382.466931176316,1424.4796064245756,1366.4429045725087,1409.7122802734375,6832202.0
2022-05-10,1398.6256138886934,1408.6350553142338,1387.8980735846474,1394.1370849609375,6212545.0
2022-05-11,1391.3988714459604,1391.3988714459604,1356.9718806196374,1370.5721435546875,7846080.0
2022-05-12,1359.1266447088979,1371.2456735751925,1350.4189418752976,1354.4586181640625,7034979.0
2022-05-13,1363.8843824412697,1372.8165107722343,1344.852954894135,1350.508544921875,6723761.0
2022-05-16,1355.5356309484275,1357.196364606125,1327.3925786728635,1336.7735595703125,6145331.0
2022-05-17,1341.9804318999065,1369.0013547558183,1329.4125506103449,1363.121337890625,6516378.0
2022-05-18,1366.3083056830963,1391.1747139308945,1351.3166617996305,1354.817626953125,6594126.0
2022-05-19,1329.502198702564,1332.8236661016863,1272.6325620859147,1281.1607666015625,16561140.0
2022-05-20,1304.3664195619865,1316.709873291496,1298.7108296562692,1306.2965087890625,10488908.0
2022-05-23,1306.2517526127397,1335.7862968179004,1301.7184038472692,1318.1912841796875,5887569.0
2022-05-24,1318.370775493057,1319.2236617915048,1288.432307627861,1293.5941162109375,5693167.0
2022-05-25,1288.207663812402,1294.940456480411,1256.1146854282254,1266.1689453125,9630092.0
2022-05-26,1272.946780445226,1283.7192496732532,1263.1169461079405,1278.2880859375,13040065.0
2022-05-27,1296.2422023774436,1316.934364203155,1290.362295335605,1311.8623046875,8284860.0
2022-05-30,1334.8885735858976,1373.4899244024366,1333.093161920012,1370.6173095703125,10904213.0
2022-05-31,1370.5265167448363,1377.1492153718643,1350.0689318033246,1364.0853271484375,16033857.0
2022-06-01,1372.613057886202,1374.2006803920185,1335.50802974436,1341.359619140625,8738508.0
2022-06-02,1346.3039171942348,1373.3841995793427,1338.6833068349495,1368.0770263671875,7205840.0
2022-06-03,1383.408884845195,1410.715969239275,1377.1490940869578,1380.5057373046875,9395707.0
2022-06-06,1375.334669946235,1394.0232323627165,1354.4687745578685,1388.0810546875,6624883.0
2022-06-07,1378.8274543628195,1378.8274543628195,1363.1780324002411,1366.8975830078125,4904592.0
2022-06-08,1379.144744602243,1379.144744602243,1353.5613899739583,1360.819091796875,4697608.0
2022-06-09,1347.2111042891397,1376.196511023312,1344.0358592621958,1374.427490234375,4361061.0
2022-06-10,1348.209108500367,1355.3307078276891,1336.8689469142598,1339.7720947265625,6516436.0
2022-06-13,1309.6524503470807,1309.6524503470807,1280.712338233923,1292.32470703125,6987685.0
2022-06-14,1279.170340512225,1314.4609486509983,1272.95595355991,1306.8857421875,6090247.0
2022-06-15,1306.5678679807882,1312.1926539494157,1287.1988962903904,1290.238037109375,4651958.0
2022-06-16,1304.5720675297325,1309.7885413741665,1262.8402767742612,1267.5577392578125,6641772.0
2022-06-17,1261.9784641623437,1267.3309313181774,1240.2960551585052,1258.576416015625,9692047.0
2022-06-20,1261.0712513196502,1290.374159577052,1253.7681436672126,1282.93505859375,4595194.0
2022-06-21,1291.8710851982403,1320.9018961015715,1290.737069147329,1315.367919921875,6270787.0
2022-06-22,1302.8031124644206,1324.167909536378,1301.850494634257,1303.8917236328125,6253366.0
2022-06-23,1306.2051203282867,1322.7163500853471,1300.036028581826,1317.6812744140625,6254281.0
2022-06-24,1322.716318533469,1331.334840499222,1296.3164470818606,1307.3843994140625,6114340.0
2022-06-27,1331.8338234573516,1346.3038236253658,1329.202884133053,1337.7760009765625,4511097.0
2022-06-28,1332.6957115355226,1350.1595593551679,1318.1803055555579,1342.8111572265625,4412178.0
2022-06-29,1328.7946624267454,1339.9534251599073,1321.8091675409512,1327.479248046875,5060038.0
2022-06-30,1329.112503957069,1344.4897206344249,1319.994968639061,1326.2547607421875,9165177.0
2022-07-01,1319.0876283134799,1347.2112297424467,1308.5185753051305,1342.130859375,4651635.0
2022-07-04,1342.901839574178,1353.7883939230314,1326.345204835297,1349.9327392578125,4800224.0
2022-07-05,1359.7307581468851,1369.846093530671,1335.4174077837515,1339.0008544921875,7379669.0
2022-07-06,1344.6709122978723,1360.8193461699268,1333.6029592465284,1353.244140625,5209162.0
2022-07-07,1363.5863571826133,1373.4748889332016,1356.9182539508968,1359.639892578125,3323472.0
2022-07-08,1374.4276002803076,1376.1966212108844,1360.7740012737456,1373.9285888671875,3652582.0
2022-07-11,1356.2831490104652,1360.7285139218584,1330.3368848303196,1336.4605712890625,4702638.0
2022-07-12,1326.163984831803,1332.3329666791728,1302.7578455378616,1305.1165771484375,4710356.0
2022-07-13,1315.458659703502,1324.5307883911123,1305.1164108508747,1310.423583984375,5264025.0
2022-07-14,1316.3657819014365,1318.1348025761679,1282.798908069353,1296.27099609375,6157606.0
2022-07-15,1311.8297387301836,1311.8297387301836,1279.7597876672385,1297.6318359375,5620018.0
2022-07-18,1315.4585592229448,1355.0130151308297,1313.6895385614898,1351.6563720703125,5835171.0
2022-07-19,1335.0092029512389,1348.8894940377877,1333.6936777845513,1346.4400634765625,3418540.0
2022-07-20,1361.953321902618,1384.225442171951,1360.8193058144393,1374.69970703125,5079392.0
2022-07-21,1376.2420400466112,1392.9800746145359,1363.631757939619,1390.666748046875,5008061.0
2022-07-22,1391.664542234317,1397.1078194529648,1353.6977057829995,1366.5347900390625,7020642.0
2022-07-25,1342.7658234849073,1376.3781065370429,1342.7658234849073,1364.0853271484375,7859626.0
2022-07-26,1357.780137915972,1357.780137915972,1310.9225719330734,1316.501953125,7268273.0
2022-07-27,1316.3656387661542,1336.324318333939,1310.9223625203947,1334.5552978515625,4517285.0
2022-07-28,1357.5533877504583,1383.000642812574,1351.6110990365607,1376.6048583984375,6636841.0
2022-07-29,1390.5759062138168,1411.35099196503,1386.2212402192902,1405.90771484375,7009465.0
2022-08-01,1418.8809307454737,1418.8809307454737,1395.202696952757,1407.132568359375,2983249.0
2022-08-02,1403.050001435288,1403.4582028981656,1386.5386620137654,1400.3736572265625,4374635.0
2022-08-03,1405.272814018888,1424.3242853516167,1397.0171985901254,1420.7861328125,6011955.0
2022-08-04,1440.2004889831908,1455.033397854832,1428.814922709787,1451.449951171875,7402209.0
2022-08-05,1459.161245553542,1474.8559622239864,1453.6272690310873,1466.645751953125,5361971.0
2022-08-08,1466.963169953547,1471.499234177275,1447.9117002138908,1469.1405029296875,3763409.0
2022-08-09,,,,,
2022-08-10,1470.7731774919557,1470.7731774919557,1440.7444594228207,1453.762939453125,4423829.0
2022-08-11,1478.756814861088,1479.9815299516408,1466.05583608314,1469.6392822265625,3462090.0
2022-08-12,1463.6064179821378,1464.2414226287779,1442.6044200379383,1446.1878662109375,3562286.0
2022-08-15,,,,,
2022-08-16,1459.7056351686076,1459.7056351686076,1443.4665012302219,1448.320068359375,3004430.0
2022-08-17,1448.319962808223,1462.4271674367703,1437.9324195950876,1457.210693359375,4067324.0
2022-08-18,1446.1880779329435,1449.9076287158357,1427.9531205875353,1436.0726318359375,4635706.0
2022-08-19,1438.2046224349253,1455.985972727663,1438.023113412736,1448.90966796875,4739884.0
2022-08-22,1438.8395820332398,1450.633349099086,1427.9530278186126,1429.449951171875,3950555.0
2022-08-23,1404.3655261856406,1410.262409855025,1390.7573331024466,1399.28515625,5551574.0
2022-08-24,1392.5715677400915,1402.5509079649391,1388.942716749238,1394.839599609375,2888426.0
2022-08-25,1404.3655610799822,1405.0005658088057,1373.2935194346403,1377.2852783203125,4331088.0
2022-08-26,1392.7079467023948,1401.5985669386262,1376.650211452045,1380.369873046875,3079136.0
2022-08-29,1332.2874999956043,1332.2874999956043,1315.458657016953,1326.118408203125,8079050.0
2022-08-30,1336.4150670080844,1357.2809600571695,1329.9738786938544,1354.4232177734375,6725875.0
2022-08-31,,,,,
2022-09-01,1324.575976119532,1331.878972069211,1316.411061639618,1328.3408203125,8140604.0
2022-09-02,1340.8606195627042,1340.8606195627042,1313.644233509334,1318.1802978515625,5175653.0
2022-09-05,1316.3658682629728,1330.8812741156314,1312.1473062882924,1325.710205078125,3669352.0
2022-09-06,1325.7101129718044,1333.602820058323,1311.330701453046,1320.0853271484375,3428442.0
2022-09-07,1306.386475113744,1329.7472054847017,1304.6174543928623,1322.3988037109375,3600574.0
2022-09-08,1338.13893063629,1343.6729067769502,1327.7966821761806,1338.9554443359375,4061475.0
2022-09-09,1349.9324596232855,1378.963265206582,1342.6747582274613,1371.3880615234375,4816910.0
2022-09-12,1384.2254749088493,1402.4604318892673,1380.0069128123039,1393.660400390625,5494819.0
2022-09-13,1407.903584157342,1408.9014961011296,1398.2871505052733,1401.598388671875,4947158.0
2022-09-14,1358.0977298843989,1359.8667507661016,1335.4174070740382,1338.501953125,14332197.0
2022-09-15,1338.138952185551,1338.3203504578364,1296.45256607429,1299.8546142578125,12784100.0
2022-09-16,1292.7782765113873,1292.7782765113873,1241.3846477911488,1249.2774658203125,20464045.0
2022-09-19,1262.840068843334,1275.541046547218,1252.4978219928523,1261.2978515625,6595241.0
2022-09-20,1277.3101661666406,1282.3906462376121,1256.5803766678841,1259.7103271484375,7219797.0
2022-09-21,1251.8629984379054,1259.9372147231684,1241.4300509581421,1249.4588623046875,7917054.0
2022-09-22,1239.5703320849489,1255.5372570833497,1233.809552280041,1241.0218505859375,9168498.0
2022-09-23,1240.6136148834153,1265.3805708345333,1235.623944037449,1238.7537841796875,10426200.0
2022-09-26,1233.8093614155043,1269.5988607267132,1229.273297586771,1252.180419921875,9414587.0
2022-09-27,1264.1557721461727,1275.9949447974686,1250.1393771282699,1264.24658203125,8561254.0
2022-09-28,1251.0465966039471,1275.405240966301,1249.232170793064,1265.289794921875,7022098.0
2022-09-29,1274.5433714005803,1279.0340307679621,1263.7475161988737,1268.873291015625,6119965.0
2022-09-30,1260.0733324380312,1287.607332969342,1248.324969500773,1282.300048828125,8120130.0
2022-10-03,1280.9846139293722,1280.9846139293722,1257.3970785454037,1264.427978515625,4943169.0
2022-10-04,1287.9701100239968,1299.3556762181945,1282.7990407907328,1296.7701416015625,6631341.0
2022-10-05,,,,,
2022-10-06,1310.9225051715146,1324.3492990029515,1310.1059914970522,1320.1307373046875,6180672.0
2022-10-07,1312.1472810452483,1322.580228801138,1306.5226056830536,1316.5472412109375,3994466.0
2022-10-10,1294.0029457542655,1329.066742368926,1294.0029457542655,1326.934814453125,5274677.0
2022-10-11,1326.9350196624216,1342.3576395357559,1288.3330650348933,1291.6898193359375,12824774.0
2022-10-12,1303.664798259727,1307.3843486042717,1282.3907023211864,1296.1348876953125,5481467.0
2022-10-13,1298.2215292859132,1304.5266140090537,1283.7061243463083,1288.1514892578125,4821514.0
2022-10-14,1347.2110338811046,1355.37594923796,1331.1080063717516,1337.45849609375,14990688.0
2022-10-17,1339.8627206241326,1356.2832515544005,1338.5926004471692,1351.7017822265625,4286396.0
2022-10-18,1369.8915110920248,1370.7533190697093,1358.3245463460491,1364.176025390625,4692004.0
2022-10-19,1364.448228692281,1365.310036666888,1343.8545397508806,1347.619384765625,3553171.0
2022-10-20,1338.138908026621,1364.448079777653,1337.4130934739194,1361.6357421875,4583939.0
2022-10-21,1361.0915509372185,1366.2626201422443,1352.9719290790936,1361.27294921875,3594485.0
2022-10-24,1377.6026499274944,1380.5964964935235,1370.7985538626567,1377.012939453125,982837.0
2022-10-25,1386.3119939028177,1390.6666600686863,1379.916209479914,1384.6790771484375,3914341.0
2022-10-26,,,,,
2022-10-27,1403.9385396052235,1407.698739208656,1387.1550649469032,1397.6561279296875,6760137.0
2022-10-28,1399.5365148544627,1401.3248686337695,1382.1110929788172,1387.8431396484375,3053981.0
2022-10-31,1403.4341822194212,1418.245811891941,1403.4341822194212,1410.220947265625,4542336.0
2022-11-01,1424.3448316381566,1444.475734393004,1418.8878561358067,1442.6414794921875,4542692.0
2022-11-02,1441.7242114783025,1442.4120569990462,1416.9617727315378,1424.573974609375,2938906.0
2022-11-03,1411.2298417515794,1415.9530704364693,1395.546984991158,1403.892822265625,3174027.0
2022-11-04,1394.4463107382567,1394.4463107382567,1376.7458190882635,1388.5308837890625,4509682.0
2022-11-07,1395.3176762956068,1401.2790045132888,1367.528670745416,1382.523681640625,4898592.0
2022-11-08,,,,,
2022-11-09,1402.2878032270442,1402.2878032270442,1376.6999262188187,1385.962890625,3334755.0
2022-11-10,1361.934227104186,1386.6966675969895,1361.934227104186,1377.4794921875,3435763.0
2022-11-11,1418.4750969869554,1443.0999449630117,1418.4750969869554,1439.981689453125,7214098.0
2022-11-14,1444.613253594111,1459.516573917289,1438.468432811522,1453.922119140625,4908813.0
2022-11-15,1447.0893718318237,1465.4319188955194,1442.4120447213857,1461.9010009765625,3497614.0
2022-11-16,1464.7901313371106,1475.658069244969,1461.4425937488243,1469.971923828125,4497697.0
2022-11-17,1464.8358035943602,1469.9718064752024,1451.7667384557692,1455.8480224609375,3469515.0
2022-11-18,1459.7916463166098,1465.5695937519367,1444.9342271315247,1461.350830078125,3126064.0
2022-11-21,1450.9871057683945,1456.2605878409026,1434.433024869714,1438.239013671875,3071764.0
2022-11-22,1438.9728102933216,1456.3982299208378,1432.552918851605,1453.6927490234375,3399329.0
2022-11-23,1457.2238001205214,1460.0668727709146,1448.4193991579355,1451.9503173828125,3245067.0
2022-11-24,1457.315291923901,1500.4202753854638,1453.4175008662064,1494.734130859375,5282215.0
2022-11-25,1496.2015740155414,1507.7573561793968,1480.0601551236466,1500.099365234375,4563255.0
2022-11-28,1493.083265201096,1516.4700116769118,1485.7462466988793,1488.864501953125,3825766.0
2022-11-29,1486.8468473018079,1502.9424774251793,1481.2066035401367,1494.04638671875,3131710.0
2022-11-30,1485.7006074148594,1509.3625410366662,1479.4642077611848,1499.45751953125,11868134.0
2022-12-01,1518.946413503393,1533.9873258325365,1515.3697060690874,1519.7718505859375,5407928.0
2022-12-02,1518.762823698916,1524.082206872705,1498.5401217539268,1502.162841796875,4283343.0
2022-12-05,1502.2546462279884,1508.5369463809327,1488.77291854345,1503.859619140625,3824966.0
2022-12-06,1490.3320828612875,1491.2492102968945,1474.3282538915594,1479.23486328125,4822398.0
2022-12-07,1474.740694220064,1489.2313503005987,1464.3771109778315,1472.4478759765625,4898087.0
2022-12-08,1472.4480939167222,1489.3232610774244,1466.0282018846967,1485.884033203125,4206837.0
2022-12-09,1493.083379473675,1493.083379473675,1431.7275351622377,1439.248046875,8880658.0
2022-12-12,1421.5472491495236,1436.1753841252967,1403.2506051436874,1418.979248046875,8037679.0
2022-12-13,1418.9795414969738,1446.7685479281745,1413.4309876139487,1441.8619384765625,6135067.0
2022-12-14,1450.895617363601,1456.8569457535275,1442.6414703621647,1448.5111083984375,4976020.0
2022-12-15,1439.2480298964012,1439.8899742752963,1408.0197980930882,1412.834716796875,6443866.0
2022-12-16,1398.6192710071691,1421.0888920823663,1386.7425160776045,1396.05126953125,9630453.0
2022-12-19,1382.9821387832817,1391.1904957152399,1371.1512855645854,1382.431884765625,6222740.0
2022-12-20,1376.6084043945634,1390.36531716333,1359.5956441555718,1382.3863525390625,7396259.0
2022-12-21,1389.4480065636799,1394.9507709461102,1377.8463225999167,1384.44970703125,6236361.0
2022-12-22,1395.4093535025568,1403.159035330933,1386.467361260263,1395.913818359375,6302640.0
2022-12-23,1383.6701502561066,1384.7707703774543,1369.2712939559335,1373.031494140625,6283822.0
2022-12-26,1376.1495255678556,1384.7705446533193,1372.3434248490905,1377.89208984375,4115459.0
2022-12-27,1384.816356461264,1395.3633206748425,1373.398166072519,1389.310302734375,4860076.0
2022-12-28,1380.368461733021,1398.5734186856855,1374.3154431330508,1385.0,5029860.0
2022-12-29,1379.3595010203696,1395.2258485730229,1376.6081190369514,1391.78662109375,4624745.0
2022-12-30,1401.3708394555997,1403.5719678769667,1379.4056803072679,1383.211669921875,5060544.0
2023-01-02,1388.5308744976214,1399.9949669224698,1379.4055017090532,1397.7021484375,3801140.0
2023-01-03,1393.896125248884,1405.6354013294995,1389.53976988402,1396.3724365234375,4551130.0
2023-01-04,1394.9508128847058,1394.9508128847058,1367.5286804970206,1370.922119140625,7059590.0
2023-01-05,1381.1021672768188,1381.1021672768188,1347.489425840876,1352.9462890625,9868404.0
2023-01-06,1348.1770987834936,1352.7627351739136,1326.6246077485193,1328.4588623046875,6443714.0
2023-01-09,1328.183820144947,1365.9236340298328,1328.183820144947,1361.4296875,11498717.0
2023-01-10,1359.182808712685,1360.9253731659428,1333.5491426282238,1347.947998046875,7158624.0
2023-01-11,1348.1773211820307,1370.1883794870434,1342.6745566057775,1349.32373046875,6173092.0
2023-01-12,1359.1370254896133,1361.9343090878735,1334.4204846618559,1357.89892578125,6591385.0
2023-01-13,1360.5584355646306,1393.4833301069489,1346.342961515927,1379.03857421875,11610426.0
2023-01-16,1384.862526662621,1401.3708216824402,1377.800689685759,1399.0780029296875,6073063.0
2023-01-17,1400.4533892015468,1414.3936794008594,1397.702007297418,1411.91748046875,5922644.0
2023-01-18,1416.7324581195912,1423.2440398411995,1412.0092299289386,1417.32861328125,5843098.0
2023-01-19,1412.284436925683,1421.1347382958118,1399.6739357893398,1411.3673095703125,6165284.0
2023-01-20,1410.5420939520884,1416.961986447319,1397.7023089616273,1399.1239013671875,6496429.0
2023-01-23,1407.790721331456,1424.5741994683594,1401.4625191509494,1419.71337890625,4855020.0
2023-01-24,1430.71887134321,1438.7896379631716,1421.3183146564998,1423.2901611328125,5200802.0
2023-01-25,1418.7959506516324,1427.0500964537428,1411.2296503330313,1415.12744140625,4158617.0
2023-01-26,,,,,
2023-01-27,1417.8788751387417,1422.4186107141427,1382.47778201832,1393.2540283203125,6209955.0
2023-01-30,1402.104361110933,1416.0446522844554,1394.0335955131943,1411.275634765625,6964719.0
2023-01-31,1420.53866769089,1420.53866769089,1387.6137712822178,1406.6441650390625,9448126.0
2023-02-01,1414.3936968698845,1426.1788724013397,1401.4164349583425,1422.55615234375,6194199.0
2023-02-02,1423.3816939621152,1455.4352511160564,1423.3816939621152,1452.50048828125,6916834.0
2023-02-03,1465.1109512577386,1471.668434244157,1442.6413310350065,1466.853515625,7040194.0
2023-02-06,1465.569600374364,1465.569600374364,1432.186140277909,1439.75244140625,4570612.0
2023-02-07,1438.9728179482734,1445.4386105734359,1426.224725341101,1432.9197998046875,4336238.0
2023-02-08,1435.7630967515252,1470.1553778937687,1435.7630967515252,1458.6912841796875,7983338.0
2023-02-09,1463.9188210530715,1485.5172177269346,1454.6100668071153,1482.9951171875,6904911.0
2023-02-10,1479.2805100226515,1482.3529761992756,1464.1479087924397,1475.2452392578125,4786762.0
2023-02-13,1464.6524284395919,1464.6524284395919,1436.2214796095184,1437.55126953125,4001199.0
2023-02-14,1453.3716512253498,1463.7352349511611,1447.3645343194853,1461.213134765625,5043736.0
2023-02-15,1452.7296857900087,1466.4865956933231,1445.3926671749077,1464.6982421875,3465747.0
2023-02-16,1467.4038134282825,1480.6562593366962,1465.4319671631831,1469.0546875,4290289.0
2023-02-17,1461.901041196995,1462.8181685754123,1444.934184696277,1452.54638671875,2857734.0
2023-02-20,1453.6010366458702,1470.1552310976708,1451.3541192838827,1460.4794921875,2417716.0
2023-02-21,1466.211461614736,1468.917054491703,1445.3927153816476,1448.6026611328125,2723288.0
2023-02-22,1433.4702591770406,1444.4757889979776,1426.408422323555,1432.3697509765625,3656244.0
2023-02-23,1439.7524657040512,1439.7524657040512,1419.850845363736,1422.189453125,4766854.0
2023-02-24,1430.7186730615194,1438.972819252259,1416.96176274362,1422.1435546875,2790986.0
2023-02-27,1412.3763505337108,1412.3763505337108,1377.5255055205412,1384.2205810546875,4920268.0
2023-02-28,1389.9983063812856,1397.7021991611691,1358.5409027983055,1364.27294921875,9679811.0
2023-03-01,1368.7209440691638,1376.4706257604705,1358.7242330919914,1372.0684814453125,5125043.0
2023-03-02,1361.9341118834534,1365.2357479456998,1345.701002604229,1350.1490478515625,4644499.0
2023-03-03,1363.539096991639,1366.336380209989,1350.9285958423973,1356.70654296875,4615015.0
2023-03-06,1370.6928275102962,1394.400548877502,1369.4088267341433,1382.523681640625,6561742.0
2023-03-07,,,,,
2023-03-08,1367.0241155154945,1372.0224144227957,1358.3571955247069,1368.995849609375,4137080.0
2023-03-09,1371.10536876011,1374.1777229481327,1352.3959486952547,1357.71533203125,5104656.0
2023-03-10,1339.006131761109,1352.1210996140833,1336.850904556274,1349.5989990234375,3699580.0
2023-03-13,1342.8579415523982,1355.7895279106722,1309.6579732857313,1316.1695556640625,8798403.0
2023-03-14,1321.5805984711983,1328.321462547265,1294.066776157433,1302.3209228515625,7402784.0
2023-03-15,1318.829142580857,1323.277187882345,1299.4318765422183,1301.9998779296875,7556182.0
2023-03-16,1300.3032376058475,1300.3032376058475,1282.786015172728,1287.738525390625,7323117.0
2023-03-17,1311.492343346244,1323.3233106525536,1294.433793998423,1302.9630126953125,9090018.0
2023-03-20,1302.0456322126888,1302.0456322126888,1270.0837669911443,1287.3258056640625,8221829.0
2023-03-21,1283.0611764780233,1288.5639406373286,1274.8070302390654,1275.448974609375,8536755.0
2023-03-22,1286.7296413869892,1290.6274325316042,1267.6075589859765,1274.119140625,8356487.0
2023-03-23,1269.258358749589,1269.258358749589,1256.4644769231124,1260.637451171875,7607718.0
2023-03-24,1272.972797414035,1283.015297395886,1263.3429599696206,1266.23193359375,7559127.0
2023-03-27,1271.3679168983215,1280.0806276002397,1260.2247960834827,1273.8441162109375,4170193.0
2023-03-28,1276.7330397726337,1282.1441138599873,1261.8297194219722,1263.4346923828125,6633366.0
2023-03-29,1264.7187489688145,1274.7154605284104,1251.4663021459326,1268.8917236328125,8813966.0
2023-03-30,,,,,
2023-03-31,1287.6470235427857,1311.4464376364792,1278.384058086171,1309.6121826171875,8711975.0
2023-04-03,1316.0776005017615,1316.0776005017615,1288.7013745476313,1293.928955078125,5242764.0
2023-04-04,,,,,
2023-04-05,1283.978386725391,1309.199390750354,1283.978386725391,1305.5767822265625,7506334.0
2023-04-06,1298.6522809308385,1310.0246820529576,1293.4704891987503,1304.0633544921875,6948465.0
2023-04-10,1305.9434783219242,1315.160653204444,1297.7352331131717,1309.291015625,4993788.0
2023-04-11,1310.4835477560237,1314.5647204758934,1273.8901369810926,1289.618896484375,6942255.0
2023-04-12,1295.946912669283,1312.8678683565352,1283.9783553609145,1309.93310546875,5831169.0
2023-04-13,1292.920253602577,1294.1125639133095,1268.3870975225138,1274.0732421875,11267238.0
2023-04-14,,,,,
2023-04-17,1146.6844649704485,1156.6352751470652,1087.071182308468,1154.021484375,53171705.0
2023-04-18,1164.7059031013866,1164.7059031013866,1149.2523287192262,1154.984375,12430884.0
2023-04-19,1150.3986208573567,1150.3986208573567,1127.5163392156835,1130.084228515625,11307230.0
2023-04-20,1128.7086346529145,1135.2661178854821,1120.1794170940875,1122.013671875,8621249.0
2023-04-21,1126.324198126057,1131.047426880891,1118.8954881773257,1125.6363525390625,8691352.0
2023-04-24,1126.2325338323785,1128.0667887734735,1117.0612591269032,1124.6734619140625,8313774.0
2023-04-25,1124.3523209198693,1133.110932602619,1114.3098204064606,1123.389404296875,6808576.0
2023-04-26,1126.2324867816417,1130.8181239428047,1119.3999321931217,1125.81982421875,5680192.0
2023-04-27,1128.0665306466274,1144.391440668484,1123.8477676382633,1142.9698486328125,8020704.0
2023-04-28,1151.6369999991612,1154.6635656438648,1141.7778790057764,1148.9315185546875,10118277.0
2023-05-01,,,,,
2023-05-02,1150.5821028387063,1173.6936660942754,1150.5821028387063,1171.584228515625,8886401.0
2023-05-03,1161.0834380362487,1167.0447669045234,1157.5066183244755,1163.972412109375,5549783.0
2023-05-04,1163.788693033167,1170.0711048738817,1157.8732664731895,1168.007568359375,4505401.0
2023-05-05,1173.0057372369336,1173.0057372369336,1150.3068380996276,1154.7548828125,5373791.0
2023-05-08,1157.8274569243922,1165.0269966744686,1151.1782831849423,1160.7164306640625,5260842.0
2023-05-09,1161.0832230022093,1166.5859870922673,1156.2224032743827,1165.3936767578125,4969897.0
2023-05-10,1170.621404606506,1170.621404606506,1154.800957377408,1158.5611572265625,6515734.0
2023-05-11,1164.9810367298412,1170.1628287388498,1149.2064908153254,1152.003662109375,6888461.0
2023-05-12,1149.4815684750179,1151.9119783998672,1136.3667142373067,1142.0069580078125,8292212.0
2023-05-15,1146.3175788639087,1163.7429997559711,1142.419787348579,1154.0672607421875,5534710.0
2023-05-16,1160.1661142944206,1168.3743594123644,1158.1025777274938,1159.524169921875,5236469.0
2023-05-17,1156.1306391276796,1156.4516112883057,1139.4847564270556,1143.5660400390625,10465667.0
2023-05-18,1154.2963820212844,1155.2594104550697,1139.4847539326784,1142.7406005859375,6948732.0
2023-05-19,1151.95809750187,1167.7785476506892,1148.977432981078,1163.7431640625,11094136.0
2023-05-22,1167.4572849700612,1188.2302430762331,1164.9810857591126,1185.662353515625,7625947.0
2023-05-23,1191.5317535922914,1205.2428740172338,1189.5600194436024,1192.3114013671875,7436031.0
2023-05-24,1188.8722389198845,1196.851202152626,1184.2866021300276,1191.0274658203125,4824077.0
2023-05-25,1187.2214442639772,1198.6855370050355,1182.4065253127328,1196.255126953125,4334121.0
2023-05-26,1197.7683455717138,1213.7721734013032,1197.7683455717138,1208.2694091796875,5521606.0
2023-05-29,1222.2556544688687,1222.2556544688687,1201.2993155421436,1205.4722900390625,4419365.0
2023-05-30,1206.0224833077132,1216.4777576450638,1200.6573106206852,1214.1390380859375,6274719.0
2023-05-31,1210.4705525350664,1220.7882355808035,1205.24297124017,1209.049072265625,17800782.0
2023-06-01,1212.9469416793345,1219.3209326116369,1208.8656573951266,1210.149658203125,4277841.0
2023-06-02,1216.6558726063317,1220.28076764581,1204.619482886525,1207.361328125,10909311.0
2023-06-05,1212.0084173773478,1217.0738979713722,1205.7811188985672,1212.47314453125,5002553.0
2023-06-06,1197.6948336527696,1197.6948336527696,1183.1953687153355,1188.7720947265625,10008100.0
2023-06-07,1199.4608412306454,1202.7139314625765,1192.0252064148026,1198.0201416015625,5397578.0
2023-06-08,1195.4642535429527,1200.8551346703464,1190.7240585978548,1192.30419921875,5034942.0
2023-06-09,1192.0252152176977,1192.0252152176977,1174.83030957908,1176.6427001953125,5339073.0
2023-06-12,1183.6602050671725,1204.2940478285252,1183.1954778567024,1200.80859375,4785588.0
2023-06-13,1208.1977083560882,1214.3320842529808,1205.548786202746,1212.7984619140625,4846587.0
2023-06-14,1214.19280628768,1214.5180926556236,1201.970457495657,1208.66259765625,3457981.0
2023-06-15,1202.6676036275373,1202.6676036275373,1192.164835863856,1196.0220947265625,6161155.0
2023-06-16,1196.2077995523568,1209.6848882031022,1190.677591317118,1200.52978515625,8536287.0
2023-06-19,1202.7139892578125,1207.8259884393565,1196.2543265846496,1202.7139892578125,4451787.0
2023-06-20,1202.7140333935445,1212.9380321318201,1200.018592852604,1211.450927734375,4009180.0
2023-06-21,1208.244295499256,1211.822785983513,1203.6435412463507,1207.6866455078125,4041529.0
2023-06-22,1198.4384055285493,1198.4384055285493,1183.6600593630037,1191.1422119140625,6676607.0
2023-06-23,1186.4019726655229,1189.0974130017955,1174.2261432389498,1175.759765625,7239467.0
2023-06-26,1180.6394991230175,1184.1249532633137,1173.2038636237187,1180.732421875,3403244.0
2023-06-27,1189.7016346437479,1191.5605434478787,1184.3107537282526,1188.91162109375,3240024.0
2023-06-28,1198.9960918811419,1205.2233905407331,1191.0028072936905,1202.1097412109375,5662358.0
2023-06-29,,,,,
2023-06-30,1215.9122259231685,1244.446544670447,1212.4267718508554,1241.286376953125,12821692.0
2023-07-03,1236.1743453719541,1251.0456156922185,1234.7336456761632,1239.61328125,7732412.0
2023-07-04,1249.4654796889213,1251.0455066392037,1237.4754963466114,1250.2554931640625,5797775.0
2023-07-05,1262.059704711734,1262.152627465157,1246.3984198903297,1252.2540283203125,5414936.0
2023-07-06,1247.8391312404847,1252.3933673295787,1242.8200544623764,1249.0938720703125,5963897.0
2023-07-07,1239.8922016871068,1250.8598092744526,1231.8523982272873,1236.3602294921875,6295647.0
2023-07-10,1242.26226225529,1247.2348203575655,1226.229174648363,1235.38427734375,3940315.0
2023-07-11,1239.38090160913,1255.5999486675075,1233.3859662223854,1253.462158203125,6126128.0
2023-07-12,1255.6929980734994,1256.5295297943235,1233.386090631779,1239.24169921875,8102770.0
2023-07-13,1240.7286200438384,1279.6727795466309,1236.9642845867052,1268.798095703125,9977644.0
2023-07-14,1283.251252109647,1329.1198044888868,1283.251252109647,1325.35546875,12833381.0
2023-07-17,1325.3555019679613,1356.027498224912,1314.5274486018602,1322.567138671875,11569884.0
2023-07-18,1332.8376271158952,1373.6871031492155,1328.1903550548216,1371.131103515625,16743977.0
2023-07-19,1381.1691978425513,1393.0662591967148,1357.6539568295507,1370.898681640625,13687062.0
2023-07-20,1367.2275339253567,1367.2275339253567,1339.0650179246122,1347.2442626953125,8347221.0
2023-07-21,1227.0655747810806,1254.7633595078025,1212.9379141908757,1237.661376953125,45548305.0
2023-07-24,1246.398337830829,1254.670504599167,1240.1245206940966,1242.3087158203125,8859789.0
2023-07-25,1242.6805423705,1248.1178279606174,1230.829998679233,1240.4498291015625,6801982.0
2023-07-26,1248.2571728357643,1254.7633531856156,1244.9111599190257,1253.6944580078125,5528885.0
2023-07-27,1262.7567654377913,1267.5899965472738,1252.0216348505492,1257.6912841796875,9191861.0
2023-07-28,1258.3419102909559,1267.6364549818945,1241.7511707093902,1245.9337158203125,6122735.0
2023-07-31,1253.6016166280715,1261.7343425932213,1239.1950734898064,1260.061279296875,7902180.0
2023-08-01,1265.9169045571427,1272.4230854175687,1261.2696325139816,1268.89111328125,6064652.0
2023-08-02,1272.7020250125254,1275.1649885403967,1253.322808944047,1261.1302490234375,7419145.0
2023-08-03,1254.7635649433187,1270.1460821785513,1253.834110450768,1268.0548095703125,6503741.0
2023-08-04,1272.3302261741662,1288.1309519095748,1265.9169677427412,1281.113525390625,5712345.0
2023-08-07,1289.989907339258,1296.5890115161467,1279.85883072239,1294.7301025390625,3729093.0
2023-08-08,1294.5906405227167,1295.241326729345,1286.7367956063742,1292.1275634765625,4161877.0
2023-08-09,1286.3649014591272,1297.5183543619519,1284.970719846274,1296.03125,4090828.0
2023-08-10,1293.428738571801,1297.3325151820761,1287.8520120932285,1291.1051025390625,3873025.0
2023-08-11,1293.8003029845986,1298.3081333599964,1270.6104650638924,1275.07177734375,5783517.0
2023-08-14,1275.0719825934739,1296.5888744198694,1269.2628926543166,1295.2412109375,4304135.0
2023-08-15,,,,,
2023-08-16,1311.2742769730567,1319.7786937329943,1306.2552006588273,1318.4310302734375,7735313.0
2023-08-17,1319.825402835044,1319.825402835044,1306.8130397085015,1311.9715576171875,5618346.0
2023-08-18,1304.6751968805124,1309.322469240219,1288.3633389732208,1290.826416015625,5134103.0
2023-08-21,1291.7091441207042,1307.7422311767086,1289.2925855750334,1306.255126953125,3032722.0
2023-08-22,1305.6044938755163,1306.8593480283198,1298.1224543541218,1304.7215576171875,2890714.0
2023-08-23,1316.1073972557133,1316.665047189912,1306.4875671497327,1308.625244140625,2559125.0
2023-08-24,1321.2194330950322,1324.5190416072762,1314.6667341741827,1323.1712646484375,5171963.0
2023-08-25,1313.3191091316864,1322.1489262136051,1311.832004735964,1319.918212890625,4307172.0
2023-08-28,1319.9181310643203,1324.286634688253,1311.8319234109513,1315.7821044921875,3133464.0
2023-08-29,1323.5431263001694,1323.914930768979,1315.4569180328365,1317.64111328125,3074444.0
2023-08-30,1326.3314181496944,1335.30067572943,1323.5430549720845,1333.906494140625,3070887.0
2023-08-31,1333.906534483456,1342.968715084765,1327.8650807492497,1334.185302734375,9792735.0
2023-09-01,1330.0026916597724,1343.9910253779606,1327.446692130181,1341.99267578125,3582133.0
2023-09-04,1341.2026120597739,1366.2978792292915,1333.4880956574837,1361.7435302734375,4609014.0
2023-09-05,1361.650630132572,1375.6389635594269,1353.750268114738,1374.570068359375,5496840.0
2023-09-06,1377.3585524279374,1378.2880068646311,1360.0707225971962,1373.222412109375,5075786.0
2023-09-07,1366.855613248634,1369.4581309432015,1358.9088462312307,1362.7659912109375,4411743.0
2023-09-08,1360.2563768158439,1370.7127377582274,1357.189132222567,1365.926025390625,3125838.0
2023-09-11,1365.9262284990148,1373.7801866277496,1361.1860335253727,1372.29296875,4182226.0
2023-09-12,1377.9161503149019,1397.8994199484737,1372.8970738547118,1395.2039794921875,6793161.0
2023-09-13,1398.8288435447748,1398.8288435447748,1383.6322871056639,1392.64794921875,4804686.0
2023-09-14,1398.8289666028186,1405.8463931809229,1393.3916806868526,1400.641357421875,6444213.0
2023-09-15,1410.9117877236317,1411.2835921776357,1402.5466980730964,1404.9632568359375,8657816.0
2023-09-18,1398.7358880088802,1398.7358880088802,1383.0280866448797,1386.56005859375,3991916.0
2023-09-19,,,,,
2023-09-20,1372.060626309963,1389.6273382680865,1372.060626309963,1385.1195068359375,4169337.0
2023-09-21,1381.6804443744052,1398.4106230981856,1371.8746553500082,1395.80810546875,6779195.0
2023-09-22,1386.6530901473643,1400.6413112772677,1380.425677376095,1390.603271484375,5455613.0
2023-09-25,1384.7475392640083,1384.7475392640083,1367.7385927513728,1370.1551513671875,4217863.0
2023-09-26,1374.8024497360157,1375.4995405113145,1356.0739215478982,1357.6075439453125,3996528.0
2023-09-27,1353.2855237091,1365.926080084956,1347.7553157505324,1363.509521484375,3863586.0
2023-09-28,1364.3462461230529,1368.714636770685,1333.7671712132337,1337.9031982421875,5814602.0
2023-09-29,1331.0716531169655,1344.7347011757531,1316.1074596363055,1334.185302734375,6068968.0
2023-10-02,,,,,
2023-10-03,1334.7430734406207,1335.626009761539,1320.1041662355099,1332.837646484375,4181867.0
2023-10-04,1324.4724780818983,1347.6623192444497,1318.1521429784143,1342.4573974609375,4510406.0
2023-10-05,1349.5677537176623,1371.5493723980028,1347.8946904576385,1360.2099609375,7384621.0
2023-10-06,1365.8332203052626,1379.7750360960613,1360.0706484952473,1374.3841552734375,3598672.0
2023-10-09,1361.5577278028998,1385.8164641413844,1359.0481329313968,1371.3634033203125,3567552.0
2023-10-10,1379.2173445271933,1391.3931739252298,1365.4613746452874,1389.6737060546875,5688951.0
2023-10-11,1391.3932433298958,1411.144149422588,1376.940181958551,1388.9766845703125,7220129.0
2023-10-12,1386.6529740945282,1398.2711535251433,1349.5677226602481,1362.1153564453125,11081662.0
2023-10-13,1305.8834648401426,1336.555460811477,1301.2361927232737,1330.188720703125,17973439.0
2023-10-16,1331.0715019814445,1341.7602266052431,1329.119670611463,1332.9769287109375,4850745.0
2023-10-17,1338.6467739103207,1350.8226045344618,1336.6020195003289,1340.6915283203125,3923764.0
2023-10-18,1340.2730783681973,1351.4265297831892,1336.8805475377155,1338.9254150390625,4264837.0
2023-10-19,1325.49490296724,1338.0890555260446,1325.49490296724,1332.5123291015625,6795691.0
2023-10-20,1329.1198424704962,1337.0202051704955,1324.7049339028495,1326.5638427734375,3928622.0
2023-10-23,1325.0302081269804,1331.304025507751,1306.1158332337493,1309.2760009765625,2636516.0
2023-10-24,,,,,
2023-10-25,1317.1372877323818,1320.4796048766234,1281.643355327688,1289.88134765625,6940777.0
2023-10-26,1275.7591696776637,1293.600262701033,1273.923205151914,1279.901611328125,6357656.0
2023-10-27,1283.8558619720413,1303.9565408986182,1283.8558619720413,1299.57861328125,4634358.0
2023-10-30,1299.5785105468342,1299.5785105468342,1283.3378978736482,1296.4716796875,2667696.0
2023-10-31,1299.2020849293924,1300.3319358033273,1283.24396131538,1288.3280029296875,3451595.0
2023-11-01,1292.7058299617952,1296.848271394198,1272.5580310195833,1274.9117431640625,3090672.0
2023-11-02,1289.8342181571022,1295.7656185619023,1281.972842805629,1289.9754638671875,3758060.0
2023-11-03,1299.2962891749294,1310.5469878192453,1297.1308279223888,1307.7696533203125,3349045.0
2023-11-06,1312.3358100714709,1324.9046103571086,1309.4172299003549,1321.185791015625,2736381.0
2023-11-07,1318.078766511828,1323.6335500133118,1313.2300966352614,1322.127197265625,2272209.0
2023-11-08,1322.7862570767434,1322.7862570767434,1305.3216665728671,1309.60546875,3550635.0
2023-11-09,1314.2187005328615,1315.725053279232,1289.8813406007866,1294.3533935546875,5498051.0
2023-11-10,1289.7870751538298,1292.7998955154703,1281.3608320382564,1288.75146484375,2943649.0
2023-11-13,1299.1077990502322,1301.5556365838725,1290.6344357148544,1293.176513671875,3462092.0
2023-11-14,,,,,
2023-11-15,1317.1372799012984,1331.2595523805833,1311.4883709095843,1327.96435546875,8551860.0
2023-11-16,1333.2366316222942,1368.3540614057245,1328.058465108388,1360.3514404296875,6673907.0
2023-11-17,1356.726715350655,1366.0944431282537,1351.0778065575678,1353.4315185546875,4901251.0
2023-11-20,1357.6212730677928,1367.036122395586,1349.7598968645575,1352.5372314453125,3584210.0
2023-11-21,1357.621085267004,1365.152963687348,1352.6782900536532,1354.796630859375,3793135.0
2023-11-22,1352.1604184890853,1373.5791976051314,1352.1604184890853,1372.49658203125,3108786.0
2023-11-23,1382.0057382429595,1382.0057382429595,1362.9876738861756,1364.447021484375,3186928.0
2023-11-24,1360.9635301203575,1367.6480498608116,1349.948087939533,1353.2904052734375,2973195.0
2023-11-27,,,,,
2023-11-28,1359.504127646951,1360.4456124998921,1343.5460053605395,1358.2801513671875,3755373.0
2023-11-29,1366.1886628376049,1375.226894544369,1364.964801471109,1374.1912841796875,3875778.0
2023-11-30,1368.21286477539,1375.179875684024,1364.729416784748,1370.001708984375,10120867.0
2023-12-01,1374.4737432561005,1374.4737432561005,1361.5283266839235,1367.3184814453125,3489187.0
2023-12-04,1374.9915161431222,1385.7715867334168,1364.4940519087752,1378.663330078125,5511948.0
2023-12-05,1380.0283903130835,1381.064000550959,1357.621007327997,1368.8717041015625,5123039.0
2023-12-06,1371.5080232268922,1390.5730909944189,1366.1416056780827,1388.0311279296875,5269178.0
2023-12-07,1386.6659544767813,1386.6659544767813,1376.2626157196041,1380.1226806640625,4424453.0
2023-12-08,1384.3593311792147,1407.2373438258442,1380.4521461092754,1403.8951416015625,6323433.0
2023-12-11,1402.8124958995527,1410.3443750721678,1395.2806167269378,1401.4002685546875,3862018.0
2023-12-12,1391.0438179520306,1402.812378171591,1381.7702154844862,1389.6787109375,6103494.0
2023-12-13,1389.631763150233,1389.6788833678963,1349.2891566973667,1364.211669921875,8549258.0
2023-12-14,1377.7689770027378,1422.5836336750658,1375.8388870549381,1413.5924072265625,12489858.0
2023-12-15,1433.9285107001285,1495.5957668241965,1431.9984208352303,1486.0396728515625,18395389.0
2023-12-18,1476.2010899731836,1499.7853308836295,1468.9988229814394,1472.811767578125,6467243.0
2023-12-19,1478.225296674548,1481.8499902553428,1452.9464521784103,1467.1158447265625,4221721.0
2023-12-20,1473.470877793026,1490.8412269194432,1440.4717885612556,1446.497314453125,6592367.0
2023-12-21,1432.2338260213533,1456.1475641627426,1432.2338260213533,1446.1207275390625,5319038.0
2023-12-22,1445.1320854708788,1474.3652352440706,1433.8813877884545,1471.4466552734375,6741060.0
2023-12-26,1445.1793467888062,1457.4186507029785,1433.8815277911087,1453.6055908203125,6878067.0
2023-12-27,1453.6526019531718,1478.131207944611,1453.6526019531718,1475.40087890625,4225849.0
2023-12-28,1477.1424666659373,1477.1424666659373,1464.0088002487887,1471.211181640625,5702253.0
2023-12-29,1450.8752194379208,1468.1984480838207,1449.8866144117019,1452.616943359375,4388990.0
2024-01-01,1448.9451947683858,1465.8919221925776,1445.4146265550125,1460.572509765625,2808451.0
2024-01-02,1455.535458187299,1458.5011582059428,1433.8813084212525,1444.6142578125,5396313.0
2024-01-03,1431.0099267639569,1431.0099267639569,1400.9295302013422,1402.8125,7550363.0
2024-01-04,1416.8875744672803,1430.821596173285,1405.5427510177758,1424.18408203125,7056038.0
2024-01-05,1418.5823250946862,1449.6042055294993,1418.1115826606078,1442.8726806640625,8895403.0
2024-01-08,1439.4832774397032,1446.120791889042,1424.7020106289667,1433.6932373046875,4440136.0
2024-01-09,1451.675429581847,1462.1258878294154,1436.5645526388157,1439.812744140625,4412074.0
2024-01-10,1435.7171978317997,1445.602788218323,1416.9346220683428,1430.9627685546875,4096845.0
2024-01-11,1435.6702550988025,1435.7643805973064,1399.6113397659765,1406.7666015625,11296088.0
2024-01-12,1470.5994024363956,1523.3225564289937,1464.3856251298819,1518.3797607421875,26754401.0
2024-01-15,1548.6954842465418,1567.5251815652139,1540.2692406673768,1555.4271240234375,13228305.0
2024-01-16,1548.5542635934448,1552.0377114243083,1529.9128183588118,1536.07958984375,6500917.0
2024-01-17,1525.4408120839046,1551.0962739751476,1525.4408120839046,1544.223388671875,9209876.0
2024-01-18,1546.5301524412396,1552.5085584102292,1532.9727472598277,1546.4830322265625,6375464.0
2024-01-19,1554.9564321078524,1568.043095154959,1547.9424155997167,1562.1116943359375,4522736.0
2024-01-22,,,,,
2024-01-23,1553.5442072103745,1576.7047127157934,1541.8697714896578,1546.0594482421875,9401255.0
2024-01-24,1562.770633148314,1581.694454529538,1548.7424867268392,1577.3636474609375,8999681.0
2024-01-25,1575.0569444579046,1582.2123208537434,1560.9817927200572,1571.4322509765625,8865304.0
2024-01-26,,,,,
2024-01-29,1567.7134372979071,1581.0824754834941,1551.1903330912653,1559.6636962890625,4253785.0
2024-01-30,1565.171273636199,1591.1092244194149,1551.802236183018,1554.81494140625,4995943.0
2024-01-31,1551.8022311217483,1569.6904412787712,1542.2461379734502,1563.7120361328125,6763779.0
2024-02-01,1562.4412365507558,1578.8701012939357,1553.7795069313138,1560.0875244140625,5760011.0
2024-02-02,1568.5609589964831,1617.9417958851127,1567.5723538834523,1594.263427734375,7858483.0
2024-02-05,1595.5815235195898,1601.2304328815121,1583.4363454059862,1588.4732666015625,3634135.0
2024-02-06,1588.0496182360184,1631.5932938509086,1575.998565824632,1628.2509765625,7694265.0
2024-02-07,1627.827356650715,1627.827356650715,1588.143745994436,1594.6400146484375,4613877.0
2024-02-08,1598.6413316478238,1606.5027074369461,1584.330807394356,1593.0865478515625,5919715.0
2024-02-09,1586.1192478076744,1593.8394913999052,1562.6763704285415,1571.66748046875,4600004.0
2024-02-12,1572.6092188693096,1593.8867538003944,1572.6092188693096,1581.7886962890625,3555808.0
2024-02-13,1584.5190460262058,1590.2620807833139,1566.1600909474707,1585.9783935546875,2696481.0
2024-02-14,1563.0531172122069,1571.7618521594686,1539.7984871618103,1568.7020263671875,3768579.0
2024-02-15,1578.8701668773688,1588.9911294855572,1564.3712765276096,1578.2581787109375,4834391.0
2024-02-16,1590.1679521477781,1608.9976496273255,1589.1793470591608,1602.0777587890625,4880654.0
2024-02-19,1605.2317360980246,1611.3513878778704,1588.9440015438006,1600.2889404296875,3690993.0
2024-02-20,1586.401957891193,1595.1106926748687,1571.1028292171682,1586.6373291015625,3706389.0
2024-02-21,1576.045519089509,1576.045519089509,1549.0249519195443,1558.6751708984375,4300508.0
2024-02-22,1567.5723214065963,1586.0254020244706,1548.1777559110003,1582.965576171875,5841277.0
2024-02-23,1597.6998249586602,1599.064932049705,1574.0685776987198,1578.7288818359375,5373072.0
2024-02-26,1576.939887241313,1576.939887241313,1548.7424640342401,1563.0059814453125,2782438.0
2024-02-27,1563.8063128021718,1573.315286661556,1556.0861831168934,1566.254150390625,5159088.0
2024-02-28,1572.2798088946804,1589.0382863616267,1564.7950497873524,1573.4566650390625,3188916.0
2024-02-29,1567.5721783829442,1583.8127910418666,1556.5568522895687,1575.951416015625,7814722.0
2024-03-01,1571.3382798848747,1574.115614336737,1554.391551881323,1557.875,6387291.0
2024-03-04,1560.8407342180715,1567.0545116352562,1538.0568453792753,1541.3990478515625,4445156.0
2024-03-05,1538.386318003764,1541.5402694156692,1508.2588013721113,1512.4954833984375,4596579.0
2024-03-06,1509.0119027331223,1525.3466412368123,1483.7800637991031,1522.8988037109375,6420684.0
2024-03-07,1522.004526976097,1533.1611004999932,1510.3300907656321,1521.86328125,6348359.0
2024-03-08,,,,,
2024-03-11,1514.0488079869733,1519.3682201060792,1495.0778662328694,1506.9405517578125,6752895.0
2024-03-12,1506.375688833194,1529.9128089712128,1504.1632225256892,1518.56787109375,4614222.0
2024-03-13,1518.5208697901078,1529.4420705773052,1505.0105857809417,1517.108642578125,5688997.0
2024-03-14,1519.9331026141767,1560.746446205705,1513.9075768353332,1556.556884765625,8803799.0
2024-03-15,1545.0708724563005,1549.4959205173257,1523.6520906201538,1538.3863525390625,11809997.0
2024-03-18,1534.6201912131464,1537.1151488653109,1505.292917334249,1508.87060546875,4958904.0
2024-03-19,1499.173324716635,1505.4342217324486,1466.8333442521293,1470.0814208984375,6870411.0
2024-03-20,1471.540790852675,1482.7914886121835,1461.5139544170574,1463.9617919921875,4759059.0
2024-03-21,1472.4822954464403,1484.6744782005846,1453.087730653012,1463.7264404296875,11062497.0
2024-03-22,1431.9983895472183,1439.4361424981196,1410.5324900051585,1420.559326171875,14673890.0
2024-03-25,,,,,
2024-03-26,1404.6953849138222,1419.2412797585116,1400.8353200453062,1405.307373046875,8351081.0
2024-03-27,1408.4612802603947,1411.2857346994197,1394.8568706833632,1397.022216796875,6857402.0
2024-03-28,1400.1290288847372,1423.3366502936428,1400.1290288847372,1410.3912353515625,12499530.0
2024-04-01,1435.7642804189727,1440.4245840795604,1405.4485166656525,1407.943359375,6580002.0
2024-04-02,1397.9637802788536,1405.7781506375063,1394.1978408148962,1396.080810546875,7279400.0
2024-04-03,1392.4560485461666,1407.613931160152,1388.690109266799,1394.009521484375,8736248.0
2024-04-04,1403.3302528566012,1408.1318024819914,1382.0997240670574,1399.7054443359375,11186915.0
2024-04-05,1393.4447725803975,1399.7055552251502,1389.6788329794124,1392.55029296875,5072482.0
2024-04-08,1396.221927423092,1403.706685446096,1387.8426899035271,1390.29052734375,6610887.0
2024-04-09,1402.8124833871761,1425.2198696967855,1400.2705201600338,1407.378662109375,9423230.0
2024-04-10,1412.5568699403645,1421.5009766373323,1397.681477232349,1418.6295166015625,6744595.0
2024-04-11,,,,,
2024-04-12,1415.993088588146,1418.6292919048578,1392.926711812608,1397.8695068359375,12275616.0
2024-04-15,1393.397662027,1404.6483606920185,1375.5565690145563,1382.2410888671875,8531224.0
2024-04-16,1366.0944202615754,1370.0016050968616,1330.3651187142993,1331.68310546875,16173541.0
2024-04-17,,,,,
2024-04-18,1337.9441165902024,1360.1631363842591,1325.1399454315383,1336.202392578125,22107945.0
2024-04-19,1303.9565542134908,1343.3576733174316,1298.072273734188,1328.6705322265625,20603621.0
2024-04-22,1336.814417739945,1352.7725406478596,1330.3652692316007,1348.9124755859375,5859087.0
2024-04-23,1358.562670672261,1362.1873644449943,1349.1478219496535,1357.997802734375,4856174.0
2024-04-24,1359.7867075742051,1359.7867075742051,1343.546092803966,1347.029541015625,4268213.0
2024-04-25,1336.9084594402714,1360.351454707475,1336.9084594402714,1354.27880859375,9089398.0
2024-04-26,1355.4557017420498,1360.8222343797577,1343.4988900371166,1346.5587158203125,8062444.0
2024-04-29,1346.2762368329832,1355.549954695784,1344.6757585333085,1350.79541015625,5055957.0
2024-04-30,1350.7481874189334,1352.4900262289832,1334.601815150425,1337.42626953125,6936588.0
2024-05-01,,,,,
2024-05-02,1330.3179985042082,1340.6743311181829,1329.235268018188,1331.68310546875,10076354.0
2024-05-03,1338.8855920418562,1341.4276701119534,1321.0915052605797,1333.425048828125,8842345.0
2024-05-06,1336.9084732924218,1361.1045877183944,1334.1781442699464,1342.4632568359375,6445422.0
2024-05-07,1341.568810540377,1358.892155017695,1332.7659500503705,1356.632568359375,6080661.0
2024-05-08,1351.2661306551702,1355.5028124792066,1342.1807788692665,1343.7813720703125,6234983.0
2024-05-09,1344.0167568835536,1365.1059257902893,1341.4746788069972,1355.3145751953125,6088406.0
2024-05-10,1351.0778223208927,1351.9250667078657,1330.3180362931507,1341.521728515625,8777481.0
2024-05-13,1341.6159637564915,1341.6159637564915,1328.623426347066,1340.1566162109375,3735954.0
2024-05-14,1342.9339671701941,1349.8538575959403,1335.0725919265954,1341.3333740234375,3463230.0
2024-05-15,1342.5573572737128,1348.0180152167325,1335.5433413149956,1336.861328125,4327544.0
2024-05-16,1350.0422978933243,1370.5667157714074,1343.4990234626814,1368.30712890625,9249145.0
2024-05-17,1371.7434327729238,1371.7434327729238,1355.0320766083944,1359.78662109375,7542860.0
2024-05-20,,,,,
2024-05-21,1346.323283787107,1360.1630645795747,1344.8169310704366,1350.23046875,6752663.0
2024-05-22,1345.1463943780532,1374.52067386965,1344.4402807852039,1369.672119140625,7173285.0
2024-05-23,1369.5780794505797,1391.6559699792333,1365.1531462577914,1386.242431640625,8641428.0
2024-05-24,1382.3350849297278,1389.1608498646779,1374.5678351761637,1379.369384765625,5277938.0
2024-05-27,1385.7242824059447,1393.0207890926204,1374.8030824797427,1385.2535400390625,5821844.0
2024-05-28,1389.1609456307224,1389.6316880724814,1374.8504213721912,1381.2054443359375,6186922.0
2024-05-29,1379.6518879829935,1379.7460134801906,1365.1529986668554,1366.04736328125,7401634.0
2024-05-30,1358.3743695494225,1365.011768697552,1338.3678167520543,1343.9224853515625,9663150.0
2024-05-31,1353.8619835736356,1379.742614221291,1344.4507812144127,1351.0770263671875,37113815.0
2024-06-03,1382.8637804217421,1382.8637804217421,1348.2921859111987,1350.1168212890625,10589244.0
2024-06-04,1353.0937025068624,1358.8556345260542,1304.4533695994908,1338.352783203125,13736134.0
2024-06-05,1344.594729280313,1380.9428896837226,1344.594729280313,1373.3563232421875,9233424.0
2024-06-06,1387.6171483700416,1415.8026912541518,1380.4627967662166,1413.833984375,12660930.0
2024-06-07,1422.2368434730788,1478.607696455328,1418.6356360706318,1472.749755859375,24075302.0
2024-06-10,1464.7790697698574,1469.1005184048513,1437.8900560410068,1440.2427978515625,6810606.0
2024-06-11,1440.530920339611,1446.6768867495505,1434.67286293827,1436.4014892578125,4853054.0
2024-06-12,1447.205207418443,1448.8857708643502,1423.9173996680136,1426.2701416015625,9564320.0
2024-06-13,1435.6813586014816,1445.2845783914581,1430.2555159747842,1434.6729736328125,7307565.0
2024-06-14,1444.0360586769375,1444.0360586769375,1427.0864701658527,1429.8233642578125,4237727.0
2024-06-17,,,,,
2024-06-18,1437.6020550051355,1447.2052751454503,1436.0655632280468,1438.75439453125,5420939.0
2024-06-19,1445.2844258115615,1455.5118772535266,1437.313707336635,1451.3824462890625,5493456.0
2024-06-20,1456.1361637531038,1457.2885031581282,1439.618556511379,1455.2718505859375,7927010.0
2024-06-21,1483.697382612351,1495.9414872261423,1463.2424786021215,1471.8853759765625,17301941.0
2024-06-24,1464.0589723434641,1468.4283671681217,1455.2720024759499,1466.5557861328125,5564989.0
2024-06-25,1465.4513439015984,1482.6411308173647,1460.0255012602715,1480.7684326171875,4551525.0
2024-06-26,1479.8561366420593,1487.3946405637594,1474.0942048965353,1479.5679931640625,4851004.0
2024-06-27,1477.4072265440695,1515.7721579895247,1471.2612599725667,1510.9224853515625,14757754.0
2024-06-28,1510.15438706981,1525.4714758668922,1502.1836676895095,1504.58447265625,8197544.0
2024-07-01,1497.6220524294586,1536.4190819140294,1497.6220524294586,1527.68017578125,6801771.0
2024-07-02,1532.86588566981,1568.9740856185726,1523.550809426941,1556.72998046875,10493173.0
2024-07-03,1560.5232067482063,1571.086748455425,1542.2770892539197,1562.8280029296875,7269965.0
2024-07-04,1563.5960981382616,1594.13438198508,1563.4040806456085,1585.1553955078125,8008311.0
2024-07-05,1585.9236853770542,1599.7523453204356,1568.5418810019864,1582.0823974609375,7065022.0
2024-07-08,1577.904975049744,1599.8963711842514,1574.9280004454815,1595.718994140625,5880533.0
2024-07-09,1594.0383461640054,1600.6165277373964,1585.4914578037747,1591.3974609375,5191182.0
2024-07-10,1591.2535253565572,1607.5789990626897,1572.575309683498,1582.8507080078125,9852770.0
2024-07-11,1590.2931327303997,1598.9360301908912,1576.896688557358,1587.1240234375,8857679.0
2024-07-12,1613.340833576749,1651.5136300854847,1600.520559326722,1643.8310546875,17078316.0
2024-07-15,1657.7076984616265,1659.4363248574064,1635.092186939841,1639.317626953125,6942230.0
2024-07-16,1650.4092519603355,1668.943512173137,1632.547287437264,1657.563720703125,6886281.0
2024-07-17,,,,,
2024-07-18,1650.7934479826547,1695.3524103380762,1650.7934479826547,1688.2940673828125,11248896.0
2024-07-19,1770.8338123915516,1770.8338123915516,1715.5672330153973,1721.809326171875,29819116.0
2024-07-22,1728.7237465538792,1750.6670817580903,1721.809357518583,1738.9991455078125,8462126.0
2024-07-23,1738.1826974355533,1766.9442924167647,1712.494085746934,1764.015380859375,7113056.0
2024-07-24,1764.5915628208677,1769.249100779416,1747.4017766683005,1761.182373046875,6002845.0
2024-07-25,1747.7859434479678,1758.2534761150766,1740.1033678723722,1752.4434814453125,5815599.0
2024-07-26,1752.923709894062,1808.2862957121283,1752.923709894062,1804.3489990234375,11369047.0
2024-07-29,1818.465766106095,1827.492816601406,1790.0402575643832,1796.8585205078125,4635931.0
2024-07-30,1796.8583403917328,1805.3571660297775,1786.1987904104494,1802.6683349609375,2721265.0
2024-07-31,1802.524399557156,1810.3510473266465,1791.0485985124988,1794.12158203125,5004209.0
2024-08-01,1782.453656326238,1793.7855029159562,1771.8901142339544,1779.092529296875,7475014.0
2024-08-02,1769.8732971519382,1785.7186088193323,1744.0886770658112,1748.938232421875,7400938.0
2024-08-05,1714.1266318965754,1726.1787193591779,1650.3613476722035,1682.3880615234375,10736703.0
2024-08-06,1690.3587800212945,1725.6506144088735,1675.617860395926,1681.619873046875,7690163.0
2024-08-07,1724.7381679213,1726.5628030142375,1692.183231395466,1720.560791015625,5094329.0
2024-08-08,1709.3251315403352,1709.3251315403352,1658.572136260406,1673.9853515625,6227910.0
2024-08-09,1700.9702732851492,1710.0933319139192,1686.325363381071,1700.4901123046875,4258524.0
2024-08-12,1702.6988263064616,1731.9405818653124,1697.9451624687292,1726.0826416015625,4315329.0
2024-08-13,1738.1828253323833,1738.1828253323833,1718.064126261386,1726.1307373046875,4176918.0
2024-08-14,1730.5001411349067,1752.5875458219782,1726.1306294039184,1750.906982421875,7450718.0
2024-08-15,,,,,
2024-08-16,1776.5955951852964,1787.9753867685558,1756.9089953467567,1785.1904296875,7335657.0
2024-08-19,1786.1988792940135,1793.449357119504,1775.8273550396493,1790.8084716796875,2585989.0
2024-08-20,1805.405353385153,1810.8791418743747,1794.0735069359491,1797.914794921875,3870333.0
2024-08-21,1800.6996936229339,1804.4449727328276,1793.0171179008144,1798.3948974609375,1966902.0
2024-08-22,1809.2464708192063,1818.5136006570308,1795.5138206733318,1805.645263671875,4300287.0
2024-08-23,1803.67661383031,1807.9020537953018,1783.3178356718943,1788.2154541015625,5015935.0
2024-08-26,1795.8020045127269,1813.8080406542315,1790.0400729474454,1801.7080078125,3728589.0
2024-08-27,1801.7079786991785,1827.2525181137994,1799.5472543971127,1824.7076416015625,3830679.0
2024-08-28,1831.2379582795415,1873.588133022963,1822.1148997127973,1862.1602783203125,6514531.0
2024-08-29,1856.3023384955793,1873.1079727033768,1844.6824662886909,1856.638427734375,7228284.0
2024-08-30,1861.1039704725115,1872.6278340667684,1851.5007508106305,1866.5777587890625,13466759.0
2024-09-02,1866.241657337013,1897.3561122833119,1865.713550595146,1886.552490234375,5573739.0
2024-09-03,1888.95326566776,1888.95326566776,1859.6153833595768,1864.2249755859375,4694322.0
2024-09-04,1844.8744872415468,1850.7324277310104,1824.6597803927025,1846.1708984375,4778310.0
2024-09-05,1849.8201661965988,1863.0245930805459,1833.8307821972226,1856.4464111328125,4081810.0
2024-09-06,1845.7386933402568,1859.6633609018768,1821.586574089743,1826.38818359375,5848106.0
2024-09-09,1815.0084785277315,1844.634387126065,1814.0481565814205,1819.4739990234375,4772612.0
2024-09-10,1829.317300201853,1858.2229673598686,1820.7704114285846,1836.4237060546875,6909600.0
2024-09-11,1838.7284033553788,1849.5800883553493,1829.4133272673625,1834.3590087890625,5312946.0
2024-09-12,1848.6197893164426,1878.773922571952,1834.9832642548035,1873.0599365234375,8555092.0
2024-09-13,1873.0599351123685,1880.886582594913,1858.8472403257115,1866.9619140625,3843127.0
2024-09-16,1868.5464710616527,1874.548483367517,1856.3504289468578,1872.867919921875,1570181.0
2024-09-17,1870.467067930622,1880.7424658489679,1865.0892884852562,1875.07666015625,2793127.0
2024-09-18,1861.824097546446,1861.824097546446,1806.6536508696367,1817.0731201171875,6385468.0
2024-09-19,1834.7911742292838,1848.5238256038056,1804.253005223771,1819.0418701171875,7976570.0
2024-09-20,1829.4134254860905,1839.0166455673825,1793.305341425795,1830.1336669921875,15242974.0
2024-09-23,1833.2546020080952,1842.761812755645,1803.9167195535472,1821.2025146484375,3636672.0
2024-09-24,1813.0878227950013,1835.0792186672709,1797.1465020357018,1823.2672119140625,7277616.0
2024-09-25,1811.5033146813457,1826.1482246431408,1802.3323102544668,1820.0982666015625,4268341.0
2024-09-26,1822.499064726573,1841.8494584619364,1817.8894724224197,1824.851806640625,8952803.0
2024-09-27,1855.4380099764576,1896.2516927156676,1827.7808082445556,1831.0938720703125,14908931.0
2024-09-30,1805.40537191387,1825.8122145485347,1796.282312853667,1801.179931640625,6986955.0
2024-10-01,1800.6036370139677,1833.2065199774477,1800.6036370139677,1828.7890625,4029072.0
2024-10-02,,,,,
2024-10-03,1814.528280610594,1835.9914522282918,1806.3655442331449,1818.2735595703125,7503887.0
2024-10-04,1814.5763205944831,1876.565029844856,1811.1671309069884,1842.04150390625,10001483.0
2024-10-07,1846.8912352709824,1864.9453358766805,1840.025026708701,1857.5509033203125,6112575.0
2024-10-08,1861.007899519078,1880.2622839615105,1830.7096956078074,1871.2353515625,5637391.0
2024-10-09,1875.07665925967,1898.5564839074102,1867.9221904384558,1875.2686767578125,4857163.0
2024-10-10,1880.2143346978125,1886.07227503949,1838.1521871723023,1842.8577880859375,4782119.0
2024-10-11,1841.8974879353766,1869.7468243014484,1834.3109211351211,1858.3189697265625,4709431.0
2024-10-14,1855.486190976628,1891.3541945256989,1854.4778059776277,1881.1748046875,3751378.0
2024-10-15,1882.2310163628915,1912.433094709219,1874.3083602991192,1881.558837890625,5353705.0
2024-10-16,1877.42944464905,1881.7989564876755,1840.312977195666,1843.9141845703125,3111512.0
2024-10-17,1858.415027332384,1899.516854492198,1853.5654717255002,1890.0096435546875,8162822.0
2024-10-18,1818.6577602233042,1859.9995499352583,1795.0818094027522,1805.0211181640625,10526196.0
2024-10-21,1816.0647726492866,1823.4593218230411,1765.071701772492,1779.2364501953125,4654601.0
2024-10-22,1784.4701814346959,1803.2925852339904,1773.666559613223,1778.132080078125,4125240.0
2024-10-23,1772.034052723245,1811.1671716222952,1770.8336503030287,1799.067138671875,4311910.0
2024-10-24,1787.5433126309072,1809.2465653946333,1786.198838446931,1789.4158935546875,2906475.0
2024-10-25,1789.5118373771484,1801.9000136074258,1773.138418954866,1788.16748046875,4689120.0
2024-10-28,1785.9107053224764,1807.2299232087717,1783.3178829165497,1791.3365478515625,7018940.0
2024-10-29,1792.9391324904534,1798.378144066303,1776.4277753656768,1786.4317626953125,4621252.0
2024-10-30,1779.3414895531696,1786.1402834543007,1744.716179758669,1750.3009033203125,5919715.0
2024-10-31,1736.5091412479787,1736.5091412479787,1696.2991072073619,1706.7401123046875,7395236.0
2024-11-01,1713.7816813488193,1715.2385657478123,1701.6895882617994,1710.236572265625,371966.0
2024-11-04,1674.9315887150042,1716.2099839138373,1668.6184223904768,1712.956298828125,7336722.0
2024-11-05,1709.4111662537578,1717.6182349398387,1694.8423210868225,1703.77783203125,3160880.0
2024-11-06,1713.296076841982,1774.6794262747362,1711.9849045771186,1771.280029296875,10421494.0
2024-11-07,1760.8390975998175,1773.22261567757,1735.6350435250165,1751.2237548828125,4550965.0
2024-11-08,1765.7438769390867,1787.6942446562714,1761.0333078003775,1777.350341796875,4210960.0
2024-11-11,1776.427742360696,1814.306737413767,1770.163186757311,1806.6337890625,3804234.0
2024-11-12,1817.3176807087516,1826.9331420105937,1807.5080155670998,1815.0838623046875,5012450.0
2024-11-13,1807.605094015565,1819.3572716489662,1802.943134866599,1814.6953125,4257495.0
2024-11-14,1811.9758027067253,1822.0768923467604,1802.6517655626797,1810.9560546875,4311431.0
2024-11-15,,,,,
2024-11-18,1796.047127993138,1796.047127993138,1743.4050832115965,1759.3822021484375,4839244.0
2024-11-19,1773.0284911005574,1806.2454112988496,1768.2208195271305,1772.300048828125,4669769.0
2024-11-20,,,,,
2024-11-21,1789.0540816629436,1813.3354888516371,1768.26917339711,1781.3326416015625,5436504.0
2024-11-22,1800.80625185363,1859.0331371970146,1781.2840242640295,1847.572265625,6301486.0
2024-11-25,1860.9270220152914,1864.1322151458903,1827.9043086809907,1835.3829345703125,12764638.0
2024-11-26,1850.1947027907097,1882.8775020849253,1842.764686697864,1868.8428955078125,6850495.0
2024-11-27,1874.6218732216507,1885.5971174937745,1856.799342761259,1869.182861328125,4447143.0
2024-11-28,1859.8586361338635,1859.8586361338635,1798.4266776839897,1803.282958984375,8468790.0
2024-11-29,1797.8925063282472,1823.0480681141644,1791.9678666332622,1804.448486328125,5244346.0
2024-12-02,1805.5655210664468,1828.6814691911163,1782.4495729417774,1825.7677001953125,2868263.0
2024-12-03,1832.7607276683614,1845.1442460985531,1817.3663382733384,1837.714111328125,4715792.0
2024-12-04,1829.8469491241563,1858.9360291550868,1821.105642042353,1834.946044921875,4705573.0
2024-12-05,1845.386971128795,1893.8526842407528,1834.654541582606,1879.2352294921875,9050038.0
2024-12-06,1877.2442779990854,1882.2461532385446,1857.4306251975142,1867.1431884765625,3573331.0
2024-12-09,1868.8914196597946,1874.7189577548504,1842.667498232043,1868.3572998046875,4274645.0
2024-12-10,1883.2659588503623,1909.101352624084,1876.4671647750902,1892.54150390625,6174921.0
2024-12-11,1898.806057875605,1921.1449526741415,1895.8922889888395,1917.4056396484375,5025612.0
2024-12-12,1918.4254802729865,1941.3472248051385,1913.9092331296335,1929.8863525390625,6462130.0
2024-12-13,1913.132112410419,1948.7771714843159,1897.6406217246506,1942.22119140625,5362693.0
2024-12-16,1938.0933607570853,1942.1240981650324,1920.7564592966078,1923.1361083984375,3119221.0
2024-12-17,1911.432375880719,1925.029963920521,1901.7198129951464,1919.78515625,5811050.0
2024-12-18,1910.2669710918078,1927.8951783904936,1905.216367108079,1922.261962890625,3064095.0
2024-12-19,1878.4096320265542,1903.4194810568974,1864.8120442042316,1890.2589111328125,5323592.0
2024-12-20,1918.3769764514818,1923.038935729017,1856.313672846486,1866.900390625,11056720.0
2024-12-23,1874.5732490554924,1884.2372017118134,1854.1282567360063,1868.988525390625,2781793.0
2024-12-24,1871.6594932162752,1886.1797274213886,1787.111585198432,1854.1768798828125,2360544.0
2024-12-26,1854.1769374712999,1864.5693327398988,1847.6209572676305,1852.5743408203125,3623321.0
2024-12-27,1854.5168074679777,1868.8428379280153,1849.1748978049127,1861.655517578125,3937500.0
2024-12-30,1860.6357387619842,1860.9271630910612,1832.2751008200871,1851.214599609375,7789055.0
2024-12-31,1837.9082915665463,1842.473148621904,1792.0164326986576,1825.9617919921875,3613063.0
2025-01-01,1820.134214444306,1838.5394729768454,1820.134214444306,1828.389892578125,1838368.0
2025-01-02,1832.760612498252,1906.236174279187,1831.10952423594,1901.5740966796875,7083645.0
2025-01-03,1896.8148627360356,1896.8148627360356,1866.754528958132,1883.0230712890625,6218003.0
2025-01-06,1895.8923485784164,1916.288731426852,1872.5821967516326,1882.1490478515625,7164403.0
2025-01-07,1889.0935202054077,1902.2540906114118,1868.357221729347,1875.3502197265625,4294832.0
2025-01-08,1874.5246254427705,1882.8774057609294,1834.460303784991,1877.5841064453125,5482050.0
2025-01-09,1878.4583629543145,1895.74665458795,1855.6338390718154,1862.1898193359375,6833503.0
2025-01-10,1881.3233976824297,1920.9507009797642,1876.709930393327,1910.4124755859375,8036913.0
2025-01-13,1899.7773306055078,1925.8070469770787,1892.9785364775742,1905.799072265625,5804152.0
2025-01-14,1912.2579998126723,1915.1232771204202,1875.5930733895989,1884.285888671875,5792162.0
2025-01-15,1891.036010381721,1901.7684398888914,1881.420549328485,1893.60986328125,2985439.0
2025-01-16,1909.4412763032324,1910.41253260361,1861.7526156669912,1873.0191650390625,7533579.0
2025-01-17,1797.7954209897873,1804.5942151264314,1759.9164250856263,1763.2672119140625,16409953.0
2025-01-20,1770.5516054927243,1775.407886940151,1741.6082392029957,1761.1790771484375,4333011.0
2025-01-21,1766.7638099629812,1779.0016155615642,1741.5111463055791,1748.941162109375,7169109.0
2025-01-22,1755.448693830049,1812.1700865447272,1753.2633671133483,1803.0887451171875,8373913.0
2025-01-23,1804.5941442893445,1825.5247642701754,1799.446438649042,1811.8299560546875,5907471.0
2025-01-24,1811.8786496612856,1840.4336089404926,1810.6645792715367,1821.5426025390625,4887027.0
2025-01-27,1795.6100112127813,1809.4504129219265,1759.9163436470913,1769.62890625,7652371.0
2025-01-28,1777.3990640797924,1809.9361507719634,1772.4456805643415,1777.15625,6999495.0
2025-01-29,1791.9678626583263,1834.36322360914,1787.5972093347696,1827.1759033203125,5145155.0
2025-01-30,1819.3088138415467,1832.9548941080284,1790.9966681783667,1806.4881591796875,7336056.0
2025-01-31,1817.2205970496623,1842.910279604707,1817.2205970496623,1825.7677001953125,5820470.0
2025-02-01,1826.2533177597818,1836.2571867836969,1792.9391783431893,1798.1353759765625,1701402.0
2025-02-03,1783.2265984737837,1822.6110895629577,1779.7300994439906,1809.741943359375,4823228.0
2025-02-04,1834.703198206104,1856.2650411997822,1821.1056096540206,1844.2215576171875,7334787.0
2025-02-05,1851.2145472314708,1864.5207114002724,1839.8508957040453,1842.5218505859375,4996744.0
2025-02-06,1861.898330498206,1868.6971246106148,1845.3869733680706,1860.587158203125,4765255.0
2025-02-07,1864.13231412214,1868.405747107761,1835.14021793859,1848.93212890625,4126260.0
2025-02-10,1850.2432794461592,1850.2432794461592,1824.6020890265615,1826.2532958984375,3828734.0
2025-02-11,1828.9727506286142,1848.3007750893653,1816.249316561804,1821.7369384765625,4411601.0
2025-02-12,1830.8181177592105,1840.142154487476,1793.9103785152583,1809.59619140625,5633947.0
2025-02-13,1814.7924102365155,1819.6486917731397,1782.8866642532057,1790.2681884765625,5237744.0
2025-02-14,1800.709122375355,1805.8568280246752,1775.796375368045,1803.0401611328125,5292961.0
2025-02-17,1785.7033698235564,1799.495162260814,1769.7747423270973,1789.3455810546875,4428956.0
2025-02-18,1789.3456107739096,1808.1393973263787,1784.780634818134,1798.7181396484375,4365260.0
2025-02-19,1794.2989338566194,1796.0471240806544,1753.9917969230971,1758.7509765625,4611411.0
2025-02-20,1753.6518766132701,1778.3703022593725,1753.6518766132701,1772.6884765625,2218020.0
2025-02-21,1769.4347905187403,1777.2533326664163,1754.2830972545896,1762.8302001953125,3379879.0
2025-02-24,1748.309923055587,1756.0313630959042,1699.9413126430345,1713.3931884765625,7594720.0
2025-02-25,1694.987890846883,1727.3306532632726,1694.987890846883,1716.8896484375,5092963.0
2025-02-26,,,,,
2025-02-27,1704.748997302386,1724.8054634563641,1700.7668702151418,1713.5875244140625,5757079.0
2025-02-28,1704.6034155946859,1704.6519072727174,1634.0901134127998,1639.189208984375,12182167.0
2025-03-03,1643.6569975986285,1678.9135283002097,1643.6569975986285,1659.4884033203125,7504969.0
2025-03-04,1646.2794646548505,1650.1644899401717,1621.9980566215932,1639.7720947265625,6759673.0
2025-03-05,1643.8026956375877,1683.1385762213686,1643.8026956375877,1662.30517578125,8180782.0
2025-03-06,1665.7046071983816,1672.794825837321,1642.4915571816716,1666.5301513671875,10610547.0
2025-03-07,1654.146667899849,1655.9920786793123,1627.340016320931,1637.5382080078125,8019331.0
2025-03-10,1637.5382042171923,1669.5896637303404,1628.01984457351,1652.5440673828125,7558981.0
2025-03-11,1631.7106175387037,1631.7106175387037,1589.995206020896,1613.8394775390625,12671234.0
2025-03-12,1589.84944650162,1589.84944650162,1518.850635339536,1545.123046875,14870008.0
2025-03-13,1553.2816045131979,1559.886194636392,1525.163782654934,1534.439208984375,7822888.0
2025-03-14,,,,,
2025-03-17,1500.736758011993,1548.1826065260266,1500.736758011993,1544.34619140625,7526032.0
2025-03-18,1544.34619140625,1544.34619140625,1544.34619140625,1544.34619140625,0.0
2025-03-19,1556.9238965430377,1556.9238965430377,1527.5920028100838,1540.94677734375,7387068.0
2025-03-20,1546.2400259441436,1584.9931759348294,1546.2400259441436,1569.1131591796875,7186750.0
2025-03-21,1532.59385494289,1557.7980274559397,1518.7049607743006,1546.7742919921875,10074677.0
2025-03-24,1552.0189913058653,1560.9060103586978,1527.4947691913153,1546.968505859375,8857726.0
2025-03-25,1558.8663000022038,1589.1209562659596,1558.8663000022038,1581.6422119140625,9890140.0
2025-03-26,1579.2627320763197,1590.6749935166006,1549.1537869998338,1553.475830078125,6651302.0
2025-03-27,1549.688079270318,1573.3866387891755,1540.4125339270274,1557.4581298828125,9426573.0
2025-03-28,1544.2975705237486,1552.504639118573,1515.1598805138667,1525.5037841796875,6799047.0
2025-03-31,,,,,
2025-04-01,1495.0061979771754,1502.92196020728,1474.2212903040318,1482.6226806640625,12680733.0
2025-04-02,1491.0726643663595,1510.9349273715397,1491.0726643663595,1505.593017578125,6193478.0
2025-04-03,1490.5385603678294,1490.5385603678294,1442.3642697947264,1453.485107421875,10459504.0
2025-04-04,1418.5199114659142,1429.6893595876932,1406.3792069857197,1409.92431640625,9590254.0
2025-04-07,1313.1385736419368,1365.489314158466,1269.4320382766355,1356.602294921875,21715252.0
2025-04-08,1389.8677955834949,1414.6348317731379,1374.3276944448953,1387.7310791015625,12805001.0
2025-04-09,1364.663707842691,1368.9371407012397,1342.1791008495861,1363.3524169921875,8546854.0
2025-04-10,,,,,
2025-04-11,1370.6854425398662,1397.4436008179698,1356.893650613513,1368.9371337890625,12567440.0
2025-04-14,,,,,
2025-04-15,1404.0480742507405,1406.087688754894,1368.5001176189407,1385.011474609375,10178530.0
2025-04-16,1384.0401507759727,1386.4682913913693,1356.6507720589223,1372.482177734375,12022740.0
2025-04-17,1357.8163531049115,1388.7023519091767,1338.6826507754836,1378.6983642578125,14264227.0
2025-04-21,1369.4714582615436,1429.4951483248678,1369.4714582615436,1409.29296875,15648970.0
2025-04-22,1398.6091260339042,1398.6091260339042,1378.5041672717928,1381.903564453125,9399738.0
2025-04-23,1404.4366498623076,1445.0352117850275,1398.2205856526791,1432.5059814453125,11136642.0
2025-04-24,1427.6496829084983,1440.2760150192205,1419.4911061400271,1429.1065673828125,7114292.0
2025-04-25,1433.0887071514799,1458.535575435,1421.4336312546193,1437.653564453125,8329979.0
2025-04-28,1437.6534907325017,1446.7833234291916,1423.1818670852326,1439.4989013671875,5886253.0
2025-04-29,1439.4018262859975,1466.4027986571466,1431.7288778586658,1454.456298828125,8056743.0
2025-04-30,1453.7764926957282,1465.431568419441,1439.984581952398,1456.9815673828125,7704183.0
2025-05-01,,,,,
2025-05-02,1456.5930649551544,1479.4175886205041,1453.1936678135066,1463.586181640625,7402310.0
2025-05-05,1471.4532464465005,1479.2232965927526,1459.6039673980883,1465.2371826171875,4282493.0
2025-05-06,1462.7120452184295,1472.0360823521305,1456.0103527730441,1468.053955078125,4270530.0
2025-05-07,1456.8844481471906,1475.1441139885928,1453.5821530190785,1464.9459228515625,5691799.0
2025-05-08,1464.654491996011,1472.910170498641,1458.0499017692832,1467.956787109375,8424409.0
2025-05-09,1457.5642989506216,1467.9568126185206,1451.1540310083215,1464.2659912109375,4478653.0
2025-05-12,1492.8209942326298,1585.0903465111594,1487.96471253376,1580.136962890625,11372857.0
2025-05-13,1562.7513505672503,1565.859323230766,1519.627548132014,1523.5125732421875,12846210.0
2025-05-14,1528.75740058924,1549.1537826809642,1524.3867472838704,1546.6285400390625,4870057.0
2025-05-15,1544.1033749720434,1572.075486394776,1525.843708376521,1566.636474609375,11151167.0
2025-05-16,1566.2479103864578,1566.2479103864578,1536.0418626920532,1544.200439453125,4576751.0
2025-05-19,1531.1856318206726,1539.4413107743521,1510.9834523682187,1514.9656982421875,8855798.0
2025-05-20,1524.8723866170074,1537.9843466293191,1513.2173110505078,1515.7425537109375,7143998.0
2025-05-21,1522.832797268108,1525.8436681268927,1507.4869000940212,1523.41552734375,4157309.0
2025-05-22,1510.7892156499267,1515.9369216042496,1495.7347425913772,1503.0191650390625,6158990.0
2025-05-23,1505.447258808557,1541.5779455953386,1505.447258808557,1519.8218994140625,5038421.0
2025-05-26,1521.5700705826603,1538.275749801986,1517.782147363295,1535.070556640625,3170102.0
2025-05-27,1534.4878415209876,1537.4016104009331,1511.6633186280806,1524.969482421875,7775714.0
2025-05-28,1535.556238237006,1542.063608140773,1524.8724187426308,1526.6207275390625,3623370.0
2025-05-29,1543.3262208282474,1562.6542444112208,1531.2826193070812,1540.02392578125,8609500.0
2025-05-30,1547.3124739974683,1548.297396005105,1531.652190030095,1539.1375732421875,13148092.0
2025-06-02,1536.4782943781508,1536.4782943781508,1515.7949327230604,1530.371826171875,4374509.0
2025-06-03,1535.4933708621093,1543.6682714095227,1512.4461724234918,1519.734619140625,6853403.0
2025-06-04,1519.7346010168856,1533.8190332918903,1518.158749909477,1527.8109130859375,4548307.0
2025-06-05,1524.5607331925255,1544.0621159555858,1518.3556767230737,1530.8642578125,6948539.0
2025-06-06,1531.2581829658582,1545.2441474823067,1519.8331118292815,1540.2210693359375,3960020.0
2025-06-09,1554.2069160448225,1564.0561360451065,1547.3124620446238,1549.183837890625,2903202.0
2025-06-10,1560.116482612782,1583.2621501262925,1553.7144894707471,1571.935546875,8591925.0
2025-06-11,1566.1244242034918,1609.9534525332194,1566.1244242034918,1606.5062255859375,10597410.0
2025-06-12,1592.6188275892266,1603.452969273507,1574.0037782857437,1584.345458984375,10483574.0
2025-06-13,1552.2369998927122,1584.7394243828517,1546.5244044661895,1577.844970703125,6968315.0
2025-06-16,1575.875214344727,1610.1505483486199,1573.01891647278,1599.31640625,5591842.0
2025-06-17,1596.2630097727385,1622.5604988569514,1591.2399317053334,1615.173583984375,7622083.0
2025-06-18,1596.5585788351507,1619.9011823893957,1596.5585788351507,1608.2791748046875,5629707.0
2025-06-19,1599.4148737815738,1605.4228739879738,1587.2018168292147,1593.997802734375,5147760.0
2025-06-20,1594.58871180959,1606.1122510729595,1584.6410236941556,1598.429931640625,9202821.0
2025-06-23,1576.8601291540897,1576.8601291540897,1551.6461498856431,1560.116455078125,7943676.0
2025-06-24,1576.860073737694,1584.739449496533,1552.827953627288,1557.7525634765625,8083992.0
2025-06-25,1566.025955644839,1595.4751470327865,1561.199813873949,1590.550537109375,7813533.0
2025-06-26,1584.5425210067874,1599.5132869304996,1582.3756205245834,1591.6339111328125,6519233.0
2025-06-27,1594.5886581952298,1605.0288069577266,1578.238977654369,1583.7545166015625,8912268.0
2025-06-30,1590.648993297183,1590.648993297183,1570.064099926214,1577.6480712890625,6294505.0
2025-07-01,1584.7395342639384,1593.308307768125,1576.3676970723639,1582.57275390625,4178937.0
2025-07-02,1593.6038341220215,1624.1364168524187,1579.2239966239758,1586.2169189453125,8653641.0
2025-07-03,1594.0962765801005,1607.786716594206,1590.6490495377586,1594.293212890625,5259695.0
2025-07-04,1600.4981989662078,1618.6207872342948,1587.9897380569496,1615.96142578125,4411273.0
2025-07-07,1615.2721260131761,1619.2118141254034,1598.5284515362102,1602.4681396484375,3294523.0
2025-07-08,1603.4529602070286,1621.378491891406,1597.0509674297891,1613.9915771484375,4590681.0
2025-07-09,1613.1052929685202,1613.3022292758048,1599.1193284889714,1609.0670166015625,4580828.0
2025-07-10,1614.1886858160015,1614.1886858160015,1582.868118202301,1591.43701171875,5330179.0
2025-07-11,1555.2902357933656,1582.8680505457567,1539.433016356687,1570.85205078125,11391755.0
2025-07-14,1567.7988696310574,1567.7988696310574,1536.2813659941348,1546.623046875,9173426.0
2025-07-15,1541.5013602388092,1579.4208563061295,1540.4179701114037,1561.6922607421875,7614807.0
2025-07-16,1555.1918577227598,1587.6942841349517,1554.6993967165145,1583.6561279296875,6223491.0
2025-07-17,1573.9053927711557,1585.7244570472844,1556.2752645133157,1559.6240234375,7374814.0
2025-07-18,1568.0942241264431,1575.1857343566385,1556.176692489401,1562.1846923828125,5161833.0
2025-07-21,1556.1767745731315,1565.041072656143,1543.1758521432762,1560.4119873046875,3682661.0
2025-07-22,1541.4029254290974,1561.889351060241,1541.4029254290974,1547.2139892578125,8473741.0
2025-07-23,1552.5325511946266,1567.897309898412,1526.629055261839,1550.7596435546875,8035026.0
2025-07-24,1556.1767861186595,1558.1466301517212,1524.8562179010848,1529.0914306640625,14169664.0
2025-07-25,1520.12860228797,1526.1366022975346,1488.512630894258,1492.84619140625,10851259.0
2025-07-28,1491.0734115180542,1496.392014262957,1460.14683725966,1493.1417236328125,6439855.0
2025-07-29,1490.0884773327002,1494.3235696797126,1473.5417400906863,1490.8763427734375,7070448.0
2025-07-30,1496.9830114866083,1498.7557989957106,1483.2925712781332,1496.0965576171875,5719051.0
2025-07-31,1486.936711768862,1504.0743788045277,1474.428250322285,1486.247314453125,6851407.0
2025-08-01,1471.3749358302919,1476.1024890867666,1443.4031282013243,1447.4412841796875,8702978.0
2025-08-04,1439.4634841975633,1460.4423706154291,1429.1218033326475,1458.177001953125,8610216.0
2025-08-05,1456.4040844682859,1456.4040844682859,1433.0614816224124,1438.2816162109375,10213323.0
2025-08-06,1430.1067078263497,1434.14486387826,1408.7339490588547,1415.037353515625,10566934.0
2025-08-07,1408.4383894942564,1420.2574529025999,1392.876574581379,1415.234375,9892020.0
2025-08-08,1403.5138318764698,1411.590144080286,1395.7329241309972,1401.6424560546875,10048009.0
2025-08-11,1398.4907470266712,1411.7871937906966,1392.6796832838538,1406.66552734375,6625368.0
2025-08-12,1406.6655976905836,1419.2726477892124,1399.5742071536924,1402.62744140625,9899184.0
2025-08-13,1403.5138705026145,1412.3781686321047,1400.953097311154,1405.0897216796875,10318063.0
2025-08-14,1404.6956380205245,1447.835267553816,1404.6956380205245,1425.8714599609375,12902347.0
2025-08-15,,,,,
2025-08-18,1442.6151494914589,1442.6151494914589,1408.0444126749926,1414.1510009765625,7254561.0
2025-08-19,1411.0977408332749,1427.5460108318366,1411.0977408332749,1418.2877197265625,3986094.0
2025-08-20,1418.9770874002822,1476.3980885005715,1418.9770874002822,1473.6402587890625,10413061.0
2025-08-21,1485.262351237006,1485.262351237006,1461.9197483180794,1473.8372802734375,6565539.0
2025-08-22,1475.5115598317454,1481.6181481033814,1463.6924963469764,1465.0714111328125,5543397.0
2025-08-25,1483.981859694785,1515.7948868943363,1483.981859694785,1508.9989013671875,10694531.0
2025-08-26,1500.03616013844,1515.2039825206518,1495.7024794249892,1506.53662109375,15994798.0
2025-08-27,,,,,
2025-08-28,1506.5366438633127,1506.5366438633127,1475.413133190423,1477.4814453125,5443364.0
2025-08-29,1479.254311487481,1479.254311487481,1445.5699084151588,1447.4412841796875,8169075.0
2025-09-01,1454.4343120627393,1480.7318023736236,1453.941851048263,1476.7921142578125,4546057.0
2025-09-02,1476.7920565936874,1489.9900353122632,1463.8896025641538,1476.1025390625,5218763.0
2025-09-03,1477.3829894013984,1479.2543652339205,1450.7900955921732,1456.798095703125,4623483.0
2025-09-04,1461.6242804276317,1461.6242804276317,1438.0846200594328,1440.94091796875,5787724.0
2025-09-05,1447.835279098319,1450.4945202945664,1411.3931666312185,1422.8182373046875,5466487.0
2025-09-08,1429.1218644887508,1436.0163186937275,1406.7641825159365,1411.2947998046875,3811567.0
2025-09-09,1458.6694341238242,1484.474341584966,1450.297597398603,1481.6181640625,13072640.0
2025-09-10,1487.330709756259,1511.756823802922,1486.5428442826578,1509.491455078125,7281071.0
2025-09-11,1500.922609577238,1504.4683046125388,1483.7849433052634,1486.9366455078125,8003662.0
2025-09-12,1513.8250582606502,1519.6361218926327,1498.1647749913177,1502.596923828125,12856963.0
2025-09-15,1502.5969824151846,1504.4683582651935,1478.5648615170796,1485.6563720703125,6167414.0
2025-09-16,1485.656397411633,1491.1719366717366,1480.8302554728903,1488.5126953125,8923112.0
2025-09-17,1494.028241371192,1503.680405062861,1491.1719434573272,1499.4453125,4795698.0
2025-09-18,1526.6291407021617,1531.5537508334592,1515.302537400178,1517.370849609375,9331945.0
2025-09-19,1521.3104874589542,1527.9095369547413,1497.179898612735,1516.976806640625,12988129.0
2025-09-22,1460.3437656419162,1491.8612688721596,1459.6543683506482,1476.8905029296875,15655204.0
2025-09-23,1470.4885054191882,1490.186944875574,1470.4885054191882,1474.920654296875,9832164.0
2025-09-24,1464.7758845360097,1474.1326431158677,1460.3437357350242,1472.0643310546875,4937004.0
2025-09-25,1466.5488557470633,1480.04223903444,1454.2373307659764,1462.4122314453125,9491867.0
2025-09-26,1452.7599061754568,1456.404069373631,1419.4694954878144,1427.053466796875,8597058.0
2025-09-29,1437.9860786678707,1442.9106885263222,1414.8404123331482,1420.060546875,10513117.0
2025-09-30,1421.2424051491353,1430.303639196793,1416.416263441906,1420.060546875,7556305.0
2025-10-01,1424.197180444367,1427.6444073679875,1405.877655696216,1424.000244140625,6250692.0
2025-10-02,,,,,
2025-10-03,1417.3027030735375,1426.4625254104503,1411.5901076030302,1424.7880859375,6877533.0
2025-10-06,1424.7881421800753,1456.5027027407555,1420.5530497148675,1453.744873046875,4630590.0
2025-10-07,1455.4191203786977,1460.5407866669368,1432.0765182081868,1436.5086669921875,5570320.0
2025-10-08,1435.0313384295307,1475.4131399913774,1433.061494450904,1472.4583740234375,4657192.0
2025-10-09,1479.352867871771,1491.171932062491,1464.5790376333712,1486.5428466796875,7028753.0
2025-10-10,1487.2322078030077,1498.755747016607,1476.2011295853695,1492.058349609375,3738353.0
2025-10-13,1474.4281763502415,1482.0120273618204,1461.0332617199265,1470.6854248046875,5859355.0
2025-10-14,1476.3980688327763,1491.5658915845438,1464.0865439092208,1467.435302734375,5600789.0
2025-10-15,1461.5258266826634,1466.1549121391147,1445.373081319078,1452.1690673828125,6986098.0
2025-10-16,1451.6765810210527,1452.267510183725,1438.478601982591,1449.312744140625,8005748.0
2025-10-17,1432.9630656678505,1436.410292725158,1412.3781714796953,1419.37109375,16959378.0
2025-10-20,1431.781048131079,1444.8805586841174,1428.136884861602,1438.87255859375,6994246.0
2025-10-21,1455.7147580634262,1463.5941342911037,1447.8353818357486,1450.19921875,1698704.0
2025-10-22,,,,,
2025-10-23,1487.2321904325627,1522.6893817276436,1483.292502510887,1505.4532470703125,20358624.0
2025-10-24,1516.2874003977408,1519.7346273554492,1495.111577657532,1502.4000244140625,8652257.0
2025-10-27,1510.0,1515.300048828125,1498.0999755859375,1504.5,7273211.0
2025-10-28,1499.699951171875,1506.5,1490.5,1500.199951171875,8211019.0
2025-10-29,1500.199951171875,1520.199951171875,1496.9000244140625,1510.4000244140625,4884976.0
2025-10-30,1507.0,1508.199951171875,1489.0999755859375,1493.800048828125,5608867.0
2025-10-31,1490.0,1497.0999755859375,1480.699951171875,1482.300048828125,4819814.0
2025-11-03,1482.300048828125,1491.4000244140625,1474.199951171875,1485.5,5470600.0
2025-11-04,1479.699951171875,1481.9000244140625,1462.9000244140625,1467.9000244140625,8691330.0
2025-11-05,1467.9000244140625,1467.9000244140625,1467.9000244140625,1467.9000244140625,0.0
2025-11-06,1478.5999755859375,1483.0,1461.9000244140625,1466.699951171875,7944752.0
2025-11-07,1470.0,1480.9000244140625,1449.0999755859375,1476.800048828125,8765759.0
2025-11-10,1490.0999755859375,1520.0,1490.0,1513.5,9787975.0
2025-11-11,1525.0,1533.4000244140625,1511.0999755859375,1530.300048828125,13692989.0
2025-11-12,1540.0,1559.199951171875,1538.0999755859375,1551.699951171875,14635417.0
2025-11-13,1557.0999755859375,1557.5,1530.300048828125,1541.800048828125,19655689.0
2025-11-14,1520.0,1530.0,1488.800048828125,1502.800048828125,9739549.0
2025-11-17,1496.0,1510.199951171875,1492.5,1507.5999755859375,7910354.0
2025-11-18,1506.0,1506.0,1483.199951171875,1486.4000244140625,7525119.0
2025-11-19,1490.5,1543.0,1490.5,1541.0999755859375,10981126.0
2025-11-20,1555.0,1555.0,1534.0,1536.5,7387584.0
2025-11-21,1531.0,1551.5,1526.300048828125,1545.0,9186302.0
2025-11-24,1563.5999755859375,1585.0,1541.0,1548.0,19270381.0
2025-11-25,1549.0,1550.5999755859375,1525.9000244140625,1530.5999755859375,8107952.0
2025-11-26,1532.0999755859375,1560.300048828125,1532.0999755859375,1557.9000244140625,7573854.0
