Date,Open,High,Low,Close,Volume
2020-11-26,,,,,
2020-11-27,107.14940031021085,107.45679479063351,106.34139004718641,106.46434783935547,5983600.0
2020-11-30,105.39287272923086,106.02523103771799,103.43431889603869,103.53092956542969,14411800.0
2020-12-01,105.69147562273541,106.7805400596731,105.06790197131194,105.16451263427734,12668900.0
2020-12-02,105.12936056723274,107.42165548988834,104.75170260332827,107.18452453613281,10811300.0
2020-12-03,107.01766591265982,107.0527976702939,105.70903976910405,106.48191833496094,12904400.0
2020-12-04,107.57097780211105,108.28237743476234,106.87714069712514,107.44801330566406,13583700.0
2020-12-07,106.40289298902607,107.29872949166266,105.57731331157962,107.04402923583984,9724300.0
2020-12-08,106.30624922817586,107.43922310287311,106.06033366480527,107.1493911743164,9592100.0
2020-12-09,108.17698442118571,108.29116430583096,105.77930065339983,106.31504821777344,13073900.0
2020-12-10,105.38408163760678,106.07791881118719,105.00642359884017,105.62999725341797,13668400.0
2020-12-11,104.46188324818549,105.41041381726899,103.96126747258415,105.00640869140625,9981600.0
2020-12-14,106.56974204702378,106.64000556075463,103.73292136229018,103.89979553222656,12112400.0
2020-12-15,104.76929103197196,106.18331250244727,104.1808491456916,105.67391204833984,12590200.0
2020-12-16,105.65634332873518,106.34139583688788,105.26990070333726,105.9813003540039,11169400.0
2020-12-17,106.49947848327389,106.66634594193552,105.0239782919416,105.10301971435547,11618000.0
2020-12-18,104.6375560472312,105.2874768827331,103.87345531176794,104.5848617553711,28954800.0
2020-12-21,108.17697860777265,109.78422121452054,106.35016755859573,108.51072692871094,28323600.0
2020-12-22,108.37020539677519,108.48437858036873,106.80687907962962,106.85957336425781,11788200.0
2020-12-23,107.83444784336706,111.11918972791383,107.45678987022714,109.84569549560547,14973200.0
2020-12-24,109.86327146056314,110.26728332369215,108.5282981716898,109.36265563964844,4164900.0
2020-12-28,110.50439904039617,111.2333678352268,109.5997781820699,110.08282470703125,8072600.0
2020-12-29,110.83817124269342,110.90843476776945,109.68763449754219,109.79302978515625,8389200.0
2020-12-30,110.21459128707343,110.53077043129548,109.69641289558061,110.10041809082031,7398000.0
2020-12-31,109.86327162037045,111.8306098498949,109.62614063146492,111.60225677490234,8580200.0
2021-01-01,,,,,
2021-01-04,111.97990845332896,112.29608755442943,109.59100266754638,110.54832458496094,16819900.0
2021-01-05,110.56601044653497,111.72483955106856,109.48679874945127,111.14984893798828,13731200.0
2021-01-06,114.89170949331846,117.44819977533642,113.12250494371787,116.36898803710938,24909100.0
2021-01-07,120.0312236276266,122.24272081732299,119.35007871378596,120.19044494628906,21940400.0
2021-01-08,120.27893324171778,120.61508519818604,118.6424196091236,120.32316589355469,12035100.0
2021-01-11,119.04930707792968,122.25155038646868,118.63354456574953,122.11886596679688,15937900.0
2021-01-12,123.3484433626171,125.31225353216946,122.80883762237245,124.0384292602539,18033500.0
2021-01-13,122.59654744751205,124.54266215547395,122.16310266358323,124.15345001220703,14816800.0
2021-01-14,124.27727119640225,126.27645931830816,123.84381299168575,124.87879180908203,18565600.0
2021-01-15,121.57042222209964,125.30343071747929,121.1988922981212,122.64079284667969,27881000.0
2021-01-18,,,,,
2021-01-19,123.71999993969008,124.46305975965032,121.91542416294266,122.11002349853516,19843800.0
2021-01-20,121.91542879518516,122.22503031631156,119.81007906072952,120.27891540527344,16028800.0
2021-01-21,120.03122524897529,120.44698780608682,118.81932909198215,119.27046966552734,13411700.0
2021-01-22,117.37745871591012,118.89011564356089,116.94400029036045,118.35050964355469,12933200.0
2021-01-25,116.89088758931824,117.80202329451,115.05092042311257,116.8731918334961,14212800.0
2021-01-26,117.43050214844165,117.80203206091376,116.1832144793445,116.39552307128906,11307800.0
2021-01-27,114.6351571627635,114.86516149325641,112.65365770745103,113.10480499267578,17603900.0
2021-01-28,114.90938973310611,116.91743298095949,114.10441500637081,115.09516143798828,13761800.0
2021-01-29,116.05054332548822,116.5193797090131,113.3967463630866,113.82135009765625,14808100.0
2021-02-01,114.46709217939566,115.05978532013303,113.65326281172365,114.66170501708984,11080700.0
2021-02-02,116.71400532882518,118.88127038552952,116.07709290836934,118.1912841796875,12253600.0
2021-02-03,118.22663579290578,120.09313998351618,118.10279248870022,119.54469299316406,10600800.0
2021-02-04,119.83660041449413,122.65847274377289,119.83660041449413,122.29578399658203,12419500.0
2021-02-05,123.30423342140725,123.39269870575656,121.52619458840722,122.05694580078125,10051300.0
2021-02-08,122.25157300939281,124.10923621600098,122.2338772508598,123.96769714355469,10136400.0
2021-02-09,123.33963786047673,123.82617003281722,122.55234525356583,123.47233581542969,8614800.0
2021-02-10,123.84384357152237,124.61344028010063,122.99462270509538,123.54308319091797,10323200.0
2021-02-11,123.5430902730995,124.33038278387701,122.26926564939012,123.1980972290039,9201000.0
2021-02-12,123.0034702310388,125.26804108022324,122.95923758987831,124.9495849609375,8324600.0
2021-02-15,,,,,
2021-02-16,126.98420160573845,128.54994576874037,125.96690455720385,127.9572525024414,12130600.0
2021-02-17,127.33801924615241,128.60300279429336,126.60380048006807,128.35531616210938,10810100.0
2021-02-18,127.38223314725974,128.96565913410836,126.85146844331665,128.7887420654297,10587800.0
2021-02-19,129.0276022783173,131.66370334725357,129.0276022783173,130.93833923339844,11969800.0
2021-02-22,129.92104924074323,132.85792436425152,129.85027970184925,132.16793823242188,11488400.0
2021-02-23,134.02559540505837,134.73327733512977,132.3271668716331,133.22946166992188,16234400.0
2021-02-24,132.78717238907248,136.0159537279629,132.78717238907248,135.5736541748047,15061400.0
2021-02-25,136.4670787497506,137.0243668890657,133.21174771521092,133.73365783691406,18127700.0
2021-02-26,132.95518429596942,133.45939852463013,129.60254774013472,130.18638610839844,19829200.0
2021-03-01,132.26522276787693,133.91057715556303,131.34523241244648,133.1321258544922,14845500.0
2021-03-02,132.7605825665545,134.26439774816717,132.54827400643399,132.6986541748047,14221700.0
2021-03-03,133.77787454544236,137.0951200900976,133.41519929096913,135.26400756835938,14324100.0
2021-03-04,134.99864166648848,136.56438553366922,131.46908711786972,133.18521118164062,20093900.0
2021-03-05,135.53826412391817,135.77710964084702,130.8941192278116,133.49484252929688,18465100.0
2021-03-08,134.87478193145478,137.51973723830628,133.35327089514035,135.26400756835938,17133300.0
2021-03-09,134.01670507242423,136.4493515341349,132.53058571299184,134.30862426757812,16238800.0
2021-03-10,134.37941949763726,138.13896474875366,134.02557184584634,137.2278289794922,14342200.0
2021-03-11,136.325550295313,138.13012628797654,135.66210105570138,136.51132202148438,11771500.0
2021-03-12,138.75818284722513,139.43932777401042,137.17475676839,138.13011169433594,12849500.0
2021-03-15,138.3070564929804,138.81127089474856,136.19286546197114,137.4401397705078,12101100.0
2021-03-16,136.30785357399216,136.7590076924054,134.62712091133724,135.79478454589844,12805600.0
2021-03-17,137.4135782952125,138.77586804512734,135.38785292416864,137.1924285888672,13952400.0
2021-03-18,139.41279684301367,143.03080322918407,138.9793385078308,139.45701599121094,21898500.0
2021-03-19,137.56400695613365,137.9443916040144,133.7425457026379,137.23670959472656,54418800.0
2021-03-22,135.16669950581783,136.20167848334194,133.2294259717702,133.54788208007812,19944800.0
2021-03-23,132.98178562591332,134.56521209134934,131.76988916636878,132.21218872070312,17076300.0
2021-03-24,132.6898190584328,135.5028367434765,132.56597576722785,133.23826599121094,13079800.0
2021-03-25,132.68987189519157,135.31713243854932,132.09719208714247,134.9456024169922,15608300.0
2021-03-26,136.4936014558951,137.5108847059207,134.94555351147807,137.1924285888672,16754400.0
2021-03-29,134.56520408087832,135.98940910097048,133.60983548063848,135.06057739257812,17570300.0
2021-03-30,136.63513451522175,137.88240854589986,136.12206559925283,136.65281677246094,13184300.0
2021-03-31,135.59130705339393,136.66167757259564,134.56516917510098,134.6624755859375,16736700.0
2021-04-01,134.37055969221166,136.04245097601293,134.06095819397126,135.97169494628906,16561500.0
2021-04-05,137.38649372872118,137.86699815555494,135.78484851236016,136.69244384765625,13508000.0
2021-04-06,135.95388225645738,137.27970227269196,135.126366579395,135.73143005371094,13071600.0
2021-04-07,136.22975484131342,138.12503866056466,135.8293299543411,137.85809326171875,16903500.0
2021-04-08,137.0305789604979,138.37418559360765,135.52679965536444,138.02716064453125,12335500.0
2021-04-09,138.6410997127417,139.73556067789164,137.8936636183663,139.05931091308594,12122400.0
2021-04-12,138.43647633135106,139.92245562989643,138.42758312982932,138.7657012939453,12273400.0
2021-04-13,137.69790325081829,138.0983144704772,135.63354044583306,137.11062622070312,16113600.0
2021-04-14,134.77934956690817,136.8792990267172,134.29884517753345,134.54800415039062,19939600.0
2021-04-15,134.58358393632642,135.42889959928843,132.86625943201236,135.40220642089844,17694100.0
2021-04-16,136.9148988853451,137.4843760706382,135.8649308407826,136.40771484375,13773400.0
2021-04-19,136.51448713578375,136.92380522581166,135.44671911395525,135.82933044433594,11900200.0
2021-04-20,135.01962190832126,135.02851511041231,132.27010179251494,132.82179260253906,13716700.0
2021-04-21,131.5048834483671,134.01415167586438,130.61507433122503,133.9518585205078,12236700.0
2021-04-22,133.6759880455333,133.73828118606122,131.03325451052095,131.13113403320312,15256100.0
2021-04-23,130.96207768770702,134.47683398113998,130.52607998194688,133.64041137695312,14041900.0
2021-04-26,134.16539406739864,135.66028018228653,133.80947591392436,133.96963500976562,10799100.0
2021-04-27,133.91627656290353,134.86837886691956,133.56925153882696,134.58363342285156,12821200.0
2021-04-28,135.633555977677,136.04287402119434,134.71705395182013,135.45559692382812,8943700.0
2021-04-29,136.6212390758566,138.1695112972306,136.31870733823104,138.0894317626953,12976900.0
2021-04-30,137.11954813950095,137.46657304518038,136.14964618178698,136.8614959716797,11705100.0
2021-05-03,137.78692561115918,138.34749603440534,136.2564530835075,136.4611053466797,11801100.0
2021-05-04,136.0251015594525,138.4898763649516,135.37554477167117,138.34750366210938,12977700.0
2021-05-05,138.81017600013018,140.8389390247089,137.59114226079612,140.16268920898438,10506700.0
2021-05-06,140.652088387028,143.09906267147255,139.84235909250725,142.98338317871094,13542400.0
2021-05-07,139.8957579581598,143.7041390079043,139.71779889158796,143.47279357910156,14257800.0
2021-05-10,143.70416253932294,145.6884329324639,143.36603075328316,143.45501708984375,14014300.0
2021-05-11,143.33043495716515,144.4960825715909,140.62540800121718,141.0703125,15451700.0
2021-05-12,142.02236229938518,143.06343681353937,139.7266543025057,140.10037231445312,14381700.0
2021-05-13,140.74994517814935,144.54943244005108,140.30504079170572,143.70411682128906,15395000.0
2021-05-14,144.4960748805954,146.3290791456313,144.14015673147648,145.93756103515625,10584000.0
2021-05-17,145.3680717949853,146.68499870781028,145.06554003558196,146.5248260498047,9886800.0
2021-05-18,146.53370703868384,147.26335677368965,144.3625849661945,144.46046447753906,11098100.0
2021-05-19,143.2592524225731,143.41941152924366,141.15930258930737,143.3571319580078,13278900.0
2021-05-20,143.10797119140625,144.02447329895233,141.94232367078396,143.10797119140625,10426000.0
2021-05-21,143.5617435153233,145.2345883456197,143.20582543872607,144.73629760742188,10249000.0
2021-05-24,145.3592042944036,146.1333338089843,144.2558362047025,145.5193634033203,9440300.0
2021-05-25,145.79519706475324,147.44133542134566,143.75752703332265,144.0155792236328,12609100.0
2021-05-26,145.546044550886,145.697310430711,143.5350677990106,143.99777221679688,13058300.0
2021-05-27,145.8841653421321,146.5960151722586,144.65623830200525,146.24009704589844,15707500.0
2021-05-28,146.53368580773358,146.76504475233864,145.27015912088555,146.14218139648438,10291300.0
2021-05-31,,,,,
2021-06-01,147.592573945774,148.51798265493912,147.24554907418812,147.75274658203125,9445400.0
2021-06-02,148.8294256356668,148.98959829136342,147.2900601033352,147.76165771484375,10498600.0
2021-06-03,147.18330816154628,148.82055344308972,146.515951419649,147.85955810546875,13354400.0
2021-06-04,147.89512500159537,148.304429441764,146.84514356884935,148.0997772216797,8510800.0
2021-06-07,148.598087134076,148.68707345553798,146.94304202769,147.40574645996094,7267200.0
2021-06-08,146.36469896579246,147.49474671014417,145.18125127216123,146.81849670410156,10370700.0
2021-06-09,146.05324166578148,146.1244280116337,144.39819646258704,144.9854736328125,12377400.0
2021-06-10,146.2490066422362,147.0320429008984,142.64527750486664,142.72535705566406,12119400.0
2021-06-11,142.75204463486938,143.43720133429977,141.53301070700815,142.62747192382812,13683800.0
2021-06-14,142.50290968806823,142.6630823725567,139.39748488547448,140.20721435546875,19917900.0
2021-06-15,139.43301837543535,139.62877737254018,137.1462171127516,138.08050537109375,24485500.0
2021-06-16,137.68014730690933,140.25169485858328,136.2386610241617,139.0504608154297,25321200.0
2021-06-17,139.7889893309087,140.1093210910895,134.58360162232225,135.0373992919922,29722400.0
2021-06-18,132.8484851870093,133.20440335275492,131.3002126534596,131.62054443359375,43595700.0
2021-06-21,132.6526939115442,134.53908417127158,132.59930755738654,133.8539276123047,18664800.0
2021-06-22,134.0052280588285,134.33445301267932,132.27899659097162,133.658203125,14251200.0
2021-06-23,133.6493034094403,135.28654864134094,133.55142388050018,134.46792602539062,12733300.0
2021-06-24,135.17978886976073,136.24755701130152,134.55692525197932,135.70477294921875,13733200.0
2021-06-25,135.77593107009187,137.4754692560417,134.9573085458818,137.07505798339844,15484900.0
2021-06-28,136.7636195626077,137.45766938973279,135.35771992941932,137.32420349121094,14125800.0
2021-06-29,137.92037226535405,139.0860196908247,136.6835385023287,137.15513610839844,14528700.0
2021-06-30,136.80811176744638,138.8813680336011,136.7725253872239,138.40086364746094,12531000.0
2021-07-01,139.04152940725274,139.82456555913706,138.29409321358452,139.77117919921875,10479400.0
2021-07-02,139.56533581879384,139.89647158916992,138.8225369310208,139.63693237304688,11424000.0
2021-07-05,,,,,
2021-07-06,139.41318535958212,139.41318535958212,136.34356019307936,137.2921905517578,15083400.0
2021-07-07,136.03932175101275,138.07083186716898,135.62765851950547,137.4533233642578,12271800.0
2021-07-08,135.68130127558257,136.50464108318843,134.27624464406344,135.08169555664062,17834600.0
2021-07-09,136.97006790105692,139.7443635431894,136.54944654967076,139.404296875,13694500.0
2021-07-12,138.13345069981688,142.43809296967626,137.7665234668581,141.39996337890625,19940400.0
2021-07-13,139.65487312798012,140.8540850145573,137.37278183861898,139.29689025878906,22671700.0
2021-07-14,139.5653545293471,140.7556217990376,136.88054483533344,138.8225555419922,14622800.0
2021-07-15,137.73071867649472,140.08440598642468,137.55173411179726,139.1268310546875,11539300.0
2021-07-16,139.5743252471354,139.86069787277094,135.15333603325655,135.9498291015625,14002700.0
2021-07-19,132.94280979595786,134.07938288895875,130.40119360468884,131.52880859375,22172900.0
2021-07-20,131.1261072492411,135.242807189609,130.95606711968225,133.98095703125,15385200.0
2021-07-21,136.07513697922562,137.50702760067836,135.45762843042016,136.80003356933594,12356700.0
2021-07-22,136.81787547898188,137.31903765711593,134.21360738655835,135.07273864746094,9913300.0
2021-07-23,135.56500648450793,136.78212093368484,134.4642381752741,134.81326293945312,9666100.0
2021-07-26,134.4105176422135,135.99455910052043,134.3926150882963,135.7171173095703,8208000.0
2021-07-27,134.59844564719958,136.46887333146748,134.06149193456628,135.5381317138672,11218700.0
2021-07-28,136.2898346684318,136.7194138978614,135.0279849419572,135.76182556152344,9217300.0
2021-07-29,137.05058354027327,137.70388340209826,135.94981540077262,136.92529296875,9063500.0
2021-07-30,136.54943287128205,137.52491052224934,135.31441595001937,135.83348083496094,9805200.0
2021-08-02,136.0572131777107,138.22295815834343,135.19808167010635,135.28756713867188,10203200.0
2021-08-03,135.98561591750774,137.21168836589356,133.8109264977791,136.8268585205078,10394800.0
2021-08-04,135.3591183973631,137.2563790259199,135.0548433259237,135.3501739501953,10155000.0
2021-08-05,136.2809341224037,137.54279791100782,136.0392974349662,137.0595245361328,9151500.0
2021-08-06,138.88518321517677,141.238870335867,138.81358666392487,140.95248413085938,13328800.0
2021-08-09,140.97040939235566,141.8921929477951,139.52060289332672,140.8003692626953,9516900.0
2021-08-10,140.2723426333059,143.17192796160063,139.88751286286342,142.52757263183594,8667000.0
2021-08-11,143.18983671505433,144.53224143425797,142.3664967926204,144.22796630859375,9156500.0
2021-08-12,144.87231796504997,145.31082808917265,143.6820508390875,144.79176330566406,8844200.0
2021-08-13,144.79178433071127,145.12292015357872,142.80503767174952,143.1719512939453,8980900.0
2021-08-16,142.24121213310073,142.3217531422392,140.30814597989212,142.2322540283203,8755800.0
2021-08-17,141.01515296902156,142.16961506280526,138.95679625710312,140.51397705078125,9347200.0
2021-08-18,139.88749157324403,141.40888055978422,139.0194022654166,139.23419189453125,8065500.0
2021-08-19,137.06846113281264,139.21630301224346,136.9342124805697,138.07078552246094,9517700.0
2021-08-20,138.13346219631427,138.62566637515656,137.06848551504825,138.46458435058594,6974100.0
2021-08-23,139.01049828257183,140.58558172096613,138.929957269076,140.23655700683594,7934600.0
2021-08-24,140.50502372917376,141.89217796845736,140.38867761997327,141.10462951660156,7670900.0
2021-08-25,141.8563983269616,144.7828448898317,141.22100097568634,144.01319885253906,11335000.0
2021-08-26,145.21240945928335,146.6174664920501,144.21902927570622,144.75599670410156,11027500.0
2021-08-27,144.75596772586024,146.01783137102655,144.31744395860244,145.9193878173828,8780200.0
2021-08-30,146.0625961603082,146.31317729469612,143.0824558952867,143.5836181640625,7937600.0
2021-08-31,143.5836349482482,144.41591945854475,142.60815729994928,143.14511108398438,12340800.0
2021-09-01,143.3867076913142,143.86996732734016,142.2680372179115,142.93923950195312,8729900.0
2021-09-02,143.20775769588195,144.63070360398407,142.67973472675868,143.60153198242188,8813300.0
2021-09-03,143.53888169704652,143.98635000006814,142.42915538951934,142.7334442138672,7959700.0
2021-09-06,,,,,
2021-09-07,143.1809138466275,144.42487519435443,142.25913022629416,142.4828643798828,9285600.0
2021-09-08,142.1964673338787,142.81397573589658,141.43576580705857,141.84744262695312,7852700.0
2021-09-09,141.641595409479,143.93263053082376,141.47155529950248,142.46493530273438,7904300.0
2021-09-10,143.69100356768703,143.83419668635042,140.70191890773765,140.82720947265625,8311600.0
2021-09-13,141.87424726996812,143.23455423813226,141.46258422863622,143.06451416015625,10052800.0
2021-09-14,143.59256418818256,144.38905715743303,139.84277792480015,140.56768798828125,11685600.0
2021-09-15,140.25444118578736,142.01746708033116,140.03070707384674,141.54315185546875,11691500.0
2021-09-16,142.66179115692032,143.95050154423578,140.7018785808484,141.48046875,10880900.0
2021-09-17,140.84510115977088,142.30383826970998,140.5050209430954,141.1135711669922,25581600.0
2021-09-20,137.72176490536737,138.3213706671224,134.67898654453515,136.8894805908203,15819900.0
2021-09-21,137.39959694646763,138.31243598140617,136.54941001996025,136.90737915039062,8999900.0
2021-09-22,138.89414533598293,140.72876793526694,138.80465987726637,139.52955627441406,11236200.0
2021-09-23,141.39997322753604,144.72019379724995,141.1046425308514,144.24586486816406,12336100.0
2021-09-24,144.47855590919855,146.40266399071567,143.9236996291727,145.9104461669922,10102400.0
2021-09-27,147.6644923181069,149.81233401683977,147.31546770067172,149.43646240234375,13220900.0
2021-09-28,150.08085052072073,151.51275440398723,148.25518604242103,148.6310577392578,13387900.0
2021-09-29,148.74741698501208,149.36491176283107,147.700329155259,148.5147247314453,7777100.0
2021-09-30,149.38282915609153,149.4454812784745,145.68673629369786,146.4921875,13161200.0
2021-10-01,146.76958416628383,150.6178137993341,146.41161503301515,149.57073974609375,11285000.0
2021-10-04,149.42752474311808,152.53295499690296,148.31779874349704,149.4096221923828,14120000.0
2021-10-05,150.54408868443187,153.18204729645652,150.05790310334888,151.8495635986328,12292900.0
2021-10-06,151.24629187804948,152.24565773797187,149.4546320065325,152.1736297607422,8692600.0
2021-10-07,154.13637474817017,154.41547463551927,152.6418248001139,153.1370086669922,10195400.0
2021-10-08,153.07401096129482,154.26243864518432,152.42577268355993,153.2540740966797,8190100.0
2021-10-11,153.77627285818892,154.2174254965543,149.86884634100807,150.03089904785156,12154700.0
2021-10-12,149.22959164653278,150.0759034442872,148.34727271901542,148.8784637451172,13032600.0
2021-10-13,147.7170357506271,148.9234737229175,144.59289196144314,144.95301818847656,22753500.0
2021-10-14,145.62826658682724,147.66300589147187,144.10670784760313,147.1768341064453,15176800.0
2021-10-15,148.86948082399076,150.50807328775323,147.78007613915403,150.00389099121094,14267400.0
2021-10-18,149.88681471653086,151.8045204794378,149.3736341705584,149.94984436035156,12672900.0
2021-10-19,150.7151267476586,151.84053842808595,149.97686382902472,151.76852416992188,8053900.0
2021-10-20,151.52542545910353,153.8392646396114,150.7691521366139,153.812255859375,8185600.0
2021-10-21,153.7402296994104,154.253424005892,151.86754306572266,152.60581970214844,8415200.0
2021-10-22,153.08294771749,154.9376233678127,152.78583748157453,154.6585235595703,8817900.0
2021-10-25,155.49585390187224,155.72093618989433,153.48811000140367,153.9022674560547,10159200.0
2021-10-26,153.95629531900573,155.29779079112566,153.54213783661473,154.31642150878906,8015100.0
2021-10-27,153.34408925260362,153.68620503651383,150.66109811233576,151.10226440429688,9847000.0
2021-10-28,151.5254504684559,153.51517087659613,151.21934174996312,153.380126953125,7212900.0
2021-10-29,154.11838916447726,155.07274992448828,152.50680548836084,152.95697021484375,8140100.0
2021-11-01,154.89262887584727,155.15373203599853,152.16463251028517,152.8759002685547,7435500.0
2021-11-02,152.87589183811184,154.57751337564454,152.0835977929766,153.47911071777344,7173800.0
2021-11-03,153.17298544796628,154.07331449664568,152.2906530889501,153.53311157226562,8402700.0
2021-11-04,153.05598767183366,153.2360507920958,149.8958366367367,151.51641845703125,9574200.0
2021-11-05,152.06559505688523,153.1369889935984,150.7241133528773,151.30032348632812,7975600.0
2021-11-08,152.20068793094728,153.88429951406158,151.92158801480923,152.20968627929688,6413700.0
2021-11-09,150.67013118601722,151.6784957218987,149.99488413332446,151.05726623535156,7990300.0
2021-11-10,150.76013841669817,152.11063236561682,150.4360193194403,150.91319274902344,6999200.0
2021-11-11,150.8231789765712,151.86755059848315,150.26496542882586,150.90420532226562,5815300.0
2021-11-12,150.940196951262,151.02123702656985,149.20256805056079,150.22894287109375,8113400.0
2021-11-15,150.54405401936498,151.06623287445632,149.45464962499804,149.95883178710938,6492500.0
2021-11-16,150.40902091185345,150.41803299774602,148.66237975273228,148.8784637451172,9706100.0
2021-11-17,148.74339700831857,149.0585039936757,147.10479122790008,148.0771484375,9909600.0
2021-11-18,148.00511334112755,148.41927080859136,146.35750929328196,146.79867553710938,8122500.0
2021-11-19,145.22311095688562,145.95237545224163,143.55749634709818,144.8809814453125,12193600.0
2021-11-22,147.7980666982759,149.43665894167265,146.74468302653472,147.96913146972656,14549900.0
2021-11-23,149.0045013790761,151.7595068802208,148.88745417218593,151.50741577148438,12354400.0
2021-11-24,151.669494322358,152.55181327350454,149.8508251170698,150.31900024414062,9629800.0
2021-11-25,,,,,
2021-11-26,145.97937363562204,146.43853657472263,142.99028788250095,145.79029846191406,13619300.0
2021-11-29,147.03279734073098,148.35628270479586,143.8906564153545,145.1601104736328,12104400.0
2021-11-30,143.29640840022427,144.61989351221192,142.51311260178335,142.99929809570312,18922600.0
2021-12-01,144.9529935745702,146.9967445976775,142.07194303371804,142.15296936035156,12253400.0
2021-12-02,143.8996461644987,146.97877098935274,142.97230800399893,145.14210510253906,12969900.0
2021-12-03,145.40323243612474,145.700342856838,141.52281400385638,142.51316833496094,12681800.0
2021-12-06,144.96206452279745,146.4025973836619,143.56656462763817,144.19679260253906,11186500.0
2021-12-07,145.74531719144574,147.1048095420635,145.0970789710085,146.36654663085938,9851600.0
2021-12-08,146.44756440228076,146.9967658141746,144.20573954298916,144.69192504882812,11705700.0
2021-12-09,143.73756439299652,144.88998477505703,142.83723511089087,144.4668426513672,11189600.0
2021-12-10,145.2411342551404,145.58325005908668,143.2694108223978,143.89064025878906,10405400.0
2021-12-13,143.60251453097243,143.86360396724686,141.6037825086853,142.17999267578125,12069000.0
2021-12-14,141.75684877739045,144.85398383824779,141.62180487447787,143.2694091796875,12563600.0
2021-12-15,143.9176146968582,143.9176146968582,141.6667919067161,142.19798278808594,14014200.0
2021-12-16,144.40384930442008,145.69132764517468,142.8822902371365,144.42185974121094,19542800.0
2021-12-17,143.44045922231476,143.49447677793407,139.71308302937683,141.13560485839844,28082000.0
2021-12-20,139.10986018940912,139.2809249360233,136.7059828663048,138.5966796875,15148000.0
2021-12-21,139.92014670665364,141.51371929932012,139.63203480460876,140.53236389160156,11291300.0
2021-12-22,140.22629388350407,141.40572311392486,139.76713086845078,141.08160400390625,7273000.0
2021-12-23,141.90090567149701,143.26039800859007,141.54077943614138,141.58578491210938,8055200.0
2021-12-24,,,,,
2021-12-27,141.8919054285471,142.43209477436486,140.75748170025307,142.39608764648438,6188100.0
2021-12-28,142.43211517599764,144.18775484276543,142.32408003894642,142.82826232910156,6342300.0
2021-12-29,143.01731351504574,143.7195692637006,142.38707202036107,142.75621032714844,6398900.0
2021-12-30,143.2513547603433,144.26873097634314,142.5851063220352,142.68414306640625,6948200.0
2021-12-31,142.65717862029035,143.41345195524028,142.2160260438705,142.56715393066406,5805900.0
2022-01-03,143.92664925981944,146.42956373325202,143.61152849473027,145.583251953125,13120900.0
2022-01-04,147.93310149850686,151.77751136292648,147.8610735077009,151.10226440429688,20195800.0
2022-01-05,151.99895425988447,152.48804025212243,148.2945241652947,148.33981323242188,17539400.0
2022-01-06,151.17474545928786,151.59137172259832,148.42133039794152,149.91578674316406,14047500.0
2022-01-07,150.0516017969025,151.73625245188626,149.49910846864762,151.40113830566406,13913300.0
2022-01-10,153.13110204913156,153.34846744499623,149.92482425730716,151.54608154296875,12922500.0
2022-01-11,152.39747240595116,152.63297004279735,150.63130923102395,151.7000732421875,11854100.0
2022-01-12,152.57860422907004,153.60206518570928,151.41926226337432,152.56048583984375,12568000.0
2022-01-13,152.46991544955668,153.8013338094661,152.06234150311718,152.3702850341797,13623400.0
2022-01-14,145.604494903365,145.84904477308868,142.10839227583585,143.00506591796875,40158400.0
2022-01-17,,,,,
2022-01-18,141.0939896571969,141.0939896571969,136.34798062747797,137.00917053222656,32324800.0
2022-01-19,137.28086942695833,137.87863796586007,134.5455735757829,134.88973999023438,22380000.0
2022-01-20,134.944119168827,136.41139083864852,133.46778139419612,133.739501953125,14860800.0
2022-01-21,133.59458040591872,133.60363269030591,130.66908939620012,131.40272521972656,20705400.0
2022-01-24,128.8666715487638,131.7649914758383,126.41216225906928,131.2849578857422,28471400.0
2022-01-25,130.10753854930456,133.0058728985882,127.51716155332298,132.71603393554688,18915900.0
2022-01-26,134.6995744227536,136.37517308317348,132.1997755898567,133.97499084472656,20709100.0
2022-01-27,135.33355679918435,136.20305970863993,130.54227306454868,131.61102294921875,17536800.0
2022-01-28,130.59664252273646,132.92435130540036,128.76707201577858,132.7884979248047,14117000.0
2022-01-31,131.90994141655815,134.7629729469696,131.03138604212006,134.5908966064453,13985700.0
2022-02-01,134.67241892187636,137.19033642850434,134.31918628807702,136.90049743652344,14584900.0
2022-02-02,136.31176980375858,136.7102914748952,134.11086214763958,135.8045654296875,12441100.0
2022-02-03,135.85895029585325,137.3533932209928,134.3101521815542,134.68150329589844,12474900.0
2022-02-04,135.0437620768103,139.0289512422871,134.7448708163571,138.1775665283203,16654400.0
2022-02-07,138.82063829913594,139.13763413073667,136.62878287321362,138.63949584960938,12572300.0
2022-02-08,140.3875487887437,143.5394718209018,140.2064063285569,141.24798583984375,20411400.0
2022-02-09,141.827634334261,142.58844087515521,141.13023524858244,141.83670043945312,9131100.0
2022-02-10,141.8910574668332,144.03762395162832,140.5868096410343,141.24798583984375,16455600.0
2022-02-11,140.94002672135727,143.27680151464654,138.54891057803744,139.4093475341797,16830000.0
2022-02-14,138.33150109475648,139.19193786266038,136.14871236446032,138.1141357421875,17026500.0
2022-02-15,139.94374832877952,141.2389439641325,139.34597954813222,140.1339569091797,9500000.0
2022-02-16,139.24633283647256,141.38384694302633,139.24633283647256,140.38754272460938,9076500.0
2022-02-17,138.57606430638256,139.23724035136843,136.46572127648565,137.15406799316406,11367500.0
2022-02-18,137.78805160036987,139.60855523499285,136.88232592379143,137.79710388183594,11733300.0
2022-02-21,,,,,
2022-02-22,136.4023501591332,138.7934664046346,136.2302599964942,137.5526123046875,11333500.0
2022-02-23,138.68476883944018,138.84780671555845,134.0202851937096,134.6724090576172,11799000.0
2022-02-24,129.4644946182167,131.32123593995007,126.60239674414953,130.92271423339844,25655100.0
2022-02-25,131.55668809723716,135.97663494943103,131.24874460547758,134.020263671875,18367700.0
2022-02-28,130.0169508072347,131.38459188937176,127.59866440384116,128.4319305419922,31315300.0
2022-03-01,126.83787223053751,127.23639391091335,120.98688958220644,123.58631896972656,36840400.0
2022-03-02,124.3471210915743,126.83786768436599,123.73123402236504,126.14952087402344,19405600.0
2022-03-03,126.65674700998353,127.68927431309756,124.13882930905135,125.25286865234375,16640800.0
2022-03-04,122.21866825923446,122.65341286816108,119.91811648725546,121.72956848144531,21016000.0
2022-03-07,119.70981881609407,120.18080026500294,116.79337962370448,117.02887725830078,27560100.0
2022-03-08,117.4183281352932,119.36563367382159,115.27175484394887,116.20465850830078,19207800.0
2022-03-09,120.37099233309478,122.49040189591746,119.95436606932215,120.86009216308594,17536200.0
2022-03-10,119.42903900146484,120.8691401221319,118.03422694792151,119.42903900146484,15604200.0
2022-03-11,119.99965605051455,121.43975723368114,116.31334418713007,116.7390365600586,20061800.0
2022-03-14,117.25530343389914,120.38910790558103,117.04697648660766,117.89836120605469,15786900.0
2022-03-15,119.37468305567327,120.95970346925697,118.76784832719213,119.99057006835938,15096600.0
2022-03-16,122.15528109107427,125.434019142824,121.75675937492801,125.35249328613281,20354900.0
2022-03-17,123.95765993503443,126.97372914967754,123.10627529050502,126.93749237060547,17050500.0
2022-03-18,126.9737086646122,127.57149104032248,125.40680681944404,126.89219665527344,23656500.0
2022-03-21,127.11863067291476,127.48996777412881,125.65134537391614,126.48461151123047,12676100.0
2022-03-22,128.8576562564357,130.36115108065087,128.3595041368387,129.17465209960938,13548600.0
2022-03-23,127.68927036300892,128.2417638742679,126.0770789013584,126.60240173339844,12093200.0
2022-03-24,127.07336499570722,127.44471598552568,125.99554880687354,127.42659759521484,10017600.0
2022-03-25,127.78886473621459,129.68182856252497,127.52621030444831,128.54061889648438,8383500.0
2022-03-28,126.80163768504003,127.68019299462321,124.89960759165174,127.58961486816406,10818100.0
2022-03-29,129.83582170854714,130.06225319822352,127.01901342416176,127.8703842163086,11316500.0
2022-03-30,128.5225059151656,128.72176672845208,126.72012013173028,127.29071807861328,8771000.0
2022-03-31,126.64769127507051,127.11867275041885,123.41424223318555,123.46859741210938,17353900.0
2022-04-01,124.44674357503456,124.45580967977484,121.18613835358394,122.55377960205078,15721300.0
2022-04-04,121.47597918725077,124.03013340359544,120.36193996238805,123.09723663330078,17416400.0
2022-04-05,122.33075600287454,123.54428814258328,121.36355855199656,121.66466522216797,12110300.0
2022-04-06,120.05880079050041,120.9529876744558,119.49309271001968,119.9766845703125,12914700.0
2022-04-07,119.48396860147102,120.36903617000017,117.45835147790163,119.61170959472656,12994200.0
2022-04-08,120.1409353753686,122.17567203759488,119.97670290988829,121.80158233642578,13126900.0
2022-04-11,121.35446166992188,123.08809126754592,120.96211934141478,121.35446166992188,10466400.0
2022-04-12,120.5697700577985,122.79612494397738,119.25585478577662,120.02230072021484,12989900.0
2022-04-13,115.82507803073275,117.93281115133374,114.9765089757155,116.15355682373047,30838000.0
2022-04-14,115.42361359258999,117.06600771679217,114.07319987253908,115.07688903808594,18835200.0
2022-04-18,114.66628368678744,117.92369976514571,114.54766904402372,117.21199798583984,11834400.0
2022-04-19,117.20287911286545,119.82159057366671,117.00214126088136,119.63909149169922,15015400.0
2022-04-20,120.91649516317545,121.81980142281215,119.83980923567107,120.05879974365234,13430200.0
2022-04-21,120.64275815476269,121.18109414664883,118.58064978838787,119.12810516357422,12174200.0
2022-04-22,118.87263328891018,119.09162381119708,115.59697837502313,115.70646667480469,14318800.0
2022-04-25,114.97651096817054,115.98931943723784,112.33043485043942,115.66996002197266,17149000.0
2022-04-26,113.72646852732866,115.34149047992011,112.11145353609875,112.2483139038086,17209500.0
2022-04-27,111.61873737472287,112.74103417868942,110.6059288669316,110.78841400146484,17215200.0
2022-04-28,112.05669898450658,112.82315182693868,110.5329266056911,112.54029083251953,13015600.0
2022-04-29,112.27568705545087,112.78665096509044,108.4890616101574,108.90878295898438,14874800.0
2022-05-02,109.38326051857548,110.14058708345043,107.86861435018751,109.90335083007812,18545000.0
2022-05-03,110.88879438380359,113.29763460788465,110.20446461647687,112.25745391845703,15720900.0
2022-05-04,112.04759068630582,116.24481164214498,111.99283957412602,115.97107696533203,17128500.0
2022-05-05,114.28307315180808,115.05864550946801,111.46363780233125,113.06952667236328,15055400.0
2022-05-06,112.96002839592614,113.40712186313881,110.56943407156591,112.88703155517578,14417900.0
2022-05-09,111.41800554099592,112.53118302104582,109.94897715651854,111.18989562988281,14312300.0
2022-05-10,112.33042270583253,112.94175547454857,107.26638090799507,108.47992706298828,16382400.0
2022-05-11,108.85405715486286,112.12971228104885,107.61313862692595,107.79562377929688,14630300.0
2022-05-12,106.75543815727502,107.95985820674878,105.26816404630246,107.70437622070312,16318800.0
2022-05-13,108.95442481756271,109.72087080229535,107.6313831133996,108.66243743896484,10443200.0
2022-05-16,108.160595204282,109.00003799803468,106.96530150966979,107.90511322021484,10269000.0
2022-05-17,110.44170706970533,112.20271604802997,110.23184286630668,111.48188781738281,11160200.0
2022-05-18,110.67893298698651,111.29026588539097,109.06391089853038,109.57487487792969,12664900.0
2022-05-19,107.841241070831,109.17340208258717,107.33027014916865,107.95072937011719,12765800.0
2022-05-20,109.00001747934542,109.19162893132594,104.94878403358422,107.06564331054688,13150100.0
2022-05-23,109.9124651888789,115.48747128628357,109.90333884437781,113.6899642944336,24376700.0
2022-05-24,113.47099623636282,116.32692985504482,112.33044666576684,115.2958755493164,19324900.0
2022-05-25,115.22285956980215,116.66451565833144,114.21005116241166,116.09880065917969,12780400.0
2022-05-26,117.12985371013788,118.79050027667014,116.98387397196683,118.10617065429688,15990900.0
2022-05-27,118.76315420980539,119.77596282958984,117.83246182123254,119.77596282958984,11177800.0
2022-05-30,,,,,
2022-05-31,118.78138199733951,121.49132875857123,118.352548188641,120.65188598632812,17015000.0
2022-06-01,121.23583985046734,121.23583985046734,117.40359648400639,118.53502655029297,10768000.0
2022-06-02,118.52587302505025,120.4511207246352,117.40357645635429,120.44200134277344,8374800.0
2022-06-03,119.72120984172922,120.23217380631054,118.60803238058115,118.76314544677734,8596000.0
2022-06-06,119.61170702030299,120.79788131655943,118.12443989999359,118.37078857421875,11323500.0
2022-06-07,117.54960011132026,118.90914018269892,117.35798166154213,118.6810302734375,6722200.0
2022-06-08,117.70471411943436,118.11530917484106,115.78859225859969,116.79227447509766,8422100.0
2022-06-09,116.21743705500437,116.8835210414605,114.30130828144978,114.33780670166016,13560100.0
2022-06-10,111.8559869558452,112.5950678959576,108.87231200047333,109.0821762084961,12945200.0
2022-06-13,106.6276872256484,107.62224300167676,104.98529323792286,105.8338623046875,16805600.0
2022-06-14,105.43238530417366,107.04740013005195,103.3063996328349,104.07284545898438,13357900.0
2022-06-15,105.49626081869884,106.709800101285,103.26077979647572,105.30464935302734,14083500.0
2022-06-16,103.89036563450064,104.25534283944666,102.0746129156297,103.49801635742188,16724900.0
2022-06-17,103.59838750223523,104.59294327181658,102.33922342738217,103.13304138183594,30919900.0
2022-06-20,,,,,
2022-06-21,105.72438752144076,106.78281392326195,104.96706092137282,105.6878890991211,11680500.0
2022-06-22,104.82106055776408,106.02548057217425,104.3739670952002,105.09479522705078,9842700.0
2022-06-23,104.93967688687427,105.09478994303568,101.71876631883785,103.94511413574219,11851500.0
2022-06-24,103.31554195662126,107.5036365001956,102.95056471380178,107.04741668701172,14841100.0
2022-06-27,107.72261124977733,108.12408688017479,105.51450920531398,106.18971252441406,11280500.0
2022-06-28,107.36676087059284,108.8449154572212,105.47801126835951,105.67874908447266,11590900.0
2022-06-29,105.84300493058706,106.59120520422809,104.68420957753614,105.20429992675781,9338400.0
2022-06-30,103.26079614266325,104.09111958670779,101.21693322392922,102.74983215332031,15172600.0
2022-07-01,102.78631916895507,104.40133414825277,101.42678615597688,104.06373596191406,10573600.0
2022-07-04,,,,,
2022-07-05,101.96497247138885,103.75076556994625,100.61182757102489,103.66792297363281,12514200.0
2022-07-06,102.84866310275143,104.00850152261526,101.98338080160347,102.99594116210938,10656200.0
2022-07-07,104.47795855174515,105.76667486357913,104.38590889152962,105.60098266601562,10347400.0
2022-07-08,106.00602661918255,106.4570749427177,104.57923207646482,105.26961517333984,8807800.0
2022-07-11,104.5239943615446,105.14994192784845,103.2997134266807,103.88883972167969,7939500.0
2022-07-12,103.63109842733463,106.02442489207306,103.33653527818129,103.99009704589844,11250900.0
2022-07-13,102.86708105210512,103.53905702065991,101.6059787382415,103.01436614990234,12979900.0
2022-07-14,99.40594643018913,99.62687405004625,97.62936053573827,99.41515350341797,26204800.0
2022-07-15,100.48294297714064,104.82774721840833,99.11137709236226,103.97167205810547,18863900.0
2022-07-18,105.64701831691312,106.6319645630104,102.44364476002882,102.90390014648438,13977900.0
2022-07-19,104.13736670181247,105.80349574424046,103.71393264802282,105.45369720458984,11862300.0
2022-07-20,105.0302681546944,105.6193944335073,104.45955602249771,105.43529510498047,11667500.0
2022-07-21,105.34324293654501,106.34659619216161,104.35829680416785,106.15328979492188,11595900.0
2022-07-22,106.07965095596546,107.00936872811228,104.63444943986681,105.63780975341797,7645500.0
2022-07-25,106.63196094445313,107.20268013254899,105.64701473178002,106.06124877929688,9394000.0
2022-07-26,105.47212323167749,106.39263398002949,104.04532876255603,104.40432739257812,10675100.0
2022-07-27,104.9474191051655,106.53989856544341,104.29385739929516,106.07964324951172,9337400.0
2022-07-28,106.08884955426419,106.760825400753,104.50557015525052,105.68382263183594,10384800.0
2022-07-29,106.40182276979742,107.2394908331529,105.66541846281808,106.19010925292969,12944500.0
2022-08-01,105.39847207027674,105.95998414270461,104.0821415268221,105.13152313232422,14740400.0
2022-08-02,104.86456263046696,105.30641079492487,103.34571878274943,103.49300384521484,14942900.0
2022-08-03,104.43193854635965,105.03027191993033,102.83025185735183,104.5792236328125,14394500.0
2022-08-04,103.87962184483087,104.31226295899486,102.19508572825393,103.42857360839844,18033900.0
2022-08-05,103.58508131577175,106.95415428358707,103.14324005559477,106.55833435058594,14174600.0
2022-08-08,107.0093628718229,107.42358985440924,105.10390611063575,105.26039123535156,10332500.0
2022-08-09,105.62860737361359,106.77003872434328,105.2788158208089,106.20852661132812,10233800.0
2022-08-10,108.58344341613913,109.8813668990951,108.16000932875376,108.97926330566406,12847300.0
2022-08-11,110.36923595036457,111.56589566411976,109.82613097748522,110.59015655517578,11684900.0
2022-08-12,111.07801426769461,112.53242272543869,109.94579014367082,112.42195892333984,9906700.0
2022-08-15,111.51066469258984,112.96507327178844,111.01358807604326,112.72573852539062,8456200.0
2022-08-16,112.5692458714735,114.36423879216966,112.18263309208338,113.80272674560547,9555000.0
2022-08-17,112.57845603916223,113.37009576516569,112.01694397716119,112.84539794921875,8149300.0
2022-08-18,112.52323707660837,112.73495764854013,110.96757861609235,111.97093200683594,9531800.0
2022-08-19,111.03200137371968,111.37258583255228,108.72151758751467,109.20018005371094,13464500.0
2022-08-22,107.4696310105106,107.84704379235089,106.3189925628606,107.39598846435547,8967600.0
2022-08-23,107.41438988175058,107.96669486657618,106.20851615593294,106.33738708496094,7607000.0
2022-08-24,106.12568373679417,107.1566582907383,105.35245106560117,106.59514617919922,9771300.0
2022-08-25,106.92653618165431,109.30144867007617,106.48468791465724,109.12655639648438,10758900.0
2022-08-26,109.96420138417629,110.45207090490814,105.4905190642391,105.5549545288086,11276200.0
2022-08-29,104.93822731527347,105.72986713580282,104.44115065892203,105.29722595214844,8117300.0
2022-08-30,105.85872597050883,106.3926238391698,104.34908904893844,105.31562805175781,10745400.0
2022-08-31,105.38007269179718,105.88634938544901,104.33068398623134,104.68968963623047,10738300.0
2022-09-01,104.28466012609869,105.5181411176942,103.01435786301593,105.40768432617188,9979800.0
2022-09-02,106.65957878788491,108.11398037623168,104.19260979741526,104.67127227783203,10666600.0
2022-09-05,,,,,
2022-09-06,105.24198801122071,105.62860081234875,103.1616319024369,104.69888305664062,9751900.0
2022-09-07,104.1373836208031,106.88050887764474,103.79679912162675,106.68720245361328,10647900.0
2022-09-08,106.11648140118835,109.34747619951865,105.51814799069165,109.17257690429688,11435000.0
2022-09-09,109.66962854343802,110.50729653158622,109.23698745267475,109.6972427368164,9299700.0
2022-09-12,111.03200712411736,111.88808238658153,110.26798153034986,110.99518585205078,8614600.0
2022-09-13,108.68468747632625,109.4671200904872,106.57671733600363,107.13822937011719,12904600.0
2022-09-14,107.4235926959994,108.47297430105287,105.74826355258604,106.88970184326172,9345700.0
2022-09-15,106.88970893800455,109.89056887370106,106.55832451199862,108.50060272216797,10821400.0
2022-09-16,108.05875543569121,108.0679625095338,106.19932682704537,107.77339935302734,14844100.0
2022-09-19,106.7792486157195,109.29224609133811,106.32820030781761,108.7675552368164,8201300.0
2022-09-20,108.07717329513873,108.33491518806623,105.52735451952064,106.62276458740234,9619000.0
2022-09-21,107.27631949331635,107.33154788883685,103.48381282192858,103.54824829101562,12606300.0
2022-09-22,104.36749389218319,104.57000735676448,102.24111655995739,102.36998748779297,11684500.0
2022-09-23,101.30221438639425,101.56915633303487,98.64193878777365,100.46454620361328,18138600.0
2022-09-26,99.41514758080896,100.89717025009871,97.629354719517,98.30133056640625,15753600.0
2022-09-27,99.18502981230102,99.5716426281521,96.3314479925907,97.4360580444336,12793600.0
2022-09-28,97.52811719394664,100.08714313671499,97.24276109111317,99.40596008300781,12762600.0
2022-09-29,98.44861756837865,98.75238778800839,96.10131947300002,97.72142028808594,12713900.0
2022-09-30,97.62936917523983,99.06537073963037,96.10132496217244,96.19337463378906,15973400.0
2022-10-03,97.22434025639544,99.74653754555945,96.15654449980768,99.16661834716797,12248100.0
2022-10-04,101.81769259786876,104.00850561111454,101.12730954907546,103.80599212646484,16013600.0
2022-10-05,101.92993291952098,103.04442593490099,101.07548780201138,102.52433013916016,10943500.0
2022-10-06,101.66059171111097,102.33857977832898,100.24890013952796,100.43464660644531,11521400.0
2022-10-07,99.85882174101182,100.03528584554235,97.76914209134485,98.42855834960938,11681100.0
2022-10-10,99.12510275804142,99.66377026511873,97.07256705376128,97.50907897949219,8931700.0
2022-10-11,96.93326671657108,97.091151907891,94.5928217626463,94.69498443603516,12739700.0
2022-10-12,94.54638824207049,97.2676155318348,94.06343613639491,96.2274169921875,13181000.0
2022-10-13,94.71356766606465,102.0692379719777,94.50924230993819,101.5770034790039,22398700.0
2022-10-14,103.98245804745147,107.02874545592672,102.83081436307575,103.26732635498047,33387100.0
2022-10-17,107.18664299663575,108.67263606308502,106.17430557007809,107.60457611083984,22276300.0
2022-10-18,111.13380946123728,111.57960381268292,108.62618966270502,110.37223052978516,21539700.0
2022-10-19,109.58279274480604,110.36294345519173,107.42810124273932,108.208251953125,17072000.0
2022-10-20,108.81194629390697,110.2514991565068,107.40953705683444,107.85533142089844,12207400.0
2022-10-21,108.16181949834981,113.6692866774312,108.0410850009257,113.52069091796875,20593300.0
2022-10-24,113.37209449038379,114.32870233197761,112.68482400669656,113.66000366210938,12624200.0
2022-10-25,113.16775079154587,114.4865690182181,112.27615507129818,113.95718383789062,11289100.0
2022-10-26,114.23581449610772,116.27905387229795,114.12436237011123,115.2667236328125,11667000.0
2022-10-27,116.27904818901251,117.20779460293681,115.35959122324385,115.7218017578125,10727600.0
2022-10-28,116.36264867495325,117.28210571676807,115.21100501045373,117.09635925292969,11859500.0
2022-10-31,116.7434317315397,118.35016628761669,116.64126905010151,116.91060638427734,13295200.0
2022-11-01,117.83007254722781,119.13960144475571,117.3285485803745,119.01885986328125,13386900.0
2022-11-02,118.55449101264836,121.07139315337622,117.61645507256875,117.92294311523438,16546100.0
2022-11-03,117.30995951660263,119.04671080892807,116.93846661255358,118.13654327392578,12474400.0
2022-11-04,120.26338726777169,121.50790415467262,119.30677952335043,121.36858367919922,14953200.0
2022-11-07,121.66579824249222,122.86387505840675,121.18284606769475,122.00942993164062,12011200.0
2022-11-08,121.88868852883078,122.65025324443481,120.86706177083578,122.0837173461914,9884100.0
2022-11-09,121.96299610884148,122.06514461825732,120.01262280738962,120.49557495117188,9494000.0
2022-11-10,123.17965204873923,125.61296332841313,123.08677173070947,125.455078125,16351600.0
2022-11-11,125.55724588399028,126.46741351699414,124.24770987316342,125.65940856933594,10704700.0
2022-11-14,125.19501480227684,126.05874213294862,124.3684310913086,124.3684310913086,11085600.0
2022-11-15,125.08356189710051,126.04018375405263,122.22303537493428,123.4675521850586,14038300.0
2022-11-16,123.52329005730299,124.04338585325455,122.62240477804848,123.63473510742188,7893400.0
2022-11-17,122.59452960756681,123.42111336911962,121.92583103962004,123.0960464477539,8820200.0
2022-11-18,124.98142380109464,125.07428994853335,122.85458637162606,124.30342864990234,9468500.0
2022-11-21,124.21054705310362,124.97211172218412,123.2910830270776,123.56970977783203,7800500.0
2022-11-22,124.45203283487275,125.63154487529617,124.16412368307545,125.41792297363281,9185700.0
2022-11-23,125.32506940757517,126.77391184694969,125.25076797843435,126.75533294677734,7316200.0
2022-11-24,,,,,
2022-11-25,126.75532773541937,127.36830387196808,126.36525587712873,126.99681091308594,3220500.0
2022-11-28,126.37455247149344,126.96894970891061,124.62850438652825,124.77710723876953,9906900.0
2022-11-29,125.06499262526546,126.90390651453048,124.83280602712182,126.82960510253906,7925300.0
2022-11-30,126.39310598308394,128.3341827392578,123.69974684007548,128.3341827392578,14761200.0
2022-12-01,128.33419666123606,128.78000522676064,125.78014354555475,126.53244018554688,8858500.0
2022-12-02,124.90709956693408,125.70582198107114,123.83903277986026,125.52935791015625,8931900.0
2022-12-05,124.67494217101027,124.9814302335809,121.29430529052354,122.00942993164062,10154500.0
2022-12-06,123.88547613724896,125.48292100686781,120.61628498877958,122.21372985839844,13966700.0
2022-12-07,121.95369337877337,123.59757855382638,121.04352583105502,122.13015747070312,11739400.0
2022-12-08,122.90102892491466,123.5047084954389,122.06514855240347,123.4118423461914,8907300.0
2022-12-09,122.78029243063985,124.229134797181,122.59454595289957,122.74314880371094,7957800.0
2022-12-12,122.9660212719372,125.05570073278501,122.22303546753908,124.64706420898438,8841600.0
2022-12-13,127.13610436724186,127.32185082789069,123.5975825657366,124.52632904052734,10025400.0
2022-12-14,124.247714947811,126.0402031963504,123.30038947878215,123.90408325195312,9966100.0
2022-12-15,121.8050903356667,122.66883189689494,119.85473130821691,120.82991790771484,12087800.0
2022-12-16,119.94758990358301,120.64414969203946,119.2788913729412,120.0776138305664,21133700.0
2022-12-19,120.41198851588842,121.9722901406274,119.89189269815816,120.79277801513672,9017200.0
2022-12-20,121.63792415500825,122.64097202542649,120.92278541774274,121.37787628173828,8549900.0
2022-12-21,122.76171353140147,123.50471361391043,122.38093821207565,122.74314880371094,8051700.0
2022-12-22,121.75867209066524,121.94441855677087,119.2603417326357,121.35002136230469,8648200.0
2022-12-23,121.27571496529464,122.07443749116744,120.40269102171897,121.92583465576172,5091900.0
2022-12-26,,,,,
2022-12-27,122.19517267130234,122.79885217266832,121.24784735960202,122.35305786132812,5411000.0
2022-12-28,122.45523073517002,123.90407299638251,121.67507291090058,123.02176666259766,8827700.0
2022-12-29,123.45827853620783,123.77406315007451,122.88246018003359,123.72762298583984,6585200.0
2022-12-30,123.34680062837731,124.75849905015316,123.00316901334723,124.54489135742188,9292500.0
2023-01-02,,,,,
2023-01-03,125.60368486637957,126.99680465081416,124.34987139176953,125.49222564697266,11054800.0
2023-01-04,126.3002497357835,127.86981951733303,125.91017788135571,126.66246032714844,11687600.0
2023-01-05,126.92443526838173,126.97121846854928,125.09063946590297,126.6343994140625,8381300.0
2023-01-06,127.36417099427895,129.4692865048809,125.82977625982267,129.0576171875,10029100.0
2023-01-09,129.6750831540953,129.9370518654188,128.06583862669433,128.52427673339844,8482300.0
2023-01-10,128.91724118386162,129.78736284033732,128.46815396425578,129.6750946044922,9048700.0
2023-01-11,129.95577546123752,130.7510469312383,129.20730146150316,130.63877868652344,8703700.0
2023-01-12,130.98495156819632,131.78957398459286,130.2551794087002,130.50779724121094,11001700.0
2023-01-13,126.8682527998118,134.2501878448009,126.11976471100189,133.80108642578125,20200000.0
2023-01-16,,,,,
2023-01-17,132.079614171772,132.4257841296768,130.26453464158325,131.7334442138672,14292900.0
2023-01-18,129.9744928798542,131.667938876779,127.62612498856996,127.77582550048828,13392600.0
2023-01-19,126.60631602158657,127.14895538961885,124.98770601714655,126.07301330566406,13303400.0
2023-01-20,126.45660989560047,126.76536183170458,124.95028247921566,126.38175964355469,13092500.0
2023-01-23,126.41919233267363,129.0763266225046,126.13852170014526,128.43075561523438,10487100.0
2023-01-24,127.63547884614114,131.25627261937325,126.306918893886,129.53475952148438,6945000.0
2023-01-25,129.16051404114884,130.16160583496094,128.41202578967966,130.16160583496094,8967000.0
2023-01-26,130.44229479027035,131.04108255491334,129.4505538934766,130.9662322998047,7487600.0
2023-01-27,131.55563663263734,132.16377517533098,130.75101443430043,131.28431701660156,7489900.0
2023-01-30,130.26454211264664,131.06916460177803,129.9651553342081,130.17098999023438,6729300.0
2023-01-31,130.87265952233574,131.05042706561974,129.34761615229309,130.947509765625,9188700.0
2023-02-01,129.31023631771166,131.8083050350438,129.22602084652598,130.6013641357422,8841800.0
2023-02-02,130.98496612843212,131.41535158439459,129.1137523265974,129.99322509765625,11822100.0
2023-02-03,129.28215645636462,133.1649337131725,129.23538753167188,132.00477600097656,11501200.0
2023-02-06,131.20011823317122,133.0806967608367,131.01299975599014,132.7812957763672,8406200.0
2023-02-07,132.27608532515177,135.0454732778412,132.0889525563754,134.39990234375,10447900.0
2023-02-08,133.46430698343318,134.76479989043915,133.11813702889035,133.4549560546875,6958000.0
2023-02-09,133.90403455982894,134.1098691885691,130.86331259807156,131.37789916992188,6443100.0
2023-02-10,130.77913298433006,132.18254335197665,129.66575847513386,131.95799255371094,6582900.0
2023-02-13,132.2012256025161,133.53913629082413,131.67728815041716,133.3894500732422,7134600.0
2023-02-14,133.3239751597138,134.54961784014355,132.48193471130134,133.97889709472656,9249400.0
2023-02-15,132.4912716313343,134.62445386623963,132.20123582479755,134.54025268554688,6728300.0
2023-02-16,133.70753660356016,134.15662375396863,132.5567302585677,132.68772888183594,8165300.0
2023-02-17,131.90184526612273,133.63272359072488,131.05045391127624,133.08071899414062,7948800.0
2023-02-20,,,,,
2023-02-21,131.63051958477524,132.23865827861601,129.81544015534394,130.63877868652344,9996300.0
2023-02-22,129.97446848662258,130.45162271805646,128.58977470181972,129.6376495361328,11107500.0
2023-02-23,129.79673576300573,131.14401192635523,129.0576126247328,130.67620849609375,8068000.0
2023-02-24,130.15225984531403,132.25737510206838,129.9838432011359,131.8550567626953,9126900.0
2023-02-27,132.9590761821251,134.0818014299922,132.59419011966264,133.005859375,10014700.0
2023-02-28,133.73564520236226,134.5028353944571,132.76260608528156,134.11924743652344,11019800.0
2023-03-01,132.9497226227623,134.2221483521554,132.66903774729417,133.37074279785156,7139200.0
2023-03-02,133.08071167098598,133.25846496467713,130.554561979229,131.98605346679688,11106800.0
2023-03-03,132.39769310000972,134.4841062272695,131.9953890894574,134.4092559814453,9513100.0
2023-03-06,134.20343894537422,134.76479444821547,133.47366679832203,133.6233673095703,9261300.0
2023-03-07,132.8655237930372,133.14620870362913,128.935977873433,129.69381713867188,11747600.0
2023-03-08,129.1137237080717,129.66572823096433,128.0751997071969,128.92660522460938,10002500.0
2023-03-09,127.95356910029439,128.50558791162854,120.89910075644895,121.94697570800781,25888100.0
2023-03-10,120.655869486062,126.5501814071119,119.58927107615318,125.04385375976562,37599700.0
2023-03-13,122.76096000468358,125.25902815237642,121.07686510842294,122.79837799072266,42901100.0
2023-03-14,126.56888175853638,126.80278344929006,122.8358056346661,125.95137786865234,29648100.0
2023-03-15,122.54577479755473,122.55514000234989,118.56945303142079,120.00092315673828,34280600.0
2023-03-16,119.76701404940493,123.45330690155713,117.90515862923581,122.33058166503906,24558500.0
2023-03-17,120.11321089351937,120.2067630119433,117.37187542398125,117.70869445800781,38396000.0
2023-03-20,118.81269863718325,121.13300650727749,117.89580802374506,118.95304107666016,22875500.0
2023-03-21,122.18088112294035,123.24747223874427,121.80664413628934,122.14346313476562,17807800.0
2023-03-22,122.1528192414223,122.24638563016478,118.89691163560127,118.99047088623047,17250200.0
2023-03-23,119.6641036516477,121.18914007039585,117.90515840943861,118.67235565185547,16677600.0
2023-03-24,117.5402766956732,117.5870598897171,115.18255076099294,116.86664581298828,22311100.0
2023-03-27,118.62558961079075,121.04881498735799,118.1577862006077,120.21612548828125,18853900.0
2023-03-28,120.42194222967238,121.01136473104864,119.51439546861587,120.58099365234375,10820500.0
2023-03-29,121.72243798558222,121.83470622174822,119.54246551248572,120.82424926757812,14595300.0
2023-03-30,121.5820987599938,121.74115020017166,119.43020743905223,120.4593734741211,12134700.0
2023-03-31,121.31078370183562,121.94698948681693,120.55294446186731,121.9189224243164,13105200.0
2023-04-03,121.54468563587872,122.97616293101143,121.07688222501895,121.7785873413086,11775400.0
2023-04-04,122.09668329861232,122.18088448148947,119.20566181001996,120.15061950683594,11579900.0
2023-04-05,119.56598624089786,120.8389592920107,119.2453797054416,120.32977294921875,9614700.0
2023-04-06,119.7545741652316,120.77296124692943,119.62256182435962,120.19776153564453,8760200.0
2023-04-10,119.32083064839517,120.91441041212009,119.01908709602118,120.59381103515625,9477300.0
2023-04-11,120.98043141548253,121.58391855830105,120.2637877355852,121.18788146972656,10516300.0
2023-04-12,121.8101974082241,122.98888416618384,120.75409867733731,121.16899871826172,11821000.0
2023-04-13,121.13129566947629,121.67819370230855,119.59428342377058,121.63105773925781,12450200.0
2023-04-14,127.43962287635458,131.18313365129833,127.203885494498,130.8153839111328,43931300.0
2023-04-17,131.96576467936595,132.06948968813182,129.8064169001238,131.8526153564453,16050500.0
2023-04-18,132.2675153006867,133.69136370343526,131.0982528743348,133.33303833007812,13760100.0
2023-04-19,133.17276965325567,133.4273700771713,132.39011974882555,133.16334533691406,9158100.0
2023-04-20,131.9280693363475,133.36134223133274,131.86205596430952,132.77671813964844,10586200.0
2023-04-21,131.76777710440686,133.05961340138282,130.8625391931505,132.52212524414062,11842500.0
2023-04-24,132.44669268188136,133.0501797844417,132.05064123145874,132.70127868652344,7567500.0
2023-04-25,131.63575696444445,131.97521936257752,129.77814528414237,129.81585693359375,10629300.0
2023-04-26,129.7686936888759,129.94785637957352,126.35522141606036,127.51504516601562,14416100.0
2023-04-27,128.24113183804997,130.04216883395972,127.92053246163906,129.23123168945312,9041100.0
2023-04-28,128.76917001787882,130.4287701994448,127.92994561270648,130.35333251953125,9887300.0
2023-05-01,134.14399441044077,135.1906689599989,132.79558349441368,133.14447021484375,20415800.0
2023-05-02,133.3330479873309,134.28543615112628,130.53248693799773,130.99453735351562,14113400.0
2023-05-03,130.54195252085532,130.7588269127574,128.01483996393185,128.2222900390625,12930900.0
2023-05-04,127.26044160453425,127.9770778800645,124.2901427291917,126.46835327148438,17089200.0
2023-05-05,128.65601611604632,130.01386552966144,128.15625409412766,128.93890380859375,11261400.0
2023-05-08,129.64611330042985,130.09872496666,128.69372523382768,129.2500762939453,7484900.0
2023-05-09,128.1751052509304,129.13691766926044,127.49619491899472,128.6277313232422,7343600.0
2023-05-10,130.07987772969736,130.18360274790155,127.17559160824746,128.69374084472656,8133400.0
2023-05-11,127.2981541520112,129.00489006481587,127.20385346770398,128.2882537841797,7057300.0
2023-05-12,129.01432416604754,129.17462381304267,125.53483910783541,126.44950103759766,9988600.0
2023-05-15,126.60982178643413,127.92994521010141,126.31750977035537,127.51504516601562,7639500.0
2023-05-16,127.73193657095642,128.1845482702446,126.31751242094772,126.65697479248047,6477200.0
2023-05-17,128.1468368765931,130.68337344420397,127.73195116466597,130.55136108398438,12711500.0
2023-05-18,130.38161912395563,131.75831720696956,129.9007057157215,131.54144287109375,10999600.0
2023-05-19,131.81490006956594,132.47497620912503,130.2496148845783,131.2397003173828,13492200.0
2023-05-22,132.95589598597556,133.55938316527477,129.80644771864135,130.15533447265625,11402500.0
2023-05-23,129.69326924944642,131.09826919885072,128.6748964405192,128.79747009277344,9514900.0
2023-05-24,127.67534144585466,128.5711548755301,127.373605123437,127.61876678466797,8578000.0
2023-05-25,127.12845610186557,128.49572997345905,126.90214304635194,127.9299545288086,8472500.0
2023-05-26,128.34486782273115,129.7498678757599,127.8922560533518,129.1275177001953,8579900.0
2023-05-29,,,,,
2023-05-30,128.99547832389166,129.86299002866338,128.2599789570577,129.61782836914062,7399900.0
2023-05-31,128.92948769374922,129.0332127195796,126.73241351990082,127.96768951416016,14219900.0
2023-06-01,128.7314482889397,130.34388360746337,127.72248558592402,129.73097229003906,12248100.0
2023-06-02,131.598013075504,133.4084741572028,131.39056306099278,132.4561004638672,12922500.0
2023-06-05,132.1166433664904,132.1166433664904,130.24960754989695,131.1548309326172,8511900.0
2023-06-06,130.76821391702885,132.10721470654542,130.32504094290516,131.39056396484375,9329500.0
2023-06-07,131.58858203919507,133.21045603982884,130.90965736970816,132.66354370117188,9281400.0
2023-06-08,132.6447040188252,132.8521540592304,131.52259181525187,132.70127868652344,7368100.0
2023-06-09,132.34295060215618,133.7102243189308,132.21093826512137,132.9652862548828,7249100.0
2023-06-12,133.02188494946833,133.25762231042938,131.78660909188844,132.95587158203125,7596600.0
2023-06-13,132.46551359522977,134.7191618460177,132.1449142865102,133.91766357421875,7701600.0
2023-06-14,134.84177146456653,135.4169712050859,132.6729848500705,133.4179229736328,9068700.0
2023-06-15,132.56924708315066,135.2189324829067,132.0411977436176,134.92662048339844,9343100.0
2023-06-16,134.88893323607326,135.75644507767225,134.37030811656624,135.08694458007812,13813500.0
2023-06-19,,,,,
2023-06-20,134.47402777392367,134.8417775006675,132.993590163527,134.39859008789062,8428600.0
2023-06-21,134.74747481847157,135.8035880191667,133.60651400610226,134.20057678222656,9926500.0
2023-06-22,134.19113022294022,134.46459361332046,131.0228195828729,131.61688232421875,10075200.0
2023-06-23,130.63620143660617,131.23968846733484,129.7686897292003,130.92852783203125,9919500.0
2023-06-26,130.94740997986273,132.02237197814836,129.83473632736946,131.24916076660156,8429700.0
2023-06-27,131.06998840573164,131.86206258032288,130.6362252787307,131.25857543945312,8154000.0
2023-06-28,131.22085297767228,131.26800332928536,130.0893164802942,130.68336486816406,7558600.0
2023-06-29,132.07892679085904,135.36981092424716,131.87147677583985,135.24722290039062,15423200.0
2023-06-30,136.3505039950488,137.6706275449675,135.4641291594173,137.142578125,14212800.0
2023-07-03,137.84981248053998,139.06621120565688,137.67064974381867,138.245849609375,8021600.0
2023-07-04,,,,,
2023-07-05,137.60970536548143,138.0749144909716,137.05903695276947,137.3248748779297,8934900.0
2023-07-06,135.7868157303733,136.13809846913594,134.28672195972595,135.9672088623047,9709500.0
2023-07-07,136.63180836630875,138.46419237517074,135.76782780338763,137.04005432128906,8981500.0
2023-07-10,137.19194616585457,138.60659497834587,137.19194616585457,137.80906677246094,9100100.0
2023-07-11,138.9388829420023,140.34404269550896,138.34075490580383,139.96426391601562,11260900.0
2023-07-12,139.99273865133654,142.29034582809894,139.56550022154343,140.65733337402344,11323200.0
2023-07-13,141.1795418172844,141.81565504157075,140.27759066305984,141.3409423828125,11234900.0
2023-07-14,143.88539504481957,145.1576213632193,140.9042004323341,142.19541931152344,27028400.0
2023-07-17,142.7460911813732,145.9741312150365,142.7460911813732,145.6228485107422,17262400.0
2023-07-18,145.62284922322576,146.5912525458151,145.09117340209914,145.88868713378906,13491700.0
2023-07-19,145.02469947852038,147.3602918477101,144.52150528086727,146.44883728027344,12510000.0
2023-07-20,146.71469741764201,148.67051131059247,146.60077101209728,148.2527618408203,9935900.0
2023-07-21,147.92046640616167,148.24326753512224,146.866603731077,147.1134490966797,10636400.0
2023-07-24,147.13244347977806,150.7592406807382,146.90457618688498,150.0092010498047,14381400.0
2023-07-25,149.3446209003347,149.74337783678138,148.07239431923117,148.88890075683594,9944700.0
2023-07-26,148.78445650125803,150.24656520061643,148.3761960577939,149.78134155273438,8728600.0
2023-07-27,149.79081227535502,150.74972647625302,147.6830872509763,148.1293182373047,10778400.0
2023-07-28,149.32561745942027,149.6294405243451,148.5281036446142,148.97433471679688,9103800.0
2023-07-31,149.23065688560686,151.31940406788237,149.20217528649218,149.97122192382812,8892700.0
2023-08-01,149.46800816481036,150.0091875039074,148.2527450199476,149.23065185546875,6853900.0
2023-08-02,147.69260672497168,147.8160366576722,146.15454227720755,147.5406951904297,8299400.0
2023-08-03,147.16092746888367,148.9838223803711,146.54380679368526,148.44265747070312,6084000.0
2023-08-04,148.4900899486395,149.81929387132678,147.82549523083503,148.1293182373047,6209400.0
2023-08-07,148.6799968941956,149.72435595551954,148.6799968941956,148.83189392089844,7251800.0
2023-08-08,146.51532820278783,148.09136328691218,144.87281190272208,147.99642944335938,8623400.0
2023-08-09,147.46473415443873,147.6546163036371,145.70829167842498,146.01210021972656,6277800.0
2023-08-10,146.5723133296404,147.57870204173295,145.34754632184215,145.7937774658203,5995100.0
2023-08-11,145.29053562044615,146.70518436844378,144.91077133939862,146.6387176513672,5180700.0
2023-08-14,145.84121388733163,147.08495865248776,145.18610814395512,146.9425506591797,5044300.0
2023-08-15,145.11967127600838,145.51842818657462,142.63216699521723,143.2018280029297,10300300.0
2023-08-16,142.98347566718297,143.3252694017396,142.1099915222519,142.59420776367188,6978200.0
2023-08-17,143.24928974883994,143.61006150117097,140.89470464237237,141.1130828857422,9953900.0
2023-08-18,140.18260402041065,141.93904617256064,139.9832328709914,141.43585205078125,8517500.0
2023-08-21,142.08147500801272,142.50872793654167,140.53392178733432,141.92007446289062,8327000.0
2023-08-22,141.71118688610773,142.07197306423805,138.47365826700909,138.9768524169922,9673300.0
2023-08-23,138.9484056565021,140.12568381783115,138.10341767515936,139.91680908203125,7858000.0
2023-08-24,140.04022338378658,141.8536290753503,139.55602172506246,139.78387451171875,6534000.0
2023-08-25,139.83137037526237,141.10359692182735,138.47369902043894,139.61300659179688,6695500.0
2023-08-28,140.10670201129946,141.09409797390742,139.688952550822,140.09719848632812,5094100.0
2023-08-29,140.239641343983,141.32198579100717,139.73643252108698,141.2365264892578,6337000.0
2023-08-30,141.10356707415934,141.60676126579398,139.74589600652436,140.66683959960938,6277300.0
2023-08-31,140.7617813486793,140.8472406307521,138.5781148788713,138.9293975830078,10933900.0
2023-09-01,138.7015471192554,140.59090879765037,138.331271808996,139.39463806152344,7903500.0
2023-09-04,,,,,
2023-09-05,139.7174321060663,140.71433157905065,137.6761589971782,137.85655212402344,7854700.0
2023-09-06,137.38183278661216,138.17934653137564,136.82167535781971,137.62869262695312,8629200.0
2023-09-07,136.84065329152668,137.92299739717123,136.1380734560079,136.45138549804688,8373700.0
2023-09-08,136.11910514116357,136.83117413978792,135.43551774351775,136.55584716796875,7107900.0
2023-09-11,137.42930338550536,137.7141338547047,136.4229149498033,137.1539764404297,6854200.0
2023-09-12,137.19194955486336,139.86933573180843,136.76471108688352,138.9388885498047,8363200.0
2023-09-13,139.88832972893852,140.23012343964277,138.4452136055929,139.00537109375,8325900.0
2023-09-14,140.36304320180648,142.31885714576558,140.05923461673666,141.7017364501953,10034900.0
2023-09-15,141.3883881490985,142.1574201838985,140.809238242249,141.28395080566406,19863400.0
2023-09-18,140.66683753183213,141.59727014778974,140.27756973283203,141.57827758789062,6512400.0
2023-09-19,141.93909813615926,142.1479728843563,139.7649203316673,141.39791870117188,7943400.0
2023-09-20,142.0814588307593,142.65111967921766,140.64783216114455,140.79974365234375,7332000.0
2023-09-21,140.11617470471597,141.32194878188113,139.21422364957758,139.69842529296875,8052400.0
2023-09-22,139.84084232137923,140.0497170407574,137.8470579369692,138.3597412109375,7071700.0
2023-09-25,137.99897580310608,139.10980168701403,136.43241533573797,139.0433349609375,7044700.0
2023-09-26,137.28689163722674,138.46416962998143,136.935594457094,137.60018920898438,7468400.0
2023-09-27,137.84706908209623,138.70154610348905,137.20145230988828,138.4072265625,6717800.0
2023-09-28,138.88195685418782,141.34096534921892,138.6256079204218,140.12570190429688,8868100.0
2023-09-29,141.0845978168907,141.23649484657244,137.5337421697621,137.68565368652344,11917800.0
2023-10-02,137.50524391506985,138.2552833967214,135.41651151739072,136.4988555908203,9170600.0
2023-10-03,135.95768649583914,136.32796174640745,135.15068376361538,135.4924774169922,9431100.0
2023-10-04,135.9481861591363,136.2140240355464,134.75190122821306,136.10009765625,8128700.0
2023-10-05,135.85144948928954,136.86527858338553,134.6941761802794,136.67398071289062,8576200.0
2023-10-06,136.68355108357935,139.52415218333218,135.94709516298244,138.77813720703125,10270600.0
2023-10-09,137.4008702443295,139.06505071436536,137.24783779371216,138.46250915527344,6964900.0
2023-10-10,139.08419365845117,140.37538134037726,138.95029390279785,139.30416870117188,11288800.0
2023-10-11,140.12671017657786,140.81534171137423,138.70163722888586,139.7823944091797,8698200.0
2023-10-12,139.92584022144413,140.55708810280757,138.80681784665097,139.45718383789062,10484400.0
2023-10-13,142.02998852085423,146.43913554960415,141.39874062487365,141.55177307128906,29427000.0
2023-10-16,142.93859057180651,143.00554773780095,140.32753838358445,141.40830993652344,12663500.0
2023-10-17,141.14051455403643,142.80469497559815,140.39448502750164,141.1022491455078,11482700.0
2023-10-18,140.2031918871184,141.05441474218063,139.0363451068341,139.55282592773438,9620300.0
2023-10-19,139.14157835174203,140.61449027027763,138.5677285058278,138.95985412597656,11143600.0
2023-10-20,138.27121439324483,138.81637238652576,135.9279471456701,136.72178649902344,13332900.0
2023-10-23,136.7122441498325,137.4199937221178,134.59852530081517,134.8567657470703,10133400.0
2023-10-24,135.03848084880846,135.55494711247462,134.2446414520433,135.01934814453125,8881400.0
2023-10-25,134.445488774224,135.02889757028947,133.43165983551395,134.2828826904297,8242600.0
2023-10-26,133.6707815939065,135.49756817373063,133.35515763556165,134.62721252441406,9109400.0
2023-10-27,132.89606606231024,133.03953944875872,129.29989125591192,129.77810668945312,17434700.0
2023-10-30,130.4954410141241,132.02572177610827,130.11285987814452,131.4327392578125,9855500.0
2023-10-31,131.7101087493854,133.1734468931873,131.4805600741699,133.00128173828125,9672500.0
2023-11-01,133.18301164935053,134.40724211494657,132.43699666543975,132.8865203857422,9432000.0
2023-11-02,133.98641366208327,135.31585215219695,133.16388242830206,135.2584686279297,10186200.0
2023-11-03,135.99491608553157,137.5060787041398,135.66973307233147,136.76962280273438,9538700.0
2023-11-06,136.93221090231273,137.90777451161767,136.56876248838046,137.8025665283203,7625100.0
2023-11-07,137.2573955039051,137.97471869091854,136.59747043079386,137.73561096191406,6297900.0
2023-11-08,137.83126464768748,138.52945515416152,137.36260822883332,138.41468811035156,7618200.0
2023-11-09,139.10332233847555,139.30416466915295,137.43912720011375,138.00341796875,7992500.0
2023-11-10,138.6250981852041,140.0979953626484,137.80256702030007,140.0501708984375,7983300.0
2023-11-13,139.35198109014414,139.87802101103242,138.83551481853044,139.42849731445312,6676300.0
2023-11-14,140.2892826861417,142.74731719674958,140.13626482780626,141.9726104736328,9927700.0
2023-11-15,141.9917576042535,143.61768744182928,141.9917576042535,143.2159881591797,8365300.0
2023-11-16,143.5507090914729,144.92797191112115,143.5507090914729,144.85145568847656,8126200.0
2023-11-17,145.56879181066185,146.20003975816704,144.93754386315666,146.1617889404297,7812400.0
2023-11-20,145.45402430131793,147.05126227688535,145.3009918428977,146.61129760742188,7019000.0
2023-11-21,146.5252271201407,146.9365000413645,145.92268551059647,146.3052520751953,7083500.0
2023-11-22,146.72608288149544,147.1756066179995,146.23829373244956,146.64956665039062,5174500.0
2023-11-23,,,,,
2023-11-24,146.89821203495617,147.7111841021639,146.60172080389682,146.8503875732422,3496900.0
2023-11-27,146.74517431639677,146.8408232363841,146.05655754959744,146.51564025878906,6259100.0
2023-11-28,146.54433728743072,147.16601150778249,146.0661218582442,146.8503875732422,6582700.0
2023-11-29,147.452946899815,148.84934240484264,147.29035540162295,147.59642028808594,9126100.0
2023-11-30,148.16070181308922,149.32754858088393,147.6537946460609,149.27972412109375,9869800.0
2023-12-01,149.0310732816086,150.98218594127536,149.0310732816086,150.00662231445312,8916000.0
2023-12-04,149.22236665363442,151.1639203894084,149.08846689923547,151.10653686523438,9607500.0
2023-12-05,150.40831473969268,151.59429428318467,150.13095620620268,151.08738708496094,9135600.0
2023-12-06,151.91947906722433,152.28292747550225,149.2032188421399,149.4997100830078,9366000.0
2023-12-07,149.86315168247214,150.45613413726664,149.34667085270306,149.9587860107422,8130900.0
2023-12-08,150.4083215360556,151.86210062377233,150.14052204542065,151.61343383789062,7369400.0
2023-12-11,151.6134202192741,152.3594351038864,151.25953088602628,152.16815185546875,8093900.0
2023-12-12,152.29250200622218,153.6506322567748,151.95775991708788,153.52630615234375,10223000.0
2023-12-13,153.52630408097065,154.9705095983316,152.80898085024555,154.0427703857422,12379100.0
2023-12-14,154.7792137924238,157.65806553818322,154.66444675487165,156.84510803222656,13643000.0
2023-12-15,155.97477650382206,158.07892188313505,155.3148367480148,158.03109741210938,20309300.0
2023-12-18,158.69101181034705,159.8482996107325,158.41365327308523,158.9875030517578,8469600.0
2023-12-19,158.7675411083742,161.12992677310743,158.3371500904303,161.1107940673828,10345700.0
2023-12-20,160.670826626507,162.028956706584,159.1979149184676,159.29356384277344,10734700.0
2023-12-21,159.57093104589453,160.766469694813,158.46146767714353,160.20217895507812,7601700.0
2023-12-22,160.2021705309202,160.90036097886082,159.9439301100195,160.1065216064453,6576300.0
2023-12-26,160.16391681612907,161.41683889657807,159.89610275124625,161.0533905029297,4683600.0
2023-12-27,160.52734888486975,162.08633582610224,160.27868211998862,162.01937866210938,6428600.0
2023-12-28,161.97158153646015,163.22450370195824,161.63682487811562,162.88018798828125,6320100.0
2023-12-29,162.59325487989693,163.2531945435635,162.2393801128782,162.68890380859375,6435100.0
2024-01-01,,,,,
2024-01-02,161.72290777292585,164.6687168855403,161.5507572049703,164.5826416015625,9977400.0
2024-01-03,164.37223319314387,164.54438376902831,162.94714574108042,163.86532592773438,9852300.0
2024-01-04,164.21176161090378,166.81967873498522,164.11552287151747,164.9527587890625,11972500.0
2024-01-05,165.01048392534204,166.848535049971,165.01048392534204,165.7803497314453,10066000.0
2024-01-08,165.53976440429688,165.86695259331466,163.1050743016004,165.53976440429688,11229900.0
2024-01-09,165.1548146982642,165.31840878339418,163.6920859309958,164.23098754882812,9923600.0
2024-01-10,163.5958742562322,164.63519098417174,162.58542621373792,164.57745361328125,9670200.0
2024-01-11,163.91343594468418,163.94230462862615,162.28709822409536,163.8845672607422,11919500.0
2024-01-12,167.25270113383752,169.66814045333157,162.53728253539273,162.681640625,19436500.0
2024-01-15,,,,,
2024-01-16,158.6591152889438,161.75781462803792,158.11059560979592,161.66159057617188,17206400.0
2024-01-17,161.03606860647986,162.70090770042705,160.21809808549406,160.7954864501953,11107500.0
2024-01-18,160.82435085151675,161.2189091014691,159.01518306953383,161.11305236816406,9382300.0
2024-01-19,161.23814365632103,164.14437984764677,160.78584808507614,163.8941650390625,13115700.0
2024-01-22,164.03852678986695,165.50125557503034,163.3167803963043,163.7017059326172,12837500.0
2024-01-23,163.2782930306036,163.3552810812602,162.09463295519336,162.62391662597656,8360800.0
2024-01-24,162.97997235009703,164.56780866715957,162.4988080499,164.0770263671875,9967100.0
2024-01-25,165.81885335169082,166.47324449311114,164.47159906637017,166.4251251220703,8873500.0
2024-01-26,166.10753295471542,166.54057786894606,165.30879848963878,165.7899627685547,7443000.0
2024-01-29,165.7514756079141,166.3288639305626,164.84688441673282,166.22300720214844,6971200.0
2024-01-30,166.31924144122868,170.10118551216877,166.31924144122868,169.62965393066406,10822100.0
2024-01-31,169.56229176944086,171.58318764804025,167.7723600347859,167.79161071777344,11521800.0
2024-02-01,167.09871195656424,168.253503163129,164.97195961493424,167.18531799316406,9354800.0
2024-02-02,166.77153655734813,169.19660855532078,166.7330351932711,168.1476593017578,8607600.0
2024-02-05,167.31044088693116,168.49410088199127,166.40584970808408,167.92633056640625,7820200.0
2024-02-06,168.03219211800783,169.2447208294231,167.21420696029546,168.5037384033203,6764800.0
2024-02-07,169.0715038811415,169.24471597038416,167.40667961511346,168.8212890625,7225500.0
2024-02-08,168.40750489734666,168.70582441372977,167.03138204849066,168.2150421142578,6060300.0
2024-02-09,168.40749625854062,168.50373498713284,167.12759752489953,168.4171142578125,6296700.0
2024-02-12,168.19579325842392,170.14931916174322,167.15647659768763,169.16773986816406,8539300.0
2024-02-13,168.71546951895994,169.59117744908266,166.11717036207145,167.6953887939453,8397600.0
2024-02-14,168.47488487137227,169.46608221243557,167.84936243452663,169.39871215820312,7056700.0
2024-02-15,169.51416142083875,173.42122751191647,169.51416142083875,173.09402465820312,8723400.0
2024-02-16,172.84382735667683,173.19988421286885,171.4484539290391,172.28567504882812,8152600.0
2024-02-19,,,,,
2024-02-20,172.43965385763377,173.66181521796128,171.68903876929863,172.9593048095703,9668000.0
2024-02-21,173.17104155307905,174.1718715947713,171.79491860071502,174.0852508544922,7024000.0
2024-02-22,174.97059691420935,176.51031389738972,174.4124445519668,176.1735076904297,9296500.0
2024-02-23,176.88562635719032,178.22326258992948,176.2889872945781,177.05885314941406,7105800.0
2024-02-26,176.82789854786026,177.51115838550928,175.60573698788164,176.4525909423828,7145400.0
2024-02-27,176.40444390207233,176.6257753567488,175.37475999068926,176.53916931152344,5717100.0
2024-02-28,176.51990401492168,178.22322951650995,176.06762314375538,177.4341278076172,6131600.0
2024-02-29,178.66591675030617,179.406899139091,176.92410447656243,179.05084228515625,9643000.0
2024-03-01,178.70440318796878,179.41653157884087,178.1270148864763,178.30984497070312,6311800.0
2024-03-04,177.7517176702879,180.5232139830772,177.32829074756444,179.64749145507812,7063600.0
2024-03-05,179.33956519839563,182.16881373776664,179.33956519839563,181.4470672607422,6617800.0
2024-03-06,182.12068588792658,182.90980238103012,180.5617182690242,182.39013671875,7572900.0
2024-03-07,182.75583750264312,183.3236078821674,179.59940070437642,180.7926788330078,7618300.0
2024-03-08,181.34116899256426,183.28507650366686,180.8407541049211,181.12945556640625,6172200.0
2024-03-11,180.22489181804664,181.3411964735084,179.20482589231966,181.19683837890625,5762600.0
2024-03-12,181.83198942111187,182.9964135097539,180.83117411941103,182.68846130371094,5708400.0
2024-03-13,183.18886145157163,184.5072468524285,182.68844649928835,184.17044067382812,7795500.0
2024-03-14,183.83362380358804,184.4110268136827,180.05167960777032,180.88890075683594,10310900.0
2024-03-15,179.45501681018882,183.7470084347489,179.45501681018882,183.13111877441406,17214200.0
2024-03-18,183.4486959009339,185.44070836068175,182.73656748880944,185.4022216796875,9013800.0
2024-03-19,185.45035256594733,186.6243799588185,185.13278236313286,186.48965454101562,8478700.0
2024-03-20,186.87459260941117,189.15530668553535,186.31644026104934,188.93397521972656,9367000.0
2024-03-21,189.11683361627323,191.91719887544056,188.93398882023766,191.56114196777344,11203800.0
2024-03-22,191.51299251800214,192.92761661002132,189.13603991081175,189.21302795410156,8108800.0
2024-03-25,189.193840013487,189.52102826760222,187.0382183057243,187.48089599609375,8620000.0
2024-03-26,187.25952856744422,189.25155592218692,186.74949555742188,188.35658264160156,5961500.0
2024-03-27,189.0975780879144,192.0808027506755,188.98210334978447,192.00381469726562,8725800.0
2024-03-28,191.97494121797993,193.15860130615798,191.06071728405237,192.75442504882812,8628300.0
2024-04-01,192.45609612932935,193.37030533464744,191.08959132109106,191.44564819335938,7309000.0
2024-04-02,190.91637198199464,192.25400815995368,190.6180524629056,191.36866760253906,7014700.0
2024-04-03,191.54185611623222,192.0422710423539,190.25233946427198,190.82974243164062,9353400.0
2024-04-04,192.76565051880343,193.27865861619978,189.28106805175017,189.3778533935547,9243800.0
2024-04-05,189.87149384658753,191.76865177151936,188.85515185913454,191.12013244628906,6532300.0
2024-04-08,191.28469574348503,192.60109747099133,191.28469574348503,192.11712646484375,8001000.0
2024-04-09,191.72027731975658,192.50430796962533,188.661577082323,190.8297576904297,7351500.0
2024-04-10,189.28105040924987,190.75232630200352,187.95495990048227,189.20361328125,7681400.0
2024-04-11,189.7166051672041,190.2683391185879,187.04509094211713,189.1648712158203,10137700.0
2024-04-12,182.2828476868651,182.87327813825445,176.68812924190217,176.93011474609375,31532300.0
2024-04-15,178.58530375619512,181.45041865113467,176.35903414297914,177.02691650390625,14766600.0
2024-04-16,177.0365754685463,177.28824982628674,173.89076415376618,175.00390625,16451800.0
2024-04-17,175.55561485062543,176.5719567831886,173.45518273379275,174.30697631835938,9017100.0
2024-04-18,175.29428300745786,177.48182637203485,174.20050394035877,175.43946838378906,9557700.0
2024-04-19,176.55261624273834,179.92106506263463,175.5943631079665,179.8436279296875,13402300.0
2024-04-22,180.02753088626974,184.03481001942976,180.01784201408847,183.337890625,11529700.0
2024-04-23,185.00276108430006,186.06748843344988,184.41231586745752,185.98037719726562,9144400.0
2024-04-24,184.42197341382698,187.0354136520906,184.0735137307504,186.89022827148438,6964900.0
2024-04-25,186.08685387466093,187.7226782562567,185.0511488208939,187.1709442138672,9802300.0
2024-04-26,187.364515979837,188.6228286026253,186.8708561706432,187.28707885742188,6413700.0
2024-04-29,187.27743251108313,188.03242616404043,186.26109035683314,187.08384704589844,5387800.0
2024-04-30,186.62887557872742,188.7389966032242,185.49638532685094,185.5931854248047,8153700.0
2024-05-01,186.1062256375032,188.22602113056135,184.67366074205935,185.70936584472656,7445300.0
2024-05-02,186.88057942854564,187.29678742228694,183.444382183411,185.51577758789062,6501700.0
2024-05-03,185.84485725290688,186.35786531271233,182.4183491959402,184.40261840820312,8922800.0
2024-05-06,185.58351541625962,186.0384493375641,183.73475742225128,185.84486389160156,7911100.0
2024-05-07,185.5544747029112,186.74503920339973,185.506074649963,185.60287475585938,7688800.0
2024-05-08,184.87692883500213,190.34579542934003,184.87692883500213,189.3778533935547,9227600.0
2024-05-09,188.91324190934765,191.25565982090802,188.84549364828138,191.16854858398438,7977300.0
2024-05-10,192.17520510507694,192.94956168690013,191.91387138979,192.39784240722656,7529800.0
2024-05-13,192.42684810381667,193.44319002860294,191.6912028247305,192.3590850830078,7049200.0
2024-05-14,192.62045868143795,195.1177508226274,191.80739094327103,195.04998779296875,8596200.0
2024-05-15,195.5339524584218,196.19216067962503,193.36577189356964,195.63075256347656,8370000.0
2024-05-16,195.73723202978124,197.92477562833844,195.51460950572124,195.97921752929688,8497900.0
2024-05-17,197.27625922000576,198.47651263266445,196.30831720742958,198.22483825683594,9260500.0
2024-05-20,197.83765536183188,199.27989419017035,189.13585187942704,189.31008911132812,17373300.0
2024-05-21,190.6845765475813,193.49160247723455,190.29740565025773,193.12379455566406,14420800.0
2024-05-22,192.6204427149457,194.4982524090751,191.35244115870537,191.9525604248047,9425300.0
2024-05-23,191.4685997250333,191.94289660988062,189.78439014097358,190.6071319580078,8069400.0
2024-05-24,191.4105351363807,194.32403530988782,191.22662378878633,194.27565002441406,7356200.0
2024-05-27,,,,,
2024-05-28,193.45287558068884,193.98524659848013,192.29134821344894,193.1044158935547,6910200.0
2024-05-29,191.65251321751873,192.61078110067044,190.57809702233257,191.7589874267578,6120000.0
2024-05-30,192.19454569676367,193.44319904731097,192.03967144451227,192.9398651123047,6829100.0
2024-05-31,192.9108155561489,196.78258299422666,191.99127374352958,196.13406372070312,14417900.0
2024-06-03,195.82433398389654,195.930808189422,192.80435981935085,195.3500518798828,6444300.0
2024-06-04,193.74325624100823,195.5049028369205,191.92352072401673,192.7753143310547,6848300.0
2024-06-05,193.35608851946316,193.4141774459212,190.60713678535936,190.9362335205078,8351600.0
2024-06-06,190.93622871529655,191.67187406902391,189.06810779253618,190.5974578857422,7640300.0
2024-06-07,191.10079046105474,194.4789135082066,190.69425657534748,193.54000854492188,6964500.0
2024-06-10,192.8527579312046,194.40145617735467,192.07840142331858,193.2108917236328,6070800.0
2024-06-11,191.56540854756057,191.59444562656412,187.39358080831894,188.12921142578125,9235300.0
2024-06-12,189.71662485430736,190.41354424962765,185.17697468215403,185.38992309570312,12751300.0
2024-06-13,186.15459105301892,188.34213440358081,184.76075237068451,187.45162963867188,8587800.0
2024-06-14,185.31248822490792,188.6131739055265,185.2834511472175,187.5677947998047,6874000.0
2024-06-17,187.27739622006445,189.31008013466652,186.46432856207215,188.72930908203125,8725400.0
2024-06-18,188.36151546527287,191.61380111316439,187.90658155250065,190.6845703125,9023000.0
2024-06-19,,,,,
2024-06-20,190.09413401036866,193.056034248581,189.82311142449456,192.30104064941406,8731100.0
2024-06-21,190.4038941014478,190.84913918970437,187.99371299194243,190.0070343017578,20972100.0
2024-06-24,191.46859798518554,192.84307380493755,190.7813674601207,192.50430297851562,9785900.0
2024-06-25,191.73962408445988,193.65615984709413,191.40085325180053,191.72027587890625,6862500.0
2024-06-26,191.1201472774884,191.5944441803384,189.98765689602826,191.1007843017578,7758600.0
2024-06-27,191.1104681611041,193.452885995876,190.58777121745086,192.78500366210938,7913500.0
2024-06-28,193.5980553930924,196.1050361557243,192.910824910497,195.7759246826172,15307600.0
2024-07-01,196.33734880543008,200.45110224404223,196.16312633744886,198.86367797851562,10205800.0
2024-07-02,198.70880723958072,202.16436727870706,198.20548803229522,202.1353302001953,7802900.0
2024-07-03,202.83226292101628,203.63565660829684,200.9931641335084,201.9998321533203,5560900.0
2024-07-04,,,,,
2024-07-05,201.46451091115304,201.8343569023776,199.06044513660848,199.32322692871094,8093100.0
2024-07-08,199.566550251189,201.37689904863052,198.52512110426176,199.69308471679688,8707000.0
2024-07-09,200.14079156889778,204.1605327199737,199.96558887640106,202.08740234375,9058900.0
2024-07-10,200.6371780955376,202.4183287910824,200.09212943817215,202.25286865234375,8328500.0
2024-07-11,200.70532691221428,202.54487365103782,199.89748159231806,201.91221618652344,10658100.0
2024-07-12,198.55431351532297,201.91221437653957,196.705039084932,199.46922302246094,15443400.0
2024-07-15,201.6591408630545,205.96114879231186,201.20168615358614,204.4427947998047,10719700.0
2024-07-16,204.3941349162131,208.03430247505668,202.5253903220117,207.91749572753906,11557000.0
2024-07-17,208.09269444146844,211.75231734532403,207.57684377514326,211.0807342529297,11572500.0
2024-07-18,209.87384874293699,210.85688185316707,203.6544278135567,204.37466430664062,12415100.0
2024-07-19,205.5620998360359,206.68140996958013,203.34296468703909,204.1800079345703,8095900.0
2024-07-22,204.8418897310368,206.50623388150692,204.11191057871665,204.66668701171875,7663200.0
2024-07-23,205.38691515141903,205.8346273305569,203.76149687218643,204.71533203125,5557300.0
2024-07-24,203.9561540312095,206.3699473179496,202.51566616590065,203.0217742919922,7119000.0
2024-07-25,203.0801696257991,204.579068287081,202.49619528558682,203.09963989257812,6403800.0
2024-07-26,203.65442465737732,207.46977999477056,203.0509652180435,206.5743408203125,8027800.0
2024-07-29,206.97340404443028,207.9077838383527,204.92947145063593,205.22146606445312,6533600.0
2024-07-30,207.5379020782157,210.0295614754929,207.27512031859297,209.44558715820312,8850700.0
2024-07-31,209.04654063182772,210.61356297991412,206.99286556509915,207.11940002441406,9071600.0
2024-08-01,207.50869506014573,208.1218821754611,200.8707603787422,202.40858459472656,10918600.0
2024-08-02,198.43750856046046,199.2064132873845,191.63409850715638,193.82403564453125,18041700.0
2024-08-05,188.8699191549906,190.9333218867359,185.8039981803061,189.6972198486328,13927000.0
2024-08-06,190.18387324063494,197.19168414997648,188.8212515924086,194.99200439453125,10605800.0
2024-08-07,198.07738022359274,200.2575897059211,194.8557416670121,195.05039978027344,9204400.0
2024-08-08,197.0651342243303,199.44000164036433,196.40327886752792,198.61268615722656,7761200.0
2024-08-09,198.03845573601825,200.95837200693634,197.48366451584198,200.30625915527344,5540200.0
2024-08-12,200.89996516169631,201.61047392400832,198.22337539185617,200.6858367919922,6936000.0
2024-08-13,202.18472896761853,202.5351195098086,199.91692557670268,202.38912963867188,6387800.0
2024-08-14,202.19446783893002,205.1338394349267,201.59100839582663,204.6277313232422,6999800.0
2024-08-15,207.31404556546272,208.1802867580393,205.46477128738826,205.9027557373047,7001000.0
2024-08-16,206.0390131699889,208.37494008360167,205.9416766938129,208.25814819335938,7931200.0
2024-08-19,208.2873491003476,209.7765051277612,208.11216126251603,209.69863891601562,6090800.0
2024-08-20,209.2606700025173,210.23397544438944,207.97589969054405,208.79348754882812,5640000.0
2024-08-21,208.70587815549763,209.26066938442804,207.15832607184282,208.87135314941406,5202300.0
2024-08-22,208.85187367766028,211.0126128451228,208.61827503606966,210.84715270996094,5247100.0
2024-08-23,211.7912764956721,213.3388286306895,210.7206345366559,212.48231506347656,7214000.0
2024-08-26,213.1636340094112,213.81574691774506,212.22926903833658,213.31936645507812,5105200.0
2024-08-27,213.65027056396275,214.53598207363984,213.33882054770734,214.30238342285156,5185200.0
2024-08-28,213.39719980974263,216.27819020498686,213.33880386447774,215.3827362060547,6506400.0
2024-08-29,216.21978744329084,217.02763270288517,213.0954854438265,216.2781982421875,6416100.0
2024-08-30,216.56046671802255,219.46091285543187,216.0056754723349,218.799072265625,8574100.0
2024-09-02,,,,,
2024-09-03,216.36580031542942,218.11775306179587,213.38748807233762,214.419189453125,8956100.0
2024-09-04,215.13942637103617,216.14194463034985,211.4116796320134,213.47508239746094,7389500.0
2024-09-05,214.2731840738585,214.90584151305464,210.26317046221325,211.82046508789062,8067900.0
2024-09-06,211.7912564624436,212.90082400071475,205.45502893867877,206.78846740722656,7777000.0
2024-09-09,209.44560403533967,212.32657987629256,208.46255601710973,211.02235412597656,8935100.0
2024-09-10,212.76458973847693,212.80351542410713,195.25481832367896,200.0726776123047,28406900.0
2024-09-11,199.77093380286098,202.15552906797424,196.44223110949054,201.6980743408203,13658700.0
2024-09-12,202.1068586826451,203.2066985279337,199.4205411475912,201.08489990234375,9054400.0
2024-09-13,201.3379576385375,202.30153534063777,197.6004684297529,198.8657684326172,10226700.0
2024-09-16,200.335470344673,202.65194215820492,200.1018716810642,202.311279296875,8634900.0
2024-09-17,202.1847408407912,204.32600990149194,202.11661718074754,203.66416931152344,7573300.0
2024-09-18,203.43056971564306,205.69837322929007,201.18223646968863,201.99008178710938,8259900.0
2024-09-19,204.1800020683674,206.25314728673416,201.80513455748857,204.86131286621094,11635200.0
2024-09-20,204.325994525629,205.77622491128707,203.9074803343127,205.4550323486328,20885000.0
2024-09-23,205.36744331284876,206.14609061797663,204.38441018664537,205.7957000732422,7223500.0
2024-09-24,205.513439393661,207.26539217026013,204.75426233237846,205.9416961669922,7323200.0
2024-09-25,206.02928663307486,206.574350150001,203.04124668081326,204.57907104492188,8976500.0
2024-09-26,205.4939761800251,206.0487525415433,203.43055860967957,204.1800079345703,7807500.0
2024-09-27,205.02678821755313,206.76901329935234,203.74203273932275,204.88079833984375,7032500.0
2024-09-30,200.8026431856011,205.328522397785,199.7806695021104,205.23118591308594,8663800.0
2024-10-01,203.32350180042798,203.50843221146712,200.68585235765798,201.51315307617188,8540100.0
2024-10-02,201.55206866615586,203.3721448730908,200.19917485723604,201.75645446777344,5810900.0
2024-10-03,200.6663896327238,200.97785451596246,198.88523881679325,199.75148010253906,7251300.0
2024-10-04,204.96118851447628,207.28205334443106,202.6207341030634,206.8413848876953,10211700.0
2024-10-07,206.6553365365295,208.90766041202338,205.34311838855845,206.55740356445312,6718900.0
2024-10-08,206.2146446947152,206.94909707469532,204.0602540352679,206.38111877441406,6021800.0
2024-10-09,205.35288821316414,209.79878177911522,205.03952962566973,208.9957733154297,7024000.0
2024-10-10,210.35697364823073,210.35697364823073,207.08621563128509,208.4278106689453,7927100.0
2024-10-11,211.19912324790937,219.97338753283674,210.69970101199584,217.681884765625,18320700.0
2024-10-14,218.57304788683606,219.06268285743494,214.34260951094814,216.88870239257812,9048900.0
2024-10-15,219.02350788076828,220.77639441475992,217.22165486362624,217.7798309326172,9235800.0
2024-10-16,217.72108032079964,219.04308573039975,216.45781377237907,219.00392150878906,6382500.0
2024-10-17,219.62086146580305,221.1681096784183,218.68075580077473,219.7677459716797,6470200.0
2024-10-18,220.33571875621197,221.23664523536294,218.47511199703732,220.6980438232422,7000500.0
2024-10-21,220.55116232355738,221.02120767941076,218.27924904239993,218.37718200683594,5870000.0
2024-10-22,218.396765381251,220.60990985536446,216.51656906880135,219.4739532470703,9586800.0
2024-10-23,219.02350399237045,220.1398710530058,217.91692425120232,218.7786865234375,6180500.0
2024-10-24,217.2314525175095,220.39449023885902,217.06497842085673,220.31614685058594,6002200.0
2024-10-25,220.3357153270423,220.942857849908,216.30112834353372,217.70147705078125,6369700.0
2024-10-28,218.71993884440727,220.96246034792105,218.32822191766556,220.8253631591797,6843000.0
2024-10-29,220.54139249856806,222.04946165019186,218.19113564792198,218.27926635742188,6580000.0
2024-10-30,217.92672018698767,221.61857194835616,216.9866294369007,219.75796508789062,7110900.0
2024-10-31,220.04193382573413,221.01141636321765,217.22164679914314,217.31956481933594,7829900.0
2024-11-01,218.92556292905866,221.46186822718468,218.08339026938503,218.31842041015625,6923500.0
2024-11-04,218.0344223689788,219.12141248144985,214.6265675335852,215.2239227294922,8229600.0
2024-11-05,215.46875788666088,217.3587565899304,215.43938098465173,216.89849853515625,5600700.0
2024-11-06,230.12842309869163,242.85893161053414,229.90319520891288,241.93841552734375,23987800.0
2024-11-07,239.43147904643865,239.50003510853182,230.34385600645422,231.4798126220703,16451100.0
2024-11-08,234.37844502414484,234.37844502414484,230.8922467086113,232.06736755371094,9502100.0
2024-11-11,235.0247712217789,237.0812439469585,234.04550134168815,234.32948303222656,9017100.0
2024-11-12,235.5633852001452,236.45452442472,233.8104836535663,234.59390258789062,6861000.0
2024-11-13,235.5927425185864,239.0299743158966,235.3283354749557,236.1607208251953,11472600.0
2024-11-14,237.3945889405214,239.22581872980692,236.05299406323496,236.85598754882812,10172200.0
2024-11-15,236.45452071309373,241.31169113320945,236.45452071309373,240.22470092773438,11518800.0
2024-11-18,242.62390311007164,242.79037719864746,237.6492102646422,239.95050048828125,9051400.0
2024-11-19,237.22813707187166,240.06801385033518,236.54265111939492,238.05072021484375,6792700.0
2024-11-20,239.3335414956658,239.5391947355304,233.69295263010096,235.78858947753906,9015300.0
2024-11-21,238.18779927110523,240.4009586752127,237.0910218306447,239.6860809326172,8783500.0
2024-11-22,238.5599415227652,243.98509020740502,237.99196318627313,243.3975372314453,7997300.0
2024-11-25,244.41596974978978,249.03812485418172,243.89695790032175,245.10145568847656,10295400.0
2024-11-26,245.2973257346259,245.79674801065607,243.19188645749702,244.78810119628906,6212100.0
2024-11-27,244.18093497942152,245.98278785749332,243.61295669215443,244.61180114746094,5472300.0
2024-11-28,,,,,
2024-11-29,244.68037111032748,246.5507801542937,244.2788668761305,244.54327392578125,5494800.0
2024-12-02,244.37681162128234,245.0622975770592,239.95050739723678,241.1452178955078,8899700.0
2024-12-03,243.08417217434658,243.87737843218383,239.55880936812832,239.744873046875,6657700.0
2024-12-04,239.62734771453182,240.26388213141325,237.20854980382347,238.3542938232422,7346300.0
2024-12-05,240.30304361033552,242.0559301817918,239.54900159262675,240.39117431640625,6572500.0
2024-12-06,240.60661659692846,242.60433560351794,239.76444386718453,242.23220825195312,5519700.0
2024-12-09,242.00696620096832,242.73161633693363,238.70681659937458,238.7557830810547,7076500.0
2024-12-10,238.83413201717414,242.81976762755573,237.1987530998406,237.8254852294922,9108300.0
2024-12-11,238.9418406612238,239.20624770158534,237.15956238226588,238.48158264160156,7884400.0
2024-12-12,237.9625686165377,239.03977140619386,236.04319317564267,236.52304077148438,6113800.0
2024-12-13,237.05185291985592,237.68837232699522,234.18258457208617,234.96600341796875,10392700.0
2024-12-16,235.6221263951343,235.68088019713136,232.5961860525048,234.6134796142578,9032000.0
2024-12-17,233.70275916639545,234.06509919571647,231.7246446972801,233.4187774658203,8083600.0
2024-12-18,234.04547863729744,234.1140346946401,224.77179257706626,225.59437561035156,11322400.0
2024-12-19,227.45502342538467,231.46023372259285,227.45502342538467,228.13072204589844,11790800.0
2024-12-20,227.11226932732094,234.25115513761958,226.78910847304047,232.67453002929688,32348400.0
2024-12-23,231.17625223907558,233.67337852765274,230.01091866842074,233.44815063476562,8611500.0
2024-12-24,234.46659355526893,237.4631721104826,234.1140707231568,237.28689575195312,3729100.0
2024-12-26,236.42512754570095,238.2171932767263,235.79839540008058,238.0996856689453,4451800.0
2024-12-27,237.6883729249872,238.34448191410397,235.06392202604852,236.17050170898438,5730200.0
2024-12-30,233.82027004526657,235.8473508974243,232.19467848181526,234.35887145996094,5723800.0
2024-12-31,235.07373185616066,236.43491635792464,234.07487241942522,234.74078369140625,4871000.0
2025-01-01,,,,,
2025-01-02,235.9256761701603,238.23675347379177,234.48614838250796,235.02474975585938,9220900.0
2025-01-03,238.83412584289502,239.8036083847427,235.27937146525915,238.2367706298828,9491100.0
2025-01-06,239.8805803791268,241.83939727956047,236.80948374858426,237.07525634765625,9917800.0
2025-01-07,238.34504591508428,241.41614272410112,237.12447448141728,239.35890197753906,8753400.0
2025-01-08,238.94548506982153,240.421976223703,236.7307483389993,239.3195343017578,8675300.0
2025-01-09,,,,,
2025-01-10,239.28016188638824,239.98887886875545,234.99834638920223,236.11062622070312,10256800.0
2025-01-13,235.91375908384575,240.70742897825536,235.25426149206223,240.3826141357422,10005300.0
2025-01-14,238.8568944878796,243.83758881212796,238.3942594005622,243.5915069580078,12407400.0
2025-01-15,246.47558427174647,249.69433919695268,239.86090269206412,248.39503479003906,18448500.0
2025-01-16,250.0191700123843,253.01153384400604,248.3753449882823,250.28494262695312,15292300.0
2025-01-17,250.1569842411065,256.53542208241254,248.18832928838836,255.0983123779297,17678100.0
2025-01-20,,,,,
2025-01-21,255.9940227277619,260.10850386711076,255.43294892531785,258.9076232910156,13712100.0
2025-01-22,258.7796688134332,259.2521567820625,256.1712071975693,258.7206115722656,9021900.0
2025-01-23,260.54162870024055,262.67760239191387,259.67541575937634,261.7818908691406,10749700.0
2025-01-24,259.55732988070605,262.913890376841,258.88799436692057,260.6893005371094,7666300.0
2025-01-27,260.02977836567374,261.80155564195655,258.1497094566725,261.6834411621094,7522300.0
2025-01-28,261.6834562601186,263.14024164800065,260.6794230449138,262.9532470703125,7375400.0
2025-01-29,263.0221391792397,266.43775675796087,261.4472091934451,262.4020080566406,7684900.0
2025-01-30,264.4198785229307,265.473116067307,262.4413708045233,264.0261535644531,8753500.0
2025-01-31,265.01049259915686,266.5755696542428,262.7760500420943,263.1107177734375,7193800.0
2025-02-01,,,,,
2025-02-03,257.7264562027966,263.96711898967544,257.59851886075415,262.62841796875,8381400.0
2025-02-04,265.6109389686158,265.6109389686158,262.6481034697921,263.74072265625,5626000.0
2025-02-05,264.6954835634121,266.39838077199465,264.12455685194567,266.191650390625,5704400.0
2025-02-06,268.18000294309996,272.63900471051744,266.93974084908734,272.56024169921875,7264400.0
2025-02-07,272.9244711504969,274.1844091306425,270.40459519020567,271.4775085449219,6857900.0
2025-02-10,271.8220129915408,271.85154161278285,265.3648274727717,266.7921142578125,8627400.0
2025-02-11,266.02435650597033,271.8909399231515,265.43375400534205,270.6802062988281,7196400.0
2025-02-12,269.78447219399146,272.117353638412,268.9674935735268,271.1330261230469,6683900.0
2025-02-13,271.1821937026794,272.62915615558643,269.51867802419144,271.9893493652344,8398700.0
2025-02-14,273.0229011658313,274.85376585107855,272.11733672996746,272.255126953125,5688600.0
2025-02-17,,,,,
2025-02-18,272.42246265234974,275.58214521640923,271.6940399447785,275.5624694824219,7919800.0
2025-02-19,274.0170835183605,275.8577710649427,272.87526005839027,274.8734436035156,7007200.0
2025-02-20,274.31237611058543,274.37143335649915,261.5751760608188,262.6185607910156,13846700.0
2025-02-21,264.1147669447042,264.9809799671769,258.7206413297641,260.09869384765625,12835600.0
2025-02-24,261.3290936687731,262.81543777965055,254.55691578411952,257.244140625,10372800.0
2025-02-25,258.120209112606,258.8781304675106,249.37937617494492,253.3658905029297,9608400.0
2025-02-26,253.12964184778238,256.8208696569732,252.90323572800804,254.73410034179688,5943600.0
2025-02-27,256.1023002812493,259.5080947741608,253.81865346317065,254.99000549316406,8204400.0
2025-02-28,256.6437114496689,260.6597543003171,253.84822504631072,260.50225830078125,10467100.0
2025-03-03,259.8624317856823,262.14607854716746,253.779295705583,256.535400390625,9058300.0
2025-03-04,251.27910771685373,253.19855824083865,242.09533089800894,246.32794189453125,13465600.0
2025-03-05,247.31228013130092,249.0840726048274,243.94588194142335,247.587890625,7861400.0
2025-03-06,244.22148775407217,245.45189708437567,240.02825816346999,242.67608642578125,9983200.0
2025-03-07,241.38661204275448,242.8532653241074,235.6676720636346,238.48284912109375,20498700.0
2025-03-10,232.50799254508934,233.78760620871546,225.1156838157023,228.5805206298828,18887200.0
2025-03-11,228.11789292464056,229.66329427384025,223.1371982913278,225.54879760742188,18143000.0
2025-03-12,230.33261991741372,230.64761190621743,223.6982475947717,224.32821655273438,16054000.0
2025-03-13,225.70629207243212,225.90315456267533,220.71574458573545,221.66070556640625,16467900.0
2025-03-14,224.54477159902027,229.4860995707607,224.013241388188,228.7970733642578,11962100.0
2025-03-17,227.55680203176283,231.97643748249317,226.84810011900387,230.26370239257812,9586000.0
2025-03-18,230.64760773710017,232.46860444815488,229.8601427989696,231.28741455078125,10344900.0
2025-03-19,232.04535491987377,238.53206911141493,231.20867059231674,235.36253356933594,10120600.0
2025-03-20,232.85249986530974,237.97099961668997,232.49814138146405,235.26409912109375,8328500.0
2025-03-21,234.08291000283364,238.5025456891323,232.79344343809566,237.84304809570312,19326900.0
2025-03-24,241.63270503355284,244.79240284578717,240.57948244257165,244.17227172851562,9422700.0
2025-03-25,245.4026696961619,247.87334116333017,243.7391539327531,247.19415283203125,9287700.0
2025-03-26,248.64111968854195,250.67866969827517,245.8653090722259,247.09571838378906,12779300.0
2025-03-27,245.61922855796286,246.71183263341337,243.3060530316706,244.2313232421875,8022500.0
2025-03-28,243.0698257668777,245.599539532935,237.33119486348127,239.04393005371094,11978400.0
2025-03-31,235.65784758325657,242.00675687898743,233.63997322827274,241.45553588867188,13603000.0
2025-04-01,238.8175081376331,241.8394004543817,237.10478808025886,239.84121704101562,8054700.0
2025-04-02,237.81351374153482,243.37495772827663,237.67570850174647,241.96737670898438,7758800.0
2025-04-03,230.5983992730199,231.45475936069658,223.7376356451,225.10585021972656,17188500.0
2025-04-04,213.24095511751497,215.607987574706,206.9222595144689,208.25929260253906,27170700.0
2025-04-07,203.7926499875628,219.91620553083897,200.217339808407,212.37933349609375,22914400.0
2025-04-08,221.37207030821745,225.65054905266808,211.20075649105397,214.7859649658203,19485700.0
2025-04-09,210.45796569487658,235.19791432492164,208.97238005467744,232.0880889892578,24022400.0
2025-04-10,227.7898096605314,228.1364523722699,217.98494998522446,224.92758178710938,18896400.0
2025-04-11,224.135245979575,236.28734025489058,222.83783699103913,233.93020629882812,20284500.0
2025-04-14,234.82156570866533,237.47580467962493,231.3849098728121,232.4644317626953,13017800.0
2025-04-15,233.83118550413695,236.3566689994213,230.58270611748736,230.8897247314453,10912900.0
2025-04-16,229.77058173792562,231.33540044425504,225.73968539929047,227.40354919433594,9322300.0
2025-04-17,228.5821157568302,232.08809125254,228.33451814771584,229.73097229003906,9557900.0
2025-04-21,228.41374466977848,229.58239809757103,224.1649613559644,226.7895050048828,8716200.0
2025-04-22,229.75077022647423,233.7222455658828,229.146631453097,233.32608032226562,10701400.0
2025-04-23,237.9115852851014,244.41844241462425,237.6936981861248,238.56524658203125,14126800.0
2025-04-24,237.43620133269152,243.11113412666035,235.29695442919305,242.2891082763672,9055200.0
2025-04-25,242.2990151434575,243.259695079398,239.42688891181936,241.2095947265625,8588600.0
2025-04-28,242.2098863011783,244.46797532069593,238.52563261414235,240.8827667236328,7394300.0
2025-04-29,239.86266087494008,242.89325317551487,239.3674656594956,242.26930236816406,7216800.0
2025-04-30,238.89208248407334,242.8635426715609,236.13878318301607,242.26930236816406,12991700.0
2025-05-01,240.50640240816827,246.06249318666562,239.84284265004308,244.51748657226562,8689600.0
2025-05-02,248.8454928034209,251.18281481145482,247.06280212773012,250.08348083496094,7165000.0
2025-05-05,248.76626720064505,252.70803209178587,248.18194045918935,250.1330108642578,5450700.0
2025-05-06,247.59760543838547,250.22213401116895,246.60721501663193,246.8548126220703,6369900.0
2025-05-07,247.44905548636268,250.02406154233302,246.43885301429253,246.99346923828125,8724100.0
2025-05-08,249.15253541008562,253.42111587703673,249.1327233694704,251.03427124023438,8320100.0
2025-05-09,252.05437818656395,253.05466713506053,249.915131114133,250.6480255126953,5087600.0
2025-05-12,260.3736442284861,261.06692963579167,256.2140224576069,257.551025390625,9603900.0
2025-05-13,258.52162098572154,261.13626631205113,257.8877868069351,260.48260498046875,8589000.0
2025-05-14,260.4726959367646,264.07773178744077,259.7695271595925,263.08734130859375,8643100.0
2025-05-15,264.4045330061705,266.9300165005274,262.21577862944,264.9195251464844,9214600.0
2025-05-16,264.9294400761183,265.8802064262929,262.1662423130763,264.9888610839844,8932900.0
2025-05-19,262.99816991499483,265.7415707842711,259.4129613490514,262.3346252441406,12145000.0
2025-05-20,259.9972852167219,264.09751611112114,259.77939811280237,263.1269226074219,8436300.0
2025-05-21,261.80971454261277,263.0972100036598,258.2245060448101,258.5315246582031,7464000.0
2025-05-22,256.94690892472084,259.77941119398804,256.38237909645915,258.16510009765625,6514100.0
2025-05-23,254.34216475157282,259.4723799421045,253.53995091856495,258.2046813964844,6671800.0
2025-05-26,,,,,
2025-05-27,259.5219231615278,262.75057549068066,259.4723855042117,262.7406921386719,7506600.0
2025-05-28,263.6815511085711,264.1569494186174,260.37365054000264,260.9579772949219,5535400.0
2025-05-29,262.25538946513706,262.85954338022884,260.00721393528187,261.82952880859375,5081200.0
2025-05-30,260.9183710832572,262.7802797047294,260.2052887641105,261.46307373046875,10977700.0
2025-06-02,260.49247495502414,262.48316935241536,259.3832425308735,262.1167297363281,6011200.0
2025-06-03,261.1956728046096,264.01826128387165,260.3538349141645,263.71124267578125,6998400.0
2025-06-04,263.3646451144359,264.55309553497005,261.64134515696793,261.68096923828125,5915700.0
2025-06-05,262.19596799161184,262.19596799161184,257.8085453857792,259.43280029296875,8173800.0
2025-06-06,261.7898818932406,264.0875948817465,261.7205775355199,263.17645263671875,7738100.0
2025-06-09,263.44384806606826,265.3255837931054,260.81931953433354,264.1767272949219,8285000.0
2025-06-10,263.3250270520284,266.3159954367044,263.2953165464439,266.0188903808594,7538100.0
2025-06-11,266.0981174361079,267.029086942071,263.23590455236,265.5732116699219,7434100.0
2025-06-12,264.2955793495838,265.71186065483215,262.5921368014331,265.6623229980469,6618000.0
2025-06-13,262.5326560188529,264.45401568169035,260.18543576691087,262.4039306640625,7098300.0
2025-06-16,264.4342351573897,269.1187926010441,264.28568264317573,267.7619323730469,8566000.0
2025-06-17,265.592989900642,267.98971758992207,265.2265200876263,266.92999267578125,6739300.0
2025-06-18,267.4054243002851,275.0512398633253,267.12811618035386,271.3273620605469,9586400.0
2025-06-19,,,,,
2025-06-20,272.9218906234205,274.6352466771413,271.1787938422642,272.35736083984375,13969700.0
2025-06-23,272.416802295977,275.8732553903245,269.4951382979165,275.595947265625,8094600.0
2025-06-24,277.51729237869773,279.99326843987956,276.8240372161571,278.5572204589844,9267900.0
2025-06-25,278.79489476774904,281.54817884280607,278.21056806460314,281.3302917480469,6826900.0
2025-06-26,281.96415081233175,286.6288809985696,281.73635014616826,285.9752197265625,8942100.0
2025-06-27,283.0634871930461,285.92573005163604,282.3008974405109,284.3509826660156,17868600.0
2025-06-30,287.60936609684416,289.83774449670244,286.1436076484999,287.12408447265625,12689200.0
2025-07-01,288.0946609399748,288.33234495014864,283.83596433703406,287.6192626953125,9338300.0
2025-07-02,289.23365484518064,290.00615823892747,286.91614466394003,289.19403076171875,8158700.0
2025-07-03,290.73649237209275,294.9659297104321,289.8010379194307,294.56787109375,6541600.0
2025-07-04,,,,,
2025-07-07,293.8215023235984,294.6076885980012,288.6765027897454,290.557373046875,8825700.0
2025-07-08,287.8704246702362,288.29836729820295,278.95378401211,281.4118347167969,15440900.0
2025-07-09,285.7905479002781,285.8104705722976,281.1133058346495,281.7900085449219,11273800.0
2025-07-10,281.63079258445833,286.91509937261486,281.63079258445833,286.7956848144531,8410900.0
2025-07-11,284.1385633556329,285.9895799471578,282.27761579845765,285.4720764160156,7384700.0
2025-07-14,285.6811040695642,287.9002954379141,283.8798636483791,287.30322265625,9079900.0
2025-07-15,286.6066015099572,290.53750281058245,284.0988046799193,285.1636047363281,12526100.0
2025-07-16,287.0046376972024,289.32338154204075,281.64073174918,284.4371337890625,9979800.0
2025-07-17,282.06866914194785,288.8954646605109,282.06866914194785,288.4974060058594,8509500.0
2025-07-18,288.1192152507357,291.08480816107146,286.83547847596185,289.8607482910156,12217000.0
2025-07-21,289.5920789805029,292.75668616305364,289.1740976686908,289.5622253417969,7898100.0
2025-07-22,290.08965762675587,292.2093570682598,287.7808750182681,290.0199890136719,6717500.0
2025-07-23,291.423171220215,295.55308652202564,291.1345658012183,295.32421875,7083500.0
2025-07-24,295.98102008785213,298.14050407118975,294.7669215419926,295.1152038574219,7001200.0
2025-07-25,295.2645078343046,297.45384549542877,294.52806747662726,297.1752014160156,5918500.0
2025-07-28,296.2198575860422,297.98128299458955,295.38392533944716,296.83685302734375,5840400.0
2025-07-29,298.5485452319008,299.832312479978,294.7669424736015,295.6028747558594,7635700.0
2025-07-30,295.9810293435777,299.15556747472186,295.9412143688823,298.1803283691406,8061700.0
2025-07-31,297.69269497782847,299.52378891963946,294.0702916971252,294.80670166015625,14749700.0
2025-08-01,288.99498616189175,290.38820663449775,282.8647857124969,287.969970703125,12007100.0
2025-08-04,288.8556567457698,292.8960109858209,288.8556567457698,292.8363037109375,6649500.0
2025-08-05,293.26421031948314,294.3588942877941,285.85024334176074,289.96026611328125,7182300.0
2025-08-06,290.8857846666577,291.8710155092677,288.75615418743877,289.9403991699219,6330200.0
2025-08-07,291.52269805254355,292.0401712516968,285.0242927594624,285.5517272949219,8057100.0
2025-08-08,287.58185183763345,289.82096576259374,283.33249175217816,287.3629150390625,6634100.0
2025-08-11,287.99979757897614,289.9105214566491,287.382802167726,288.1590270996094,5510100.0
2025-08-12,290.0896614971756,293.3239373114666,288.9352701775296,291.4331359863281,8570900.0
2025-08-13,292.5278258801357,293.1248986695454,285.770668693986,289.1243591308594,8420400.0
2025-08-14,289.1740897938242,292.77660086250484,288.2386656831993,292.7367858886719,6322400.0
2025-08-15,293.4134934775076,294.070303892013,288.4177923107223,289.08453369140625,7340500.0
2025-08-18,288.5969105571057,290.48771182814966,287.01460700223555,290.1195068359375,5386900.0
2025-08-19,289.4228836379399,291.0649248511568,288.12918548745137,289.25372314453125,6031500.0
2025-08-20,289.40300620960403,291.91080306079334,285.8801248660847,290.8260803222656,7374200.0
2025-08-21,290.52754171939233,291.35351266028397,288.0694908298476,290.059814453125,6624000.0
2025-08-22,291.78143186234297,295.7222638160247,288.72627805745185,294.80670166015625,8552800.0
2025-08-25,294.8067187195671,295.91136409796144,292.7169032581514,293.47320556640625,5856300.0
2025-08-26,292.73679070167583,297.2946182578716,292.0799802873029,297.1254577636719,6714700.0
2025-08-27,295.81182363943736,299.6133487290695,295.60284818014264,297.8320007324219,6056500.0
2025-08-28,298.5684346824493,299.78253330292296,297.2548441771251,299.6133728027344,6410500.0
2025-08-29,300.57866535154164,301.4842661940908,298.27984412427315,299.961669921875,6796400.0
2025-09-01,,,,,
2025-09-02,298.80728817166414,299.00630230729985,293.0751465546297,298.25,7221900.0
2025-09-03,299.1157821383293,299.1157821383293,294.9460518695642,298.0609130859375,6316900.0
2025-09-04,298.5485417515856,302.95710126266795,296.8368622307461,302.3500671386719,6605800.0
2025-09-05,302.1808574258392,303.67360004151425,292.8860503832935,292.9557189941406,9837700.0
2025-09-08,293.4632595438729,295.02564039164184,290.02993939924687,291.4928283691406,8188500.0
2025-09-09,291.1843363199733,297.5533654940205,290.89573090671735,296.408935546875,7848200.0
2025-09-10,295.26451981163615,300.081099305405,293.97079124265275,299.0859375,7787300.0
2025-09-11,299.7825282942652,304.2508253887744,299.3347237101347,304.0816345214844,7942500.0
2025-09-12,303.5243471922108,306.0619976191254,302.2306490078873,305.42510986328125,6846700.0
2025-09-15,305.68384616318764,308.4503945957688,305.68384616318764,307.40545654296875,7122000.0
2025-09-16,308.5001398603055,309.3957793536566,305.64403052143217,307.6940612792969,10525600.0
2025-09-17,308.8882633286686,311.39605995003245,307.27607581858564,310.2416687011719,8657800.0
2025-09-18,310.281503166292,311.92351404664583,308.11202738183795,311.71453857421875,8050700.0
2025-09-19,312.08273544953454,314.27207310967725,307.62439981099584,313.25701904296875,23568600.0
2025-09-22,308.30110308567663,312.182258270615,308.062273980115,310.9283447265625,7520200.0
2025-09-23,310.31133589735856,314.77960231730736,309.0773147087216,311.22686767578125,8584400.0
2025-09-24,312.53055191308846,315.04831005850303,310.1620923339846,311.90362548828125,7310500.0
2025-09-25,312.60021306425335,314.1228093708585,310.2914304489001,311.9334716796875,7083200.0
2025-09-26,313.3764314704185,316.2723558301295,312.1822555829643,314.53082275390625,7258100.0
2025-09-29,315.52599496806425,316.47141081731513,312.1424509532589,314.1626281738281,6462400.0
2025-09-30,314.71990956858593,315.8743008654659,308.6096017269858,313.90386962890625,11823300.0
2025-10-01,312.450932545579,313.06792796484126,305.92267396447164,309.2066955566406,9235200.0
2025-10-02,308.5001396138323,309.05742775902445,304.6588298723343,306.0619812011719,7600000.0
2025-10-03,307.0173638395194,310.15211730487346,306.71879709000723,308.5299987792969,6029900.0
2025-10-06,310.17999267578125,311.75,305.1300048828125,309.17999267578125,7214500.0
2025-10-07,309.3500061035156,310.010009765625,304.70001220703125,307.69000244140625,8454200.0
2025-10-08,308.2099914550781,308.7799987792969,303.54998779296875,304.0299987792969,6489900.0
2025-10-09,305.04998779296875,308.0400085449219,303.3900146484375,305.5299987792969,7060300.0
2025-10-10,305.6600036621094,310.4700012207031,300.80999755859375,300.8900146484375,8597400.0
2025-10-13,305.6000061035156,309.4599914550781,305.45001220703125,307.9700012207031,10788700.0
2025-10-14,305.8399963378906,307.0,294.2099914550781,302.0799865722656,16178800.0
2025-10-15,306.3900146484375,312.1199951171875,305.44000244140625,305.69000244140625,11354800.0
2025-10-16,305.3500061035156,308.67999267578125,297.07000732421875,298.5400085449219,10549400.0
2025-10-17,299.1600036621094,299.54998779296875,294.20001220703125,297.55999755859375,10153500.0
2025-10-20,298.5,303.69000244140625,298.1600036621094,302.3599853515625,6894900.0
2025-10-21,301.6600036621094,304.04998779296875,297.0,297.0899963378906,7372700.0
2025-10-22,297.7699890136719,298.05999755859375,290.5400085449219,294.1099853515625,8054100.0
2025-10-23,294.3800048828125,296.3699951171875,292.510009765625,294.5400085449219,5438800.0
2025-10-24,296.0799865722656,302.6000061035156,295.45001220703125,300.44000244140625,7228300.0
2025-10-27,302.1600036621094,304.5299987792969,301.010009765625,304.1499938964844,5642200.0
2025-10-28,304.8599853515625,307.9700012207031,303.1600036621094,305.3599853515625,6336000.0
2025-10-29,303.510009765625,308.25,303.010009765625,305.510009765625,7520300.0
2025-10-30,305.7900085449219,312.6099853515625,305.1000061035156,309.44000244140625,7514600.0
2025-10-31,308.5400085449219,312.8699951171875,307.25,311.1199951171875,7721300.0
2025-11-03,311.0,312.32000732421875,306.2099914550781,309.3500061035156,7770000.0
2025-11-04,306.7099914550781,312.2200012207031,305.1000061035156,309.25,7085200.0
2025-11-05,309.6099853515625,313.1000061035156,305.6300048828125,311.67999267578125,6865200.0
2025-11-06,310.989990234375,314.8399963378906,310.260009765625,313.4200134277344,7206100.0
2025-11-07,311.8900146484375,314.42999267578125,307.6400146484375,314.2099914550781,7302300.0
2025-11-10,315.0,319.55999755859375,314.2099914550781,316.8900146484375,5794100.0
2025-11-11,317.5,319.04998779296875,315.2799987792969,315.6199951171875,5030200.0
2025-11-12,316.260009765625,322.25,316.2099914550781,320.4100036621094,10578300.0
2025-11-13,319.2300109863281,320.6300048828125,309.1000061035156,309.4800109863281,8973300.0
2025-11-14,307.510009765625,307.6400146484375,301.2300109863281,303.6099853515625,10327000.0
2025-11-17,304.0,305.5899963378906,297.6700134277344,300.3699951171875,8344000.0
2025-11-18,299.5,302.95001220703125,297.0199890136719,299.4100036621094,8077300.0
2025-11-19,299.739990234375,304.45001220703125,299.2699890136719,303.2699890136719,5546600.0
2025-11-20,306.3399963378906,309.9200134277344,298.1600036621094,298.3800048828125,7501600.0
2025-11-21,301.2900085449219,301.67999267578125,292.80999755859375,298.0199890136719,11766800.0
2025-11-24,298.239990234375,299.82000732421875,294.510009765625,298.0,10940200.0
2025-11-25,300.04998779296875,304.5,295.55999755859375,303.0,8876500.0
2025-11-26,300.04998779296875,306.2900085449219,303.20001220703125,305.9975891113281,924784.0
