Date,Open,High,Low,Close,Volume
2020-11-27,275.69043945617915,277.41976872916064,273.1361786277299,276.10784912109375,7808400
2020-11-30,274.33876719310007,275.998548474072,269.34953557543525,275.27301025390625,16693300
2020-12-01,277.4496054254641,287.5274624222444,277.2508186824023,284.7943115234375,20738900
2020-12-02,283.6115924383215,289.992270617401,279.10934883904036,285.75836181640625,17361600
2020-12-03,284.4961739879799,284.8937171606204,279.3479186253754,280.1231384277344,12921700
2020-12-04,278.582627741805,281.72327048958266,277.58875460632856,277.986328125,10880300
2020-12-07,277.47942801246444,286.7224355369099,276.4955033677059,283.83026123046875,13007700
2020-12-08,284.2576290622062,284.6750387409286,279.82493360322025,281.6636047363281,10747700
2020-12-09,281.9220459850057,285.86772338842565,270.08501377474596,276.21722412109375,25189700
2020-12-10,273.8517825845174,277.02223996978546,270.1943067907997,275.4220886230469,20065100
2020-12-11,272.84796891647494,274.7860335083833,268.59419344898964,271.87396240234375,14391400
2020-12-14,271.6950875702101,275.5215051146524,269.896179665291,272.51007080078125,16376900
2020-12-15,273.1461349971062,274.38847639152533,265.8312434254545,273.8617248535156,23979500
2020-12-16,273.07655946498386,276.15754154878624,270.84034517994166,273.9809875488281,15885000
2020-12-17,275.3724371090971,278.721784724986,271.9336142200269,272.7983093261719,16377800
2020-12-18,274.0803675596874,276.2967154406914,269.478760690303,274.7065124511719,26693200
2020-12-21,271.3074906598264,272.9871386308636,266.1492868272138,271.11865234375,16553700
2020-12-22,269.836567106623,269.836567106623,263.0086632448877,265.4535827636719,17312900
2020-12-23,265.25478916955404,270.50243758705955,264.59882932604114,266.46728515625,14329000
2020-12-24,267.23260080437507,268.743276979402,264.5690282073802,265.76165771484375,6702000
2020-12-28,267.0934547025589,275.6010062514606,264.03233881390213,275.3028564453125,23299700
2020-12-29,275.2531697721038,278.79135561501096,274.58726144336214,275.0841979980469,16383000
2020-12-30,276.24701912073874,276.3761971361416,270.0452308268975,270.2042541503906,11803800
2020-12-31,270.3334622960556,275.39227234420343,268.1568779489153,271.4863586425781,12900400
2021-01-04,273.0964516443011,273.3151049414783,263.575160606713,267.292236328125,15106100
2021-01-05,266.64621141751144,270.73101513017787,266.56668458767825,269.3097839355469,9871600
2021-01-06,260.3947450099917,266.10951517719576,258.4169473013946,261.69671630859375,24354100
2021-01-07,264.27081868979917,269.9458248995876,263.1576858077317,267.0934143066406,15789800
2021-01-08,266.6660593336376,267.30215260547834,261.567486045614,265.93060302734375,18528300
2021-01-11,258.884085455386,261.8557564270497,254.33212950611943,255.26637268066406,30412300
2021-01-12,255.05765536457494,258.1287195660793,248.76643689922236,249.5515899658203,26383500
2021-01-13,250.00877588781722,252.39406520969743,247.67316808761396,250.0982208251953,19528900
2021-01-14,251.84742877824823,253.46744672820924,243.11129120361616,244.13497924804688,29739400
2021-01-15,246.38112359661773,252.3046136609989,245.6456672437145,249.81993103027344,24942900
2021-01-19,255.3259954708625,260.5935411435162,251.17161315727316,259.5002746582031,28028500
2021-01-20,267.2822843136615,268.66378247519873,261.9849540597102,265.8411865234375,25199900
2021-01-21,267.61025315301697,271.9236583247579,265.8510785349372,271.1981201171875,20838700
2021-01-22,270.34341162196165,276.76382288005954,270.33346318590617,272.8181457519531,21954000
2021-01-25,276.4358794988977,278.38386228871553,269.84649597140043,276.3066711425781,19087000
2021-01-26,276.4358822328191,283.64146230270273,276.107887120364,280.3218994140625,19373600
2021-01-27,280.7989509250698,281.7133274743246,266.47723666948883,270.4726257324219,35346200
2021-01-28,275.48174045199073,285.0328767798525,263.07822349122813,263.3763732910156,37758800
2021-01-29,263.67451957536355,264.92680937897524,253.28856394656756,256.7472229003906,30389500
2021-02-01,257.9299290265486,262.55146308120544,253.34818871798493,260.4046936035156,22914300
2021-02-02,262.3824878363312,267.2027782433836,261.65694958352583,265.443603515625,17320800
2021-02-03,263.99251695203805,267.5505989475678,262.2234243891426,265.0162048339844,14223400
2021-02-04,265.3740722049333,266.5170202299484,262.38250439973507,264.85723876953125,16060000
2021-02-05,265.16531379856116,267.5208183709261,264.0422627458969,266.4573669433594,12454400
2021-02-08,267.10340382972845,268.2065884459274,263.37637959024386,264.9466857910156,13755200
2021-02-09,264.8075352267552,271.71496498758677,264.12176040264853,267.7991027832031,14613400
2021-02-10,270.7807174893779,272.1224218071429,266.0796871673924,270.2042541503906,14687200
2021-02-11,270.22420828926306,271.90382615142704,266.8450150274502,268.7333984375,12828600
2021-02-12,268.8625484283655,269.51850833437385,266.69591228253864,268.8426818847656,9097600
2021-02-16,269.14085146943444,274.905334250107,268.3954465665495,272.29144287109375,15417200
2021-02-17,269.57811865209567,272.2914030205178,267.9282857354953,271.89385986328125,12763200
2021-02-18,267.9183613024888,270.28378397849195,264.4000422663077,267.7394714355469,15249100
2021-02-19,268.2065935027777,268.6140851336497,258.5560937159537,259.95745849609375,25622600
2021-02-22,256.3695624794466,261.45818758498353,255.95212245770577,258.7349548339844,17434900
2021-02-23,257.910031164985,265.82125137404944,253.39785463351936,264.2310485839844,21924600
2021-02-24,260.72267243697917,264.7478760026935,256.8068409960922,262.6905517578125,15736100
2021-02-25,260.6929069964781,265.304492827592,252.48352049257323,253.12954711914062,19053100
2021-02-26,254.8985866425429,263.92293932701955,254.8985866425429,256.0415344238281,26619500
2021-03-01,259.22195888828685,265.0162250378023,256.31983643041696,263.2868957519531,22157300
2021-03-02,264.1515431129104,265.07583764793793,257.06522434984396,257.4130859375,15191700
2021-03-03,258.69522870339836,259.3909216508671,253.53702506716826,253.84512329101562,15513500
2021-03-04,254.89861760998937,264.85721446691514,251.94681349311827,256.06146240234375,31626500
2021-03-05,259.0728994748729,263.8236114073833,254.04388913823584,262.6607666015625,26820100
2021-03-08,263.9229620574515,263.95277703411915,253.4873107607211,253.74571228027344,18391800
2021-03-09,259.57975769372405,266.88473072726873,258.21815645881406,264.11181640625,22039700
2021-03-10,266.99408354961366,267.32204832642117,261.25941636376814,263.2769775390625,14210300
2021-03-11,266.4672982208543,276.19732421411857,266.179096864279,272.20196533203125,21834000
2021-03-12,267.49104097379114,268.0873406145225,262.4023848382665,266.75555419921875,20600200
2021-03-15,267.4313533069336,274.2692049064048,266.8549202696918,272.07275390625,16844800
2021-03-16,274.38847212136983,280.4113710119352,273.1163157665065,277.5688781738281,22437700
2021-03-17,274.02073286502986,284.47629686724065,273.7225830792857,282.2698974609375,21315000
2021-03-18,278.1552134832823,283.44262477716205,276.57495915620297,276.9128723144531,18728300
2021-03-19,279.4969440020452,291.00597907950714,279.47707746264314,288.33245849609375,38930500
2021-03-22,288.67042170029026,297.8736649508509,284.99307950985985,291.7414855957031,28273100
2021-03-23,291.35385314791483,296.17414308641355,288.0343210899064,288.84930419921875,23000900
2021-03-24,289.2170782476114,289.932668108046,279.43737037540546,280.411376953125,18675000
2021-03-25,279.258461794406,286.2950696753565,276.04824090910284,277.03216552734375,24505600
2021-03-26,276.59480751352726,282.75683143808834,276.06805610579426,281.285888671875,17629200
2021-03-29,284.0191002190289,291.3837034091537,282.9556790706915,289.0381774902344,21718800
2021-03-30,288.05418676974176,290.6780259439062,284.9433898813635,286.23541259765625,17474500
2021-03-31,288.21321108354664,294.6833337840564,286.84166154052656,292.72540283203125,19498200
2021-04-01,296.57172245230413,300.5472147916932,294.78276303181883,296.83013916015625,17616000
2021-04-05,299.0464828744356,308.86592333763963,298.8377476915064,307.017333984375,28237000
2021-04-06,306.9477546088229,309.4423857147043,303.37975393521896,304.3835754394531,17335200
2021-04-07,304.46304918842156,312.3245882066602,303.6281995135551,311.17169189453125,22855200
2021-04-08,312.92094706575926,313.9446351306983,308.15033805654275,311.1021423339844,20894100
2021-04-09,309.4920901583085,312.8116228108316,308.42863861769206,310.54559326171875,15988600
2021-04-12,309.1441766858916,310.23744302431413,306.0432978573449,309.6311950683594,10881900
2021-04-13,310.2970615648588,312.503460701043,307.4247845451665,307.8620910644531,14036900
2021-04-14,305.41719273904334,306.14273102400807,300.0999958969131,300.96466064453125,17421400
2021-04-15,304.4630779079505,308.23981383785355,302.23681189830637,305.93402099609375,14558300
2021-04-16,306.28184393173495,307.0570636285844,302.7436282841753,304.30401611328125,13059200
2021-04-19,303.1412313782809,305.8147523329705,298.71848413426613,300.38818359375,14553500
2021-04-20,300.13969448393533,303.2306552541238,295.3889828059148,300.795654296875,16796400
2021-04-21,300.0999642457483,300.12977922250093,295.5679057957675,299.6228942871094,14863500
2021-04-22,299.48380537093317,301.0640904887024,294.2262378517524,294.7032775878906,16375400
2021-04-23,296.9295596067396,300.73608052329297,295.329408022333,299.2850341796875,17536800
2021-04-26,301.4814994436562,303.92641907657344,299.712406322179,301.183349609375,16172600
2021-04-27,302.4156632822183,303.46916619416015,299.265072651195,301.71002197265625,15309300
2021-04-28,305.47680067025,309.0150165696337,303.499003041627,305.2184143066406,33907200
2021-04-29,328.09736738838046,329.7770152743211,319.63949800194774,327.4911193847656,56526800
2021-04-30,324.1417290011476,327.79917407094416,322.511762852085,323.08819580078125,26332400
2021-05-03,324.1715769830547,326.5369692980911,319.86808981197174,320.6035461425781,18719500
2021-05-04,318.05922612807666,320.2159438807395,311.20150850309886,316.4093933105469,24032600
2021-05-05,316.2404651511072,319.0928759241575,312.5631227693904,313.0898742675781,15577600
2021-05-06,312.592932980306,318.27788789791794,311.3505916987527,318.0592346191406,19012200
2021-05-07,320.40479926906244,320.96136575158243,316.797035238393,317.125,15916700
2021-05-10,312.42399788740477,312.6525692762637,302.96230708362003,304.0953369140625,24239200
2021-05-11,298.90733126750047,304.96001473479134,297.8538282204869,304.65191650390625,18920100
2021-05-12,299.28500627008975,303.09152683166894,296.363016980272,300.6962890625,24645500
2021-05-13,304.20466235604255,306.96762833587326,300.91494485119154,303.38970947265625,18079200
2021-05-14,307.64346073053906,314.9086700242553,307.1862573068352,314.0042419433594,19245700
2021-05-17,311.62888995272834,313.7458444514255,309.6709587854065,313.5271911621094,15401300
2021-05-18,313.65639270152684,314.5608208181165,307.9118076767454,308.0608825683594,14522400
2021-05-19,302.32623971188497,312.7320915591814,301.7100432855901,311.66864013671875,19106200
2021-05-20,311.65874744023506,317.29402187905765,311.24133767771684,316.6579284667969,17320200
2021-05-21,317.3337603393,317.96982337092635,313.87507092604136,314.2925109863281,13600900
2021-05-24,316.26037314495517,323.9529721107169,316.0814832535799,322.64105224609375,16445400
2021-05-25,325.0760054955717,327.1631451056754,322.8099760038992,325.78167724609375,16437000
2021-05-26,326.3382406904663,327.8091534769758,323.8237429434357,325.6524658203125,9686900
2021-05-27,325.99034589829074,331.73493065851846,324.7579530769054,330.71124267578125,20477700
2021-05-28,328.97199286100545,330.8305306868107,326.3183383646688,326.7159118652344,12037400
2021-06-01,328.1271734052021,329.38941155956394,324.63869970941386,327.1134338378906,11765900
2021-06-02,328.3557755235138,329.8366366279992,325.11573974960027,327.13330078125,11654300
2021-06-03,323.78394171505016,325.37414456637805,321.49804596855154,324.0423583984375,12610800
2021-06-04,323.90321118032574,330.42301576565046,323.18762139263896,328.3259582519531,13289400
2021-06-07,327.4613170637955,335.62100665138007,326.91466866518186,334.5177917480469,20136700
2021-06-08,334.63707516830704,336.2272478175721,330.20437943321343,331.63555908203125,14580500
2021-06-09,333.6829156348599,334.7364186020533,327.97809424678275,328.2265625,13727900
2021-06-10,328.7633139788942,331.89400839429356,326.53701745611517,330.4230651855469,13240200
2021-06-11,330.54229713527786,330.79076540643126,326.91466644255866,329.23040771484375,13587900
2021-06-14,329.8664773549154,334.7563463750751,327.7892862059463,334.7066345214844,12250800
2021-06-15,334.9252874171548,337.837358661444,332.9773046270112,334.686767578125,15795200
2021-06-16,334.63707529361864,335.48184313988236,326.7059572643333,329.0514831542969,17232200
2021-06-17,328.4650768209857,335.90920618761595,328.1271636419363,334.4482116699219,17794100
2021-06-18,332.4803547202676,334.09042423024584,326.9842378923227,327.64019775390625,23039500
2021-06-21,329.06139913752077,330.880203664055,325.6424736824297,330.2540588378906,11337500
2021-06-22,330.6516675621201,337.83738150476523,330.562222616436,336.95281982421875,15345300
2021-06-23,337.2708115208801,341.31588194506173,336.1278636271558,338.5032043457031,14817800
2021-06-24,339.75552418734407,342.78682500016697,339.69589422798754,341.0773620605469,12329100
2021-06-25,340.4909381052506,342.01156254038114,337.5987641147874,339.2784118652344,14594400
2021-06-28,340.3617297049979,355.9456809666633,339.6759549274543,353.46099853515625,29156100
2021-06-29,354.08714735332995,354.5542689089571,346.91138258233707,349.7340087890625,21417300
2021-06-30,350.0122854863306,350.75769027409115,345.0429202345932,345.57958984375,15107500
2021-07-01,344.6950626069295,352.4969722089514,344.3770159477784,352.21868896484375,17137000
2021-07-02,352.92439870439,354.2561852256166,350.4595821144545,352.52685546875,11521300
2021-07-06,354.31573920005326,356.5917169570475,347.0405812588741,350.6185302734375,13488500
2021-07-07,353.0833537320467,354.3057981867932,347.855571719837,348.3425598144531,14218900
2021-07-08,343.61175339462056,346.19579915714627,340.46116236238475,343.5322265625,14406500
2021-07-09,343.20422151966557,348.5611810598005,343.1545096727732,348.2729797363281,13018700
2021-07-12,349.0780177304247,352.0198732590455,347.49776333168796,350.9961853027344,10018600
2021-07-13,349.3463882967267,356.29355143359237,346.6629188432887,349.9327697753906,11456000
2021-07-14,352.3875933506212,353.0236866020455,344.605581439612,345.50006103515625,13894200
2021-07-15,347.0902809569737,347.0902809569737,338.13547546318614,342.3494873046875,14781600
2021-07-16,342.79678744871774,343.870157091609,338.05602350249643,339.06976318359375,11026100
2021-07-19,335.5017249882691,337.7081243213313,332.4902909298218,334.8855285644531,14372300
2021-07-20,336.7241881211653,341.34572221793036,332.45054599989373,339.5666809082031,11024300
2021-07-21,339.4076427038064,344.3968744388851,339.1591744441404,344.1086730957031,9279700
2021-07-22,344.5558920076963,349.3861306668085,343.09489745204723,349.03826904296875,12385400
2021-07-23,358.6986952155608,373.0303263768468,355.0014865748279,367.5242919921875,33694300
2021-07-26,367.31561904053154,372.14585823740197,365.963966138738,370.177978515625,14925200
2021-07-27,369.6313432403058,370.8637361617753,362.3164215517457,365.55645751953125,15705400
2021-07-28,372.2650761750381,375.23674680088516,364.6818201748514,370.992919921875,29676900
2021-07-29,358.7881758014143,363.2804711278901,354.55426684655333,356.1246032714844,33413200
2021-07-30,351.8310778760998,358.51985476716715,350.77757481512225,354.1169738769531,15976200
2021-08-02,355.90598451973113,357.19800749497347,348.5910622931447,349.7936706542969,13180400
2021-08-03,350.5688430924882,351.60244920065014,345.569662989032,349.08795166015625,12406100
2021-08-04,350.260802064811,358.271417529169,349.3563738245638,356.7209777832031,14180600
2021-08-05,357.436540153828,361.67041898134795,354.7133072052219,360.7461242675781,10247200
2021-08-06,359.18568812376253,362.91271179064705,359.18568812376253,361.28277587890625,8925000
2021-08-09,361.531291141996,363.53890389930814,358.5397233838536,359.3944396972656,7798900
2021-08-10,359.6130512943721,361.8691623974456,356.84016748514983,358.9173583984375,7469900
2021-08-11,359.8813886813235,360.1397750144866,355.6176653822969,357.7544860839844,8400300
2021-08-12,356.25379112404374,360.775901168992,354.92197460511153,360.42803955078125,7170700
2021-08-13,360.74612912085155,362.4257771272756,359.265267871517,360.954833984375,7195700
2021-08-16,360.2988314743771,364.701711945367,355.19033999178566,364.3140869140625,11222100
2021-08-17,360.7559966925188,362.43564432244096,352.89445840226506,356.2537536621094,12328700
2021-08-18,354.0672725837368,357.6551397205648,352.9740061671831,353.2721862792969,10042400
2021-08-19,349.1972929689978,355.37918439009394,348.8494313445575,352.9441833496094,12004500
2021-08-20,352.42738834284296,357.7843482913817,351.1452836203347,357.16815185546875,8697700
2021-08-23,357.23773202618,363.44943859750856,356.89981882837156,361.123779296875,10942000
2021-08-24,361.4318975345869,365.7055397601209,359.6230412014873,363.27056884765625,9235100
2021-08-25,363.360020062835,368.58777206828563,363.16123330587004,366.1329345703125,9684500
2021-08-26,366.12295307301355,367.1764560624768,361.8989926790304,362.1474609375,7888700
2021-08-27,362.8630608868701,371.4501083679066,361.84929095236936,370.346923828125,11219100
2021-08-30,370.27735029994324,379.1526295780577,368.24984073489895,378.3277282714844,13547300
2021-08-31,377.6221180059855,380.41489914975773,376.4791396113428,377.05560302734375,12345400
2021-09-01,377.26427871435374,381.9752274067233,376.4890589253486,379.7091979980469,11567200
2021-09-02,379.16257404647814,379.41104231256367,371.76815602132564,372.9806823730469,14832900
2021-09-03,372.45392339362985,374.8491610703361,370.823957042106,373.9546813964844,7509600
2021-09-07,373.5770211027999,380.613629219104,370.86373665403454,379.8384094238281,10793800
2021-09-08,377.8307189247447,378.53636017926505,372.493626394746,375.256591796875,11067200
2021-09-09,375.32624124907073,377.50279537132553,374.2627897833095,375.68402099609375,9098900
2021-09-10,379.0234055085324,381.43854003126614,375.942423369066,376.3697814941406,11549600
2021-09-13,379.3414622525218,379.4110406460639,372.05638606835686,374.2031555175781,13026300
2021-09-14,375.0876565830574,376.27036785569624,372.8116789663076,374.2229919433594,8711600
2021-09-15,374.6901440027762,375.2467104904969,365.41732168896675,371.6290283203125,17940300
2021-09-16,370.50592668179974,371.27119797798827,367.4447808358514,370.7742614746094,11934200
2021-09-17,369.13439524901133,369.13439524901133,359.3745545629104,362.4853820800781,26299000
2021-09-20,357.0985483338319,358.8179595022379,347.65675505682754,353.5206298828125,19822800
2021-09-21,356.30356525001696,357.8341385696018,353.01384717164655,355.2898254394531,11751900
2021-09-22,345.10256700299203,347.6965612320792,338.6026284445046,341.107177734375,43692900
2021-09-23,343.2440325648418,347.5276539456655,340.8985063799259,343.8403625488281,21806300
2021-09-24,341.1369770274139,352.17892241885056,340.27231232414516,350.79742431640625,18801900
2021-09-27,347.66674460829853,352.97402329093165,344.95346014248616,351.41363525390625,15205800
2021-09-28,345.8379622519556,347.4579799694458,336.8434244304603,338.56280517578125,21710300
2021-09-29,341.0475243427285,343.11479723125944,336.80369742159866,337.5292053222656,14452200
2021-09-30,338.364110975775,340.69968850974493,336.0781846342511,337.31060791015625,16547100
2021-10-01,339.5170005569469,342.90611172141155,336.5652263462801,340.908447265625,14905300
2021-10-04,333.4742079813387,333.88169955284883,320.7228306792699,324.231201171875,42885000
2021-10-05,326.5668138262897,333.1263824322283,324.1616578801591,330.91998291015625,35377900
2021-10-06,327.71966580210676,332.33125097508497,323.80380384541974,331.5957946777344,26443000
2021-10-07,334.93518059756127,336.7639031664938,326.96433054211724,327.2028503417969,28307500
2021-10-08,329.47887806439275,331.35728243424967,326.69601521156073,328.0278015136719,15946100
2021-10-11,325.6225988825713,328.43524598060964,323.3168063633272,323.4559631347656,14708200
2021-10-12,321.0508290059376,322.39256376845077,315.4255035724989,321.7862854003906,31658700
2021-10-13,324.96664824228304,324.9964632183453,320.6830581412963,322.5515441894531,14761500
2021-10-14,326.3481485929878,328.4949180762692,325.0958891423564,326.5171203613281,14302200
2021-10-15,326.6662295526911,327.05385465161544,320.53404901667216,322.770263671875,21596400
2021-10-18,326.93456707876044,333.83204879181386,325.49343895724417,333.285400390625,21585000
2021-10-19,337.56900815656695,340.36178927189934,335.2135336521608,337.90692138671875,18786300
2021-10-20,341.34573218920605,341.8724837249417,337.37023974422755,338.69207763671875,13639500
2021-10-21,338.19516670843495,340.2127280639218,335.73035028675633,339.7853698730469,16354400
2021-10-22,324.35048404262034,327.61038651489633,319.1425685056117,322.6211242675781,35224500
2021-10-25,318.3375377005722,327.54081219391276,317.76110465545526,326.6761474609375,38409000
2021-10-26,326.24872981125117,328.18676377948725,307.7030577466487,313.875,65654000
2021-10-27,312.2649684277234,317.29396351222897,310.14801402970306,310.3070373535156,29971800
2021-10-28,311.0722970694251,323.5255244062937,306.2221920310187,314.9782409667969,50806800
2021-10-29,318.22819830351426,324.00259800719476,317.6418168731729,321.5874938964844,37059400
2021-11-01,324.042389566454,331.406992775987,324.0026261504321,327.958251953125,31518900
2021-11-02,329.34962315339686,332.7387335539009,321.8160492043012,326.06982421875,28353000
2021-11-03,325.48346486712654,330.1149167693705,321.2197714591406,329.5881652832031,20786500
2021-11-04,331.9635440901555,335.20354957861787,330.6118609826475,333.7922668457031,22495300
2021-11-05,338.22487292678636,344.665180023664,337.558995091059,339.03985595703125,26872800
2021-11-08,342.3097389468104,342.67746708988653,336.2669743521994,336.5452575683594,18342500
2021-11-09,337.9168224227629,339.2187936356499,332.42070590658125,333.315185546875,17556700
2021-11-10,330.45289014394774,331.1486135153084,323.51567462831423,325.63262939453125,21872600
2021-11-11,327.799237169997,330.42304641449175,324.99650771403645,325.7319641113281,12376600
2021-11-12,328.15701917584715,339.76544992726394,327.75947599433846,338.8014221191406,25414300
2021-11-15,342.2302693063314,351.4832257029283,341.0972697121567,345.4305419921875,25076600
2021-11-16,341.7233377464868,344.52606686534165,338.78148218055935,340.8586730957031,18181100
2021-11-17,342.13086981250353,345.1721191038279,338.0162509074294,338.68212890625,13602800
2021-11-18,337.63858681012385,340.3617895279023,333.24565415364344,336.6148986816406,17487200
2021-11-19,340.1033744571258,349.94271171951675,337.81744821274884,343.1843566894531,26488500
2021-11-22,346.91140291916014,351.6621152539828,338.4237482508499,338.9206848144531,27116800
2021-11-23,336.85341541295674,339.30828327725914,331.456691552481,335.1837158203125,17225000
2021-11-24,333.9413417533908,339.685926716758,330.77088432636765,338.9703369140625,13566200
2021-11-26,333.74252117490664,335.68058554046496,329.8664227743852,331.0789489746094,14750700
2021-11-29,334.82592377586695,338.58276288690587,333.2555872901131,335.95892333984375,16650900
2021-11-30,332.9474764870453,333.7525112425512,321.4483578555968,322.4720458984375,25390000
2021-12-01,328.26635473482355,328.47505959328305,308.3888927322043,308.6969909667969,30329600
2021-12-02,309.49207244051576,312.6724784430871,305.31782368406533,308.48828125,24396200
2021-12-03,311.8077910685257,311.8276576097567,297.664967184453,304.9599914550781,27471000
2021-12-06,306.2421104304496,318.1387721563251,304.46306916280713,315.92242431640625,21758300
2021-12-07,319.59976045763955,324.5393106751118,319.033245546018,320.8321533203125,18794000
2021-12-08,323.00876632578735,330.7112830612484,321.09059846971996,328.5346984863281,19937700
2021-12-09,327.52094160575854,334.07056152989054,325.99036857779504,327.7992248535156,16879200
2021-12-10,330.52242567515606,332.97729337085224,324.3703489464802,327.7296447753906,14528000
2021-12-13,328.92232375879104,339.0001815021928,327.57064053314815,332.44061279296875,22948700
2021-12-14,326.0400202077631,333.64317279841316,325.642477080357,331.6951599121094,20461000
2021-12-15,330.4528513988559,340.01390559683887,321.9950120940399,339.5666809082031,24681300
2021-12-16,336.90313347693825,342.3495389624486,331.6952175125707,332.8481140136719,22635000
2021-12-17,330.76094859133923,335.0445391358006,328.72352091142955,331.7449035644531,40012600
2021-12-20,327.75941965515386,327.87867955604656,320.55384078046245,323.4559631347656,17901800
2021-12-21,324.41009497598543,333.9413335651525,321.76638911225626,332.1523742675781,16116800
2021-12-22,331.75483520784053,332.4605069608264,326.2487999629968,328.4253845214844,16764600
2021-12-23,328.0775127333061,334.60726620714684,326.3481529337001,333.1860046386719,13987700
2021-12-27,336.77388396018983,345.73860781645715,335.93903425050047,344.0589599609375,17795000
2021-12-28,344.506185396692,350.54891958521813,343.0849543580081,344.09869384765625,16637600
2021-12-29,344.7845140129254,347.5474799636276,339.5468137974479,340.8388366699219,10747000
2021-12-30,341.89228134592133,345.1025017671077,341.11706168865146,342.25006103515625,10593300
2021-12-31,340.91833151787387,341.3357715551441,334.20968825669667,334.2892150878906,12870500
2022-01-03,336.2272701347971,338.9902362425969,335.12408551135024,336.4658203125,14537900
2022-01-04,337.86716843768403,340.9879141624603,329.83665690056125,334.4681091308594,15998000
2022-01-05,330.9796214127639,333.70285443499347,321.8558732876107,322.1838684082031,20564500
2022-01-06,320.8421436108407,337.09197598580187,320.74275022784667,330.4230651855469,27962800
2022-01-07,330.7012716884579,334.93518011018114,326.8649367064156,329.7571105957031,14722000
2022-01-10,323.31680695790044,326.3282407833615,313.4973373584024,326.0599060058594,24942400
2022-01-11,324.77782693585397,332.57973627319654,323.28701739358206,332.3213195800781,16226800
2022-01-12,333.1263589037451,334.3090702500505,328.00791880409434,331.2181396484375,14104900
2022-01-13,332.92762729602225,333.57363875526204,323.7641159538473,324.4797058105469,14797100
2022-01-14,319.8184428157322,330.69141727827656,319.2419794155193,329.8664855957031,16868500
2022-01-18,321.309236297588,322.223582545403,315.69385946569565,316.2007141113281,22645600
2022-01-19,317.6219485359713,325.09589357916025,317.37348026364396,317.63189697265625,20814700
2022-01-20,321.91544626327556,325.81144161902245,314.04398939089515,314.62042236328125,16925000
2022-01-21,312.88116630302665,316.35972190975184,301.18329165314026,301.3125,28710700
2022-01-24,296.0151472197404,307.63352566534803,287.23926148486333,306.81854248046875,38878100
2022-01-25,298.11221771996014,304.35373893077656,295.7567132382818,298.31097412109375,25108500
2022-01-26,305.1289826297409,305.62591916751484,289.0679900892156,292.8248291015625,28348800
2022-01-27,295.92570854139984,299.86143743195197,292.4571012100481,292.83477783203125,21629900
2022-01-28,293.8087366396124,300.0502579775452,291.2346091634408,299.8614196777344,21871600
2022-01-31,298.83775760964085,311.8674497740452,297.48610474698717,311.3406982421875,21579500
2022-02-01,312.63267286499047,317.7014309783703,310.2076204394612,317.04547119140625,18023800
2022-02-02,325.8115024611573,325.9903923483456,314.9285793648485,321.0210266113281,58458300
2022-02-03,243.15105364833332,246.48053467886555,234.30558891347803,236.3032684326172,188119900
2022-02-04,233.5303384672854,241.12352753008244,228.70011511285568,235.63734436035156,89342200
2022-02-07,236.24364380593295,236.83997375974104,222.63751800874095,223.53201293945312,88613800
2022-02-08,219.49687143062172,224.38672506740048,214.8256559150308,218.83096313476562,94729700
2022-02-09,222.82633926682897,231.94015349913388,220.84854156326838,230.57855224609375,86563300
2022-02-10,226.8714095200295,233.56017102260577,225.31102152364107,226.67263793945312,49310400
2022-02-11,227.06024661414577,229.0082293247873,217.42961420856673,218.204833984375,46156900
2022-02-14,217.9662860451339,219.64593384806687,213.46404255097434,216.36614990234375,38184000
2022-02-15,219.11918357688074,219.79500994387155,213.74232695681545,219.64593505859375,42685500
2022-02-16,211.1085865481224,216.12764868239077,211.05888986059503,215.21327209472656,45817500
2022-02-17,212.708698727665,216.16737244042838,205.89072950063314,206.43736267089844,38747500
2022-02-18,208.10710245504885,209.45877057283076,203.92288973670964,204.8968963623047,37128400
2022-02-22,201.10028998781266,206.20879738379662,198.83426041389296,200.84188842773438,39852400
2022-02-23,202.90913773009862,205.67210376203226,196.8365724227984,197.23411560058594,44481400
2022-02-24,189.889366125777,207.07343817046342,189.054516475467,206.32803344726562,49957200
2022-02-25,203.6843341870944,210.02524875323732,201.93510800868344,209.1903839111328,37627600
2022-02-28,206.40753420528648,211.8440206454023,205.56275126737984,209.7370147705078,34239800
2022-03-01,208.58414035237334,210.45262661274012,200.98101728702946,202.2432403564453,27094900
2022-03-02,203.5253161788994,207.868536431012,200.78223209840178,206.8349151611328,29452100
2022-03-03,207.73934477070128,207.79897472599427,200.18590368407854,201.72640991210938,27263500
2022-03-04,201.13007270257418,204.6285098835578,197.57200556846956,198.834228515625,32130900
2022-03-07,199.559745321281,199.65913868357725,186.13252706726115,186.3213653564453,38560600
2022-03-08,186.69904711746747,195.4948139741279,184.96970265647303,189.12408447265625,37508100
2022-03-09,194.54072913659797,197.88014341213315,192.73187278658716,197.2838134765625,31894700
2022-03-10,193.64621845672053,195.07739805325053,189.89932803461798,194.0139617919922,24853000
2022-03-11,191.4596901265834,192.37405144770767,185.52626722691244,186.46051025390625,34694500
2022-03-14,185.88408492244588,191.11185197576268,184.6815069624439,185.48654174804688,31010500
2022-03-15,189.63096457277416,191.10189231327678,184.77092638520784,190.85342407226562,31721700
2022-03-16,193.50706135973311,202.48173293267735,193.32817150712586,202.38235473632812,40640300
2022-03-17,200.46417927893177,206.76533040305802,199.87779785383353,206.56655883789062,29499700
2022-03-18,205.43357805853142,215.47170298785966,204.73786988325043,215.16360473632812,52128000
2022-03-21,213.185766246382,213.39448625669743,206.35786334117677,210.1942138671875,30142300
2022-03-22,210.07493767010027,218.11538201500665,208.8922263369847,215.3225860595703,31998800
2022-03-23,212.02293703789337,215.4716776933273,210.86010740315126,212.1521453857422,23717300
2022-03-24,213.68267911720434,219.31793678850607,213.47395912998692,218.2246856689453,31502300
2022-03-25,219.15893583632416,224.11836770309765,217.54886638465652,220.46092224121094,40039000
2022-03-28,220.7690161565062,222.66730207647373,218.19487353973287,222.22006225585938,26224100
2022-03-29,224.68490297211844,229.4753635129291,223.90966798832474,228.45167541503906,31417900
2022-03-30,227.5074671642354,229.73373293044244,225.32094964444005,226.45396423339844,25588000
2022-03-31,227.0502873958518,227.09005080904572,220.89821100243108,220.9976043701172,24192300
2022-04-01,223.17420137831095,225.88747061892326,221.3355301287633,223.4723663330078,19544800
2022-04-04,224.5954159001588,232.9141432079849,224.4761559932633,232.4569549560547,28054800
2022-04-05,232.64580624643807,235.40877212269618,229.60455712834818,230.41952514648438,29727200
2022-04-06,225.51973655141703,227.5869943073352,220.0534347973533,221.93185424804688,28995100
2022-04-07,222.5579910036232,224.13826072274853,217.22089742942342,221.58399963378906,21037200
2022-04-08,221.0175006421963,223.7506516153979,218.68189283534048,220.96780395507812,18375700
2022-04-11,217.08174115310993,219.2583254727486,213.90135055228345,215.13375854492188,20516600
2022-04-12,218.89060402886972,220.66963009968677,211.8241661001175,212.82797241210938,20128800
2022-04-13,210.52219947875912,215.28284477767878,210.03519621839345,213.6727752685547,19231800
2022-04-14,213.57337583944476,213.67276920904337,208.71333730593284,208.89222717285156,18379500
2022-04-18,208.71333595839232,212.0726316471897,207.0237548432175,209.47862243652344,16580800
2022-04-19,209.23016971051322,217.0916944228771,207.71947834896403,215.9785614013672,20089900
2022-04-20,212.30121961881053,212.84785282113538,197.7012223078105,199.19203186035156,43036500
2022-04-21,200.36482668468886,201.72642800365506,184.44297508567922,186.917724609375,49954100
2022-04-22,189.2036038179686,191.53921150396803,182.14711440602153,182.98196411132812,36426800
2022-04-25,181.61040596126588,186.03313770313972,180.54696975527065,185.8443145751953,29281100
2022-04-26,185.48654635279757,186.04311287689308,178.40022611173077,179.84133911132812,31747400
2022-04-27,173.361248843906,180.09972129804714,167.96452608398238,173.87806701660156,71062900
2022-04-28,201.67671684548395,207.25234524488346,191.71810466983638,204.46949768066406,100890600
2022-04-29,203.20728862930306,211.17813949886104,198.67521482363207,199.24172973632812,49193400
2022-05-02,199.9374578863522,210.58184589553264,199.75856800037803,209.83644104003906,49915300
2022-05-03,209.1605899439389,213.58332218646763,206.81504883162143,210.7309112548828,41556300
2022-05-04,209.3593535489935,222.92572988646552,205.69197470474614,222.0411834716797,41375900
2022-05-05,217.39977838721526,218.8210094515068,204.89685463526573,207.0038604736328,41129200
2022-05-06,206.0696337819441,208.0971432889811,199.7883640152296,202.52151489257812,34747200
2022-05-09,198.61559197295782,201.32887639088509,194.3816981264719,195.00784301757812,36303200
2022-05-10,198.28759977595956,201.71647381017016,193.00020322177312,196.43899536132812,34452500
2022-05-11,195.1270956342218,199.4405009853025,187.11648136355788,187.58360290527344,31153400
2022-05-12,185.91388594359296,196.83655596627145,183.64785665599524,190.0682830810547,38262200
2022-05-13,191.40008914110496,198.66529929290215,190.10805103941027,197.403076171875,24549800
2022-05-16,195.84269080888842,204.11170683714172,194.7295426618797,198.81436157226562,27112600
2022-05-17,200.8816187660414,204.2011663241608,197.14466150633683,201.37855529785156,24872700
2022-05-18,198.77462973982668,199.76850288852583,190.45591633811117,191.0621795654297,23960000
2022-05-19,190.02852076499644,194.09345782790862,188.43833301230924,190.1179656982422,24446900
2022-05-20,193.7754487572125,196.69743823694742,186.71894334471935,192.3542022705078,31465600
2022-05-23,193.9940734540401,195.78304788855309,190.06827813391064,195.02769470214844,25059200
2022-05-24,179.443788418123,182.554600859833,175.03098949702158,180.1693115234375,50406300
2022-05-25,179.2946820608529,184.31374371387494,178.22131257273935,182.70367431640625,28030200
2022-05-26,181.75949813657598,191.64853140148557,181.1432865674152,190.4558868408203,23056500
2022-05-27,190.18757261921132,194.13325036300617,188.63713288251333,193.93447875976562,22562700
2022-05-31,193.69590875741002,196.38931126562034,190.8335496586918,192.4535675048828,26131100
2022-06-01,195.30598302068904,198.30748380765866,183.8665099426817,187.4842071533203,36623500
2022-06-02,187.29537914604646,199.70885939152961,186.57978931425544,197.6416015625,31951600
2022-06-03,194.77922039479748,195.4053652187301,188.6172110144746,189.611083984375,19465000
2022-06-06,192.8014434305076,195.7134842632058,187.2456814112571,193.05984497070312,30574200
2022-06-07,190.7540692991116,195.32589192471147,190.31677784531857,194.45127868652344,18828700
2022-06-08,193.47727990727512,200.79218673216184,193.21887835363768,195.43521118164062,22267200
2022-06-09,193.0896482758057,198.2279699471078,182.55458824332985,182.8726348876953,23501600
2022-06-10,181.91854252823424,181.97818765865242,173.94769044139596,174.49432373046875,27450800
2022-06-13,169.5448041990691,171.5226170775294,163.02499925449797,163.2535858154297,31749300
2022-06-14,165.01273283044665,165.72832260303596,160.37134774439835,162.72682189941406,27244300
2022-06-15,166.17555720820496,171.10517380196882,162.97528503818165,168.31239318847656,30008300
2022-06-16,162.7168979129167,164.06856587545087,158.63207904686337,159.8843536376953,26944100
2022-06-17,160.68940964277675,164.88355570639268,158.92031658261283,162.73680114746094,31374200
2022-06-21,164.91335109699284,166.7321406335087,155.01438382008965,156.0877685546875,50724900
2022-06-22,157.4096240342651,159.8048466431688,154.48763473830567,154.89512634277344,47267800
2022-06-23,155.3125578985894,158.77123213640348,153.30492993452418,157.77735900878906,40499200
2022-06-24,160.73908895069596,169.20689183692465,160.31173080572336,169.11744689941406,68736000
2022-06-27,170.27032747262896,170.69768557784752,166.98059514564056,168.4515380859375,29174600
2022-06-28,168.859053664615,170.25048526893457,159.62597814253593,159.69554138183594,27744500
2022-06-29,162.56781870699797,165.3109028087811,159.3377313612752,162.935546875,28595200
2022-06-30,161.15650357459637,164.21763428554172,157.51893985948936,160.26202392578125,35250600
2022-07-01,159.3277827464295,159.63588095876648,154.05031939240212,159.04949951171875,31423900
2022-07-05,157.1711022629729,167.21916060331142,156.05796916712802,167.15953063964844,28618600
2022-07-06,167.1694248329202,170.53865347996867,164.4462226935692,168.7298126220703,23085900
2022-07-07,168.41180705594212,171.6617765957705,166.75204066776035,171.13502502441406,24083400
2022-07-08,168.93854345064622,171.34371450659899,167.11975387763115,169.83303833007812,19249200
2022-07-11,166.04636447495608,166.46378930276595,160.91797630706665,161.8820343017578,21885600
2022-07-12,163.79029323976258,164.8934930097814,161.10683884831963,162.26966857910156,16639700
2022-07-13,159.1787126634687,163.96917291871372,158.6320794483216,162.48831176757812,16555100
2022-07-14,160.23222575346915,161.59382707611041,156.31636323095012,157.08164978027344,23765200
2022-07-15,159.55638681837036,163.9691859752314,158.840812111461,163.69090270996094,23342800
2022-07-18,165.72834370553264,170.63807937279228,164.6251439294265,166.2053985595703,23574300
2022-07-19,169.32614610755383,175.40865946555184,168.47141468080926,174.7030029296875,25933700
2022-07-20,176.40252108207747,182.47508561034078,175.61735293351956,181.96820068359375,24784300
2022-07-21,179.52328350494386,182.72355575431672,177.77405733218947,182.04771423339844,27195800
2022-07-22,172.00963111013408,174.52412893366912,167.37817865176729,168.23291015625,42583900
2022-07-25,167.96454448781833,169.5249324467233,163.80021400572573,165.62893676757812,26166300
2022-07-26,164.923303015304,164.98293297426838,156.98225156504662,158.17489624023438,28468400
2022-07-27,161.59383663973324,169.82310535401686,161.027336813289,168.541015625,43846600
2022-07-28,160.0731884605082,160.52042829283477,153.9012454107436,159.7352752685547,73214300
2022-07-29,156.72383381232743,159.15881959844086,154.21926963775158,158.1251983642578,42065400
2022-08-01,156.28653136309566,164.17788551623966,154.27890362966764,158.95010375976562,40596700
2022-08-02,157.3400253411379,161.2459539467353,157.04186042108273,159.20851135253906,27374500
2022-08-03,161.6931978048426,168.50121862970332,160.58006491833302,167.76576232910156,31721900
2022-08-04,167.26883679895064,171.0952389297098,165.77802722884468,169.52493286132812,23938200
2022-08-05,165.96686069623243,170.55854918541522,164.78414937864324,166.08612060546875,25832700
2022-08-08,166.970664406663,176.42239120017555,166.10599974745259,169.20687866210938,27299100
2022-08-09,167.91486141605264,168.49130964832128,165.579268671756,167.4974365234375,18655100
2022-08-10,174.91173696419384,179.37421759567098,172.88422729389077,177.24732971191406,30262100
2022-08-11,178.60894161117974,181.9781708161605,175.2893939289972,176.4025421142578,24079100
2022-08-12,179.70218696969965,180.34821356297536,177.8138342069235,179.3940887451172,21274000
2022-08-15,177.8635097327133,180.32831040143196,177.10815658522864,179.78167724609375,15878700
2022-08-16,178.34056161213311,179.88106769210418,175.95525747257545,178.37037658691406,21156700
2022-08-17,175.6769877047996,177.04853731084486,173.10286024979172,173.77870178222656,20118100
2022-08-18,173.27184283626048,174.68314090168204,170.80704164913695,173.5898895263672,18844500
2022-08-19,169.15720484122332,171.26422620353063,166.02651052659152,166.93093872070312,26240800
2022-08-22,164.47606289450601,164.47606289450601,161.26584189926172,162.05101013183594,19499700
2022-08-23,161.48451095733586,164.03877232378844,159.71541790011162,160.12290954589844,18111800
2022-08-24,159.61602887934706,164.4462528413282,158.79111237124837,162.2597198486328,20891500
2022-08-25,164.16793133761644,167.84527349093952,163.01505020798407,167.74588012695312,15550500
2022-08-26,167.4477345347144,169.8727873091303,160.67946119490765,160.78878784179688,24023600
2022-08-29,159.67567021255132,162.05102652806787,158.03577035123152,158.19479370117188,20052700
2022-08-30,159.36757091645794,160.66954235938263,154.95477155870012,156.19711303710938,19567900
2022-08-31,166.04638125033776,166.8116525959876,161.1465791243808,161.93173217773438,40953000
2022-09-01,162.5777547250822,166.33459362667566,159.36754903198496,164.3468475341797,30145700
2022-09-02,166.42404272160482,166.90109754944598,158.2444715927863,159.33773803710938,22634200
2022-09-06,159.11907339353186,160.6993278241325,156.7238358234476,157.56861877441406,19339800
2022-09-07,156.79341180049533,159.97381779196436,155.8492354065966,159.4073028564453,16831200
2022-09-08,157.73758185093848,161.23600370003766,156.77352388059248,161.06704711914062,22530800
2022-09-09,162.2497868595616,168.50124211238315,162.02120028821813,168.11363220214844,22086800
2022-09-12,166.36441665008795,170.33990902733152,166.25509000310177,167.9248046875,23220400
2022-09-13,160.55024869400128,160.63970879572776,151.73459943582296,152.19178771972656,44444100
2022-09-14,152.39055082092764,152.5992556609778,148.13677554080598,150.5419464111328,43064200
2022-09-15,148.88219630717373,153.25523196606096,147.78892980980177,148.63372802734375,34606300
2022-09-16,147.14288752843302,147.6696389581174,143.40591567672863,145.39366149902344,40122800
2022-09-19,144.35013218414943,147.66966464514056,144.2109905589971,147.11309814453125,22169500
2022-09-20,144.88680231427318,147.92805121718575,144.33023586998831,145.1949005126953,23217400
2022-09-21,145.49306363469597,148.6834025447015,141.12996189811955,141.2492218017578,38338600
2022-09-22,140.68273848122732,143.69417272125622,140.00689689619156,141.94496154785156,34418500
2022-09-23,140.55351941651617,141.74616399683237,138.03902191153918,139.54971313476562,31710700
2022-09-26,139.2614937242781,141.3685150057344,135.35557972608643,135.5344696044922,30497000
2022-09-27,137.0749599730175,138.56576944727274,133.298239605178,133.57652282714844,30826500
2022-09-28,133.79519216176465,141.15979548854583,133.44734567518378,140.74237060546875,32658500
2022-09-29,138.5061566379891,138.98321148251352,134.37164087797748,135.57423400878906,38985400
2022-09-30,135.21642190371125,140.12615684924032,134.6697887318875,134.8486785888672,33166400
2022-10-03,136.29974761070991,138.76454849479632,135.26612632554432,137.7607421875,27723100
2022-10-04,139.6292217094435,141.51757432276668,138.4862586727072,139.42050170898438,34670700
2022-10-05,137.39300743915362,139.35093844042655,133.95420022497578,138.1284637451172,27979300
2022-10-06,136.876206513763,140.58334898379474,135.76307347865003,138.2179412841797,36231100
2022-10-07,135.9220720867006,137.44269663134227,131.62854842103565,132.63235473632812,33214800
2022-10-10,132.73175603979664,135.27606875896632,131.06204133952897,132.97027587890625,24024000
2022-10-11,130.81358018161882,131.84721675833785,126.21195019058734,127.75244903564453,38481400
2022-10-12,127.53379419723562,128.87551368548736,125.47646975049786,126.71881103515625,34605200
2022-10-13,122.7731235758977,130.33649728738465,121.77925063176168,129.49169921875,34325700
2022-10-14,130.19738024556224,130.98253334683,125.74482527942425,125.98336029052734,23559400
2022-10-17,129.5016741346494,133.96415486052337,129.38239904456117,133.21875,29612200
2022-10-18,136.25005207329107,136.99545685689836,130.59491202187598,131.98634338378906,25445000
2022-10-19,132.07578310683203,136.1606017664371,131.4098900129196,132.4136962890625,30691000
2022-10-20,132.1155527192634,135.93203720355203,130.5054830427251,130.72413635253906,26356300
2022-10-21,125.53609757548877,129.32275132042392,124.67143290893468,129.2134246826172,46348600
2022-10-24,126.47036393129076,132.6621896833713,123.80678346817444,128.92523193359375,63563400
2022-10-25,130.07811232355533,137.50234537362087,129.78988064053456,136.66748046875,38433200
2022-10-26,130.8732018241182,134.71950101281618,127.74250764209185,129.0246124267578,82791500
2022-10-27,97.37968350473905,101.87198629575688,95.7894805793686,97.33992767333984,232316600
2022-10-28,98.96987783601818,100.2320932437833,96.91256097369354,98.59220123291016,95928300
2022-10-31,97.61820536552739,98.71146412763262,92.03263648492923,92.5892105102539,121361400
2022-11-01,93.75204218847023,96.8926769348267,92.97682245939012,94.61670684814453,110189600
2022-11-02,93.63277200588348,94.6167041273723,89.92563005775087,89.98526000976562,71821100
2022-11-03,89.5280791918986,89.90574819173403,87.86831314748764,88.36524963378906,60664000
2022-11-04,89.79641997478281,90.83004875798197,87.55026497316446,90.23372650146484,55638100
2022-11-07,94.19929457915546,96.2864266473901,92.5295874080377,96.12741088867188,81987300
2022-11-08,95.33229595731913,97.20078204271098,94.209222201583,95.8789291381836,52088300
2022-11-09,101.09676537553639,104.25728190019662,100.12276647409922,100.84829711914062,107677300
2022-11-10,106.46368838261209,112.05919116280576,103.96906479766398,111.18458557128906,80671000
2022-11-11,108.56076505602978,114.19602386926609,108.14333257965471,112.3275375366211,59961700
2022-11-14,110.30996649561311,115.55761492926752,110.1211357743703,113.52017974853516,53395000
2022-11-15,115.35884932437982,118.01248865648596,113.70902393693684,116.36266326904297,50670500
2022-11-16,113.79845495837523,115.36877606933966,111.9697323349602,112.53623962402344,33287800
2022-11-17,109.73352955640752,111.64176403545873,109.12726637566992,110.76715087890625,35093800
2022-11-18,113.10276522106008,113.61957591226657,109.94224836452173,111.36348724365234,33357700
2022-11-21,110.83673039387718,111.68152863781945,108.52101171630886,109.18690490722656,24351100
2022-11-22,109.18689613594024,110.93611486322943,107.65633069739341,110.75721740722656,29029000
2022-11-23,111.03551167607833,111.97968815375668,110.05157936171398,111.55232238769531,21343100
2022-11-25,110.61806746785174,112.03930615518064,110.33977665959675,110.7273941040039,12007600
2022-11-28,110.10125624959765,111.35353842692945,107.71595939175366,108.11351013183594,23309400
2022-11-29,108.8688564526355,110.2602802601989,107.8749833876116,108.78934478759766,23899200
2022-11-30,108.83904515996923,117.43604898011128,108.70983680424439,117.37641143798828,43348600
2022-12-01,118.4696641064215,120.45741019936582,117.67457021883354,119.70207214355469,36551400
2022-12-02,117.10806555064268,123.28001639977002,116.88941226221904,122.73338317871094,39950500
2022-12-05,121.00404425522422,123.90615175140682,120.6064935173219,121.67987823486328,35474900
2022-12-06,119.17533334723815,119.81141155817963,113.04313023394697,113.42080688476562,43689200
2022-12-07,113.06300750188859,115.17001364937002,112.1883943092132,113.23196411132812,29461100
2022-12-08,115.67687789278482,116.62105420996505,113.88790345927049,114.62337493896484,30619400
2022-12-09,114.59358086687176,116.81985467042288,113.17234191393564,115.18990325927734,26033400
2022-12-12,114.47430081764996,115.0109931868295,112.44679883941056,114.0071792602539,24747100
2022-12-13,121.38171327630926,122.54455051154657,117.91309844324743,119.41384887695312,44701100
2022-12-14,118.6584988754752,123.37939570552724,118.6584988754752,120.84501647949219,36922000
2022-12-15,117.60500578363975,117.90316316415321,113.31147429345609,115.43836212158203,34531000
2022-12-16,119.49337427218687,122.55449786545938,118.09200946625407,118.69827270507812,67064000
2022-12-19,116.11419522164948,117.07825333464031,113.62951249029166,113.77859497070312,29769900
2022-12-20,112.5660759397682,116.61113938742164,111.77097438072092,116.37260437011719,28742500
2022-12-21,115.98497339232829,119.6026704222923,114.91159633989376,119.02622985839844,20392800
2022-12-22,116.48192412902353,117.89322969192419,113.67920229412923,116.40242004394531,23618100
2022-12-23,115.31910056195454,117.45592935433254,114.83210484083364,117.31678771972656,17796600
2022-12-27,117.20745682838695,117.87334999601642,115.33897810077517,116.16388702392578,21392300
2022-12-28,115.5377431325058,117.426103461524,114.80227919183648,114.91160583496094,19612500
2022-12-29,115.68682742518189,120.28845703182881,115.06068253515157,119.52317810058594,22366200
2022-12-30,117.43604796395763,119.68219568803877,117.01861550330855,119.6026840209961,19583800
2023-01-03,122.06749632496516,125.59574893488862,121.53080393011581,123.9757308959961,35528500
2023-01-04,126.59954813929444,128.25932191868313,125.07892356487793,126.58961486816406,32397100
2023-01-05,125.35720438179855,127.73256793435728,123.77694988060482,126.16224670410156,25447100
2023-01-06,128.17980371624262,129.5314716207076,125.26775548447387,129.22337341308594,27584500
2023-01-09,130.3564058607352,132.13543212468863,128.48791948774445,128.6767578125,26649100
2023-01-10,126.49019414785658,132.6223953886109,126.3709342588789,132.17515563964844,28684400
2023-01-11,130.1576226778225,133.0299152160999,129.54141106789942,132.07579040527344,25423000
2023-01-12,132.62242164142668,136.8364336493006,130.95270703873578,135.8723907470703,30757700
2023-01-13,134.14305235734915,136.54822341866293,134.01384400257325,136.14073181152344,22423800
2023-01-17,135.34560756046085,135.91212240669068,133.42744009578226,134.5306396484375,21147600
2023-01-18,134.97788548282642,136.40906498452154,131.986333305879,132.20498657226562,20215500
2023-01-19,131.67826212905086,136.60786457376756,131.3304004524365,135.31582641601562,28625200
2023-01-20,135.05740878002345,139.08259768412512,133.78525248338724,138.51608276367188,28688600
2023-01-23,138.4365709823822,142.87918474581332,137.810441270931,142.39219665527344,27470100
2023-01-24,140.82185726157238,144.11157421902107,140.4938773762727,142.26296997070312,21970200
2023-01-25,140.35477336014327,142.29282305110576,139.450345115927,140.633056640625,26622000
2023-01-26,143.515265702438,146.6062115666692,142.42201442110934,146.3975067138672,25482100
2023-01-27,147.33174704397013,152.25141563019716,146.4869488816092,150.810302734375,35771900
2023-01-30,148.49457376224427,150.19408815910592,146.04963942401824,146.15896606445312,28040100
2023-01-31,147.04351150022737,148.96169433075355,146.6161533774126,148.05726623535156,29842100
2023-02-01,147.1230139722215,152.63901196764832,146.1589559817911,152.18182373046875,55661000
2023-02-02,182.2564286606797,195.9519968665379,179.0561565091798,187.6134033203125,150475700
2023-02-03,182.34588176307366,195.56439578601183,181.76943359931832,185.3871307373047,76809700
2023-02-06,185.3871655594542,189.53161495626986,184.3833590935866,184.9200439453125,42483800
2023-02-07,184.4429519039574,192.59270741540576,183.2701738859877,190.44593811035156,47080700
2023-02-08,188.8358906897342,189.6608071899517,181.79926725893338,182.30613708496094,36139100
2023-02-09,184.98959960734402,185.50640268538584,176.18388358932918,176.82989501953125,37118800
2023-02-10,175.26951003235325,177.79394078561702,172.28789102527244,173.08297729492188,33433600
2023-02-13,177.1280495882559,179.8910153511435,174.7427604232,178.33062744140625,31463200
2023-02-14,176.07457792089264,180.39791719675873,174.80242145134432,178.38035583496094,24034600
2023-02-15,175.3390829215648,177.09824247899408,174.25576492894933,176.07455444335938,25308900
2023-02-16,171.69158212863468,174.77259487839456,170.73745725709796,171.38348388671875,25827500
2023-02-17,169.17707944999717,172.11893531873136,168.66026119429526,171.82078552246094,24171300
2023-02-21,173.242028709178,177.07837972703157,170.82692420113463,171.02569580078125,34592600
2023-02-22,170.02186694253015,171.70149962853893,168.65031730483764,170.07154846191406,22433200
2023-02-23,170.94616788766254,172.62581580091364,168.34222529947886,170.9859161376953,20017800
2023-02-24,167.60676087368128,169.67401876490612,166.6327694709456,169.34603881835938,19791300
2023-02-27,170.82689503434042,172.0592878409127,168.0241659123647,168.501220703125,19277000
2023-02-28,170.84678131948266,176.4621734828201,170.81696633944566,173.8681640625,46051100
2023-03-01,173.520281972976,176.76031763155478,171.98972423856208,172.35745239257812,30998400
2023-03-02,171.32382677173115,173.9377023605151,170.3796353215737,173.4606475830078,17352000
2023-03-03,177.82377174418224,185.4765915170855,175.96523391562997,184.114990234375,45877700
2023-03-06,186.84813287377062,188.49796577179592,183.5087188285636,183.76712036132812,33209400
2023-03-07,187.8420121919804,189.19368018791033,182.88258006137207,183.3795166015625,36701500
2023-03-08,181.74956095507594,184.1249169530522,180.22893639214087,183.83670043945312,19432400
2023-03-09,185.20826520367322,187.77244455246623,179.195329689893,180.57681274414062,26582800
2023-03-10,179.90096591277234,183.63793850658038,177.7045148355225,178.41015625,25665000
2023-03-13,176.8696519923319,182.6539851704362,173.74889126884977,179.7916259765625,24728000
2023-03-14,186.4306934427985,193.129402716885,185.4169387676025,192.83123779296875,41642600
2023-03-15,191.76779755003815,196.56820609087097,189.6707248561998,196.53839111328125,42123600
2023-03-16,197.04527617398142,204.4993244552846,194.88857335776035,203.67440795898438,50447100
2023-03-17,199.33119865265817,200.66298504811758,194.2326244861609,194.41152954101562,50141100
2023-03-20,197.26393088446127,198.13854407530098,192.45358866544325,196.59803771972656,25186300
2023-03-21,201.9550080555266,202.30286970176957,196.73717435368076,200.92138671875,31827000
2023-03-22,201.25930602100934,206.099463243779,198.44664328245995,198.58578491210938,28477800
2023-03-23,201.59718660683401,206.6063147939501,200.91141184125163,203.0283660888672,27389700
2023-03-24,203.92285580314848,206.30816011335196,202.3028531180641,204.74777221679688,27716400
2023-03-27,203.55511412982028,204.598683748418,200.12625552468282,201.59718322753906,18527200
2023-03-28,198.92368794177148,199.79830109207896,196.6874735449803,199.450439453125,19127300
2023-03-29,202.31281647480318,204.45958612364566,201.29906161307744,204.09185791015625,18851100
2023-03-30,202.1338937899942,206.81502708567444,201.57732734140617,206.56655883789062,22608300
2023-03-31,205.9702339223249,210.87002024615563,205.5031124264456,210.6414337158203,25440300
2023-04-03,207.56044763432632,212.18196649420364,206.92436947817563,211.76454162597656,17924600
2023-04-04,212.0825659910519,214.91511020236734,211.23776784654058,213.4044189453125,21026400
2023-04-05,212.83791977102638,213.87155629474378,208.65372248365333,210.1842803955078,19396600
2023-04-06,207.9679340546365,215.61082017465736,207.37160416327058,214.77597045898438,26104400
2023-04-10,213.39448637040647,214.33866272215778,209.36929753894145,213.43423461914062,16106100
2023-04-11,214.15978258875975,214.69648258351364,212.1024730496719,212.53977966308594,16710100
2023-04-12,213.5236925353061,215.5114387294504,211.27754479543106,212.6888427734375,18972200
2023-04-13,214.40823502869546,219.79502529559008,214.368486778278,218.99993896484375,23310400
2023-04-14,216.54506747083383,220.74914627427404,216.21708754073575,220.13294982910156,21591200
2023-04-17,218.44336821638782,219.62607966562152,215.79967722049534,217.51907348632812,15481900
2023-04-18,218.56262043131468,219.08937192101277,214.88529327416447,216.55499267578125,12281000
2023-04-19,212.1620852709725,215.99843592425572,211.62538532109843,214.37841796875,15898100
2023-04-20,212.1720180577438,215.42198723251823,211.46637667287166,211.76454162597656,16475400
2023-04-21,208.92205983816885,212.10245055483261,208.29591496579627,211.58563232421875,17717200
2023-04-24,212.3707829673363,212.60931795538758,209.41899400368396,211.48623657226562,15750900
2023-04-25,209.5283508894777,209.96564234941258,205.8609564322858,206.27838134765625,19198200
2023-04-26,211.19803230841,212.79816859509984,207.60021656386388,208.1170196533203,41992700
2023-04-27,238.42019581895784,240.20917027044277,235.31931687991633,237.0983428955078,71196500
2023-04-28,237.545593514613,238.95689143346272,234.3055728134763,238.8475799560547,39554000
2023-05-01,237.1579744285822,242.50501611214727,235.0112202378066,241.69003295898438,29143900
2023-05-02,241.69003211453244,243.4193766173221,237.52571692731894,237.77418518066406,24350100
2023-05-03,238.00276552863065,240.26879472689518,231.32393783944096,235.5777130126953,34463900
2023-05-04,234.6136796378168,236.74056744778332,231.5028520074018,232.08924865722656,17889400
2023-05-05,230.8170750089872,233.24211243247146,228.44171910413144,231.353759765625,27000500
2023-05-08,230.00210329645353,234.17636714390704,228.85915533576608,231.8407745361328,16400500
2023-05-09,230.0418387108402,234.43475531150239,229.66416213853566,231.94012451171875,16865600
2023-05-10,234.72301130129532,235.2994595267301,229.30640586795334,231.65194702148438,19119000
2023-05-11,231.62211918235204,236.75050780091402,230.8767143889087,234.34532165527344,20449000
2023-05-12,235.2895280534279,235.50818135320534,230.03193075237007,232.37747192382812,16161400
2023-05-15,235.46842903864038,238.7879617786208,233.88817434189113,237.39654541015625,20653200
2023-05-16,234.3453164957857,238.17173375066986,234.07698169506946,237.3567657470703,18163800
2023-05-17,236.98903199910285,242.34600727348626,236.68093377191283,241.00428771972656,21193100
2023-05-18,239.82158660665414,245.57610529194568,239.71225995697088,245.33758544921875,22943300
2023-05-19,245.95376877808485,247.1662951314435,241.91864655785506,244.13497924804688,21733600
2023-05-22,243.9063944439659,252.01640235796663,243.61816276027614,246.79856872558594,27738500
2023-05-23,245.29778893098276,250.06838229067287,245.13876561375682,245.2282257080078,17748100
2023-05-24,243.77717655928683,248.06076690925582,243.44919663824038,247.68310546875,17724300
2023-05-25,251.8474260443769,254.05382543946865,247.6433472684531,251.14178466796875,22371400
2023-05-26,251.3802803282078,260.7028135397748,251.16164222922555,260.4344787597656,25727200
2023-05-30,263.6248137552305,267.0039758955872,259.6890851602549,260.9115295410156,23816500
2023-05-31,258.40700133554753,263.3763667458465,256.8665101905946,263.09808349609375,25473700
2023-06-01,264.2708180932452,272.3211952601198,264.2608999882966,270.939697265625,25609500
2023-06-02,270.9894091127528,273.66292984303163,269.45883623806697,270.939697265625,19416900
2023-06-05,268.6438551269302,273.8815851580303,267.9083988254263,269.7272033691406,20742900
2023-06-06,268.4849165134261,274.87551380789125,268.03766144833685,269.4588928222656,19419000
2023-06-07,270.0054865664619,272.5696655164689,261.1898077318564,261.98492431640625,26163600
2023-06-08,259.02319447783515,266.01012094205356,257.29386504297963,262.95892333984375,20899400
2023-06-09,260.87179266403274,266.3082791185902,260.0965729470481,263.32666015625,16949800
2023-06-12,265.53308021076936,270.0850055045359,263.7043270796276,269.3892822265625,15442500
2023-06-13,273.1958395792714,274.0306893344269,267.44130590092897,269.65765380859375,16164000
2023-06-14,270.22418562547983,273.3051681295707,266.6760511965219,271.67523193359375,19175100
2023-06-15,270.6316315864153,282.2500104912735,269.75704874068026,280.1032409667969,25973500
2023-06-16,283.0053132352456,286.08632534536537,278.41362520966186,279.2782897949219,43127700
2023-06-20,277.0222262100039,283.0550121381082,274.527595328235,282.587890625,20701600
2023-06-21,281.79286378193234,282.259985393519,276.65452605447956,279.9144592285156,20556200
2023-06-22,277.3700702629299,283.5122286040647,276.08799589967447,283.1345520019531,17563100
2023-06-23,279.78520359910493,287.8952110829365,277.2408910940516,286.9609680175781,51092000
2023-06-26,286.9311881390044,288.01450622377763,275.89919020009205,276.76385498046875,24232700
2023-06-27,280.28210124173046,287.57712455810264,278.93041834990106,285.29119873046875,26108300
2023-06-28,283.0748707375466,287.77586987858786,282.31951767023673,283.5419921875,16722100
2023-06-29,282.7568884601105,284.8142129946825,278.9702344892543,279.8050842285156,15395700
2023-06-30,283.0153107326895,287.2790044495299,282.6773975218588,285.2217102050781,19694900
2023-07-03,284.9434043059661,287.62684323655463,283.1047331700127,284.2675476074219,8629300
2023-07-05,285.8875482884907,296.29339929866484,284.6054436891364,292.5663757324219,33865500
2023-07-06,294.07708709204957,296.29340439934816,289.52513191298294,290.2009582519531,47600500
2023-07-07,290.3898541389388,294.38524367476765,286.89143151632925,288.7499694824219,25586000
2023-07-10,293.7391628856008,296.30337229687683,285.2912421018023,292.2980651855469,37058300
2023-07-11,292.09928506956203,298.34080664753265,290.1115389577166,296.46240234375,27585900
2023-07-12,299.9012089337365,307.5540439617173,298.26132437934064,307.4447021484375,36677100
2023-07-13,311.6984509348841,314.3023933881679,308.38886713165334,311.48974609375,30281000
2023-07-14,309.8796614772566,312.95072531159866,305.4767811736153,306.9775390625,23054100
2023-07-17,305.65568167329144,309.8001147016973,302.8430043672202,308.716796875,25323100
2023-07-18,308.9752470835531,312.27491276551416,305.7352113559145,310.1380615234375,20731900
2023-07-19,311.11206950979573,316.7274459935439,308.6174385296386,314.0738220214844,21763700
2023-07-20,311.57921073138994,313.6067203081429,300.36832359676674,300.6664733886719,23836900
2023-07-21,302.7038893783664,303.5884205252872,289.41581298995766,292.4570617675781,42139300
2023-07-24,293.96779810729123,295.6971276766955,286.533616051222,289.8233337402344,24915700
2023-07-25,293.38142241255474,296.47235340133284,290.0718077833452,292.66583251953125,19585600
2023-07-26,299.3446655351669,299.9210986341491,290.11157519964195,296.74072265625,47256900
2023-07-27,323.12794894984836,323.3565506334248,307.9415724129924,309.80010986328125,64229200
2023-07-28,314.9384950804358,324.20139913117765,312.3246041214481,323.4858093261719,39220300
2023-07-31,321.7067592345927,323.66469029091354,315.64412776599033,316.64794921875,25799600
2023-08-01,315.59448100825944,322.15404970775984,312.7321215517065,320.7327880859375,22817900
2023-08-02,316.0516409351694,316.4392659968909,308.7466676964914,312.3842468261719,20461100
2023-08-03,308.03105195704984,314.01418683536014,308.03105195704984,311.2710876464844,15180200
2023-08-04,313.0302662363384,316.4591405981147,308.2994508574966,308.8262023925781,17612800
2023-08-07,311.31083874592497,315.12730727959365,308.55779123013735,314.62042236328125,16236500
2023-08-08,312.47368326135734,315.94232085738867,308.2099593514396,310.7244873046875,15183500
2023-08-09,310.9630475438108,311.7084524339226,300.9945006932728,303.34002685546875,19955800
2023-08-10,306.0532625291699,310.4262977842557,302.0081920277115,303.8667297363281,14358900
2023-08-11,300.7162259630138,302.8530473092932,298.51974431967506,299.79193115234375,14046300
2023-08-14,299.13595519780057,304.33389242312825,296.4226705467051,304.31402587890625,15641900
2023-08-15,304.2643060364655,305.34762400687663,298.1917260098696,300.0999755859375,11623600
2023-08-16,298.3606701853206,299.23525289911527,292.476929006167,292.48687744140625,18547700
2023-08-17,291.2545140049859,294.2361334501716,283.20416576746555,283.3432922363281,23950100
2023-08-18,277.3203811071162,283.9395789060304,272.69887773772837,281.5145263671875,35347900
2023-08-21,281.7133464245771,288.72013974924636,280.1231433753286,288.1238098144531,20181500
2023-08-22,290.75754394460523,291.1054055726011,284.9930924800381,285.837890625,12980200
2023-08-23,286.7324331007039,295.577898974258,285.9075316473013,292.437255859375,18287000
2023-08-24,296.67114337631796,297.6252531338038,284.8838220541256,284.9931335449219,18360900
2023-08-25,284.3769384145789,286.62310151166025,274.3388132103988,283.75079345703125,23701400
2023-08-28,286.2354654072445,289.66433988550926,284.0489323586986,288.48162841796875,14239300
2023-08-29,286.81189577136405,297.3171420810114,286.41435258373576,296.16424560546875,20844500
2023-08-30,295.3492862928779,296.4624193263805,291.63218022598824,293.2919616699219,17717000
2023-08-31,293.9876121441952,299.2551570790812,293.8484857004232,294.07708740234375,17229900
2023-09-01,297.5357883271389,299.8912627468376,292.6658161503416,294.5641174316406,12842300
2023-09-05,295.2001467861527,299.54339726274833,293.699419184796,298.31097412109375,14956000
2023-09-06,299.8614212554446,301.44167572223057,293.84850159896115,297.3370056152344,15418100
2023-09-07,296.17414912853707,305.1686874983564,290.4295644962477,296.8400573730469,33748700
2023-09-08,297.38671828458575,303.3797720273817,294.9616654281727,296.06488037109375,17548000
2023-09-11,299.56328484691215,307.1465412031133,299.43407649527063,305.67559814453125,19489300
2023-09-12,304.4531070510654,306.76884815895613,298.3905059297866,299.8117370605469,13480400
2023-09-13,300.5074485328093,305.29792403579717,299.4738423723781,303.19091796875,13210900
2023-09-14,304.86062074084737,310.95306761186254,303.1611062560932,309.81011962890625,19343100
2023-09-15,309.7007541019929,310.08837913459786,296.9195617514779,298.4700012207031,28131100
2023-09-18,296.363016980272,301.73987399777747,295.9753919193005,300.6962890625,14234200
2023-09-19,300.6267693294819,304.2941637770046,297.9731146029142,303.2008972167969,15924400
2023-09-20,303.1809654536814,306.17253307631813,297.59540369771673,297.8339538574219,19379500
2023-09-21,293.888214812785,298.42027259676473,291.47308072834664,293.91802978515625,21319600
2023-09-22,297.4662118927926,303.5089774314611,296.44252379513864,297.24755859375,25369600
2023-09-25,293.82861318774314,299.10607612024654,291.9004972403228,298.9867858886719,18987000
2023-09-26,295.83627299017616,298.46008222359,294.19638842796746,297.1282958984375,19417200
2023-09-27,298.60915866807244,299.4539264640221,285.0328496808238,295.9157409667969,36429800
2023-09-28,297.1084242521594,304.45313062279126,294.8821582340951,302.09765625,22167100
2023-09-29,305.4966569928512,308.7366923541044,297.5257769196716,298.3705749511719,25373700
2023-10-02,300.8851056417394,305.2979042369889,299.7819211582257,304.94012451171875,16265600
2023-10-03,302.3958267248528,304.8904274788593,297.8041380438366,299.0961608886719,17362300
2023-10-04,296.899756414109,305.01968359492326,296.6711546556586,303.707763671875,16880500
2023-10-05,302.76355357583645,304.3338596571605,297.6649799511563,302.9225769042969,19130000
2023-10-06,299.59310093157706,314.37198864360715,299.06634941720114,313.49737548828125,21803900
2023-10-09,310.5853120967943,318.36732433122893,309.9094857370149,316.4093933105469,22503700
2023-10-10,317.16479734182053,322.67086312994786,316.21068760266763,319.8681335449219,19038000
2023-10-11,321.03096564735466,326.82523258157005,320.9713356867048,325.8114929199219,22036300
2023-10-12,325.99032712534984,328.51477290724085,320.71286419498153,322.1738586425781,20530500
2023-10-13,321.54776705276197,323.05844326558616,310.4561394714202,312.7619323730469,21341000
2023-10-16,316.68774165332815,319.84825085704006,313.58683207904073,319.1823425292969,16536100
2023-10-17,316.23048377109484,322.4123746515941,315.35587073376195,322.01483154296875,16387800
2023-10-18,319.42085555543287,323.9429655381797,313.6265590251634,315.0279235839844,16851000
2023-10-19,317.92009129448974,319.9177856749948,309.83989917521274,310.8934020996094,18709200
2023-10-20,312.2153258681484,313.36819203110264,304.59230546295385,306.7589416503906,22312300
2023-10-23,307.6037429491092,315.41557142621997,305.3774767770148,312.08612060546875,17796800
2023-10-24,314.83910368776947,316.39949165621766,308.72679049402075,310.635009765625,19525500
2023-10-25,308.10064575656094,308.975258894185,297.00901886965295,297.6947937011719,42192500
2023-10-26,293.19256300342494,293.19256300342494,277.68813665644586,286.58331298828125,66684100
2023-10-27,292.6757424568994,297.47613587362036,291.1749844672782,294.9119567871094,29596300
2023-10-30,297.25749932854717,307.50432847654946,297.21773591231505,300.8056335449219,28435100
2023-10-31,301.4516121618608,301.8193403128151,295.0411192868356,299.4241027832031,19434200
2023-11-01,300.0006000946565,310.82386233821836,300.0006000946565,309.9393310546875,20434600
2023-11-02,315.3558977661489,316.8666041712566,306.4408555450822,308.9653015136719,21631800
2023-11-03,310.63499696628685,313.61661599458813,309.11437247507706,312.6724548339844,16764300
2023-11-06,314.0440019786591,316.3795792680462,312.5233774993668,313.8650817871094,12887700
2023-11-07,315.1174117712226,319.03327432489834,313.1892954750228,316.86663818359375,14055600
2023-11-08,316.1907732675959,319.3612002584029,312.9507375563008,317.8207092285156,13609700
2023-11-09,317.46294745053154,322.1937626103969,316.84672067314426,318.58599853515625,16103100
2023-11-10,317.979759689306,327.0836408576639,317.5026896858175,326.7556457519531,19096200
2023-11-13,324.2013945315165,330.2938107279638,323.7044580164961,327.1730651855469,16908900
2023-11-14,332.49030626377095,336.0284919764558,331.28769800766355,334.24945068359375,17179400
2023-11-15,335.85946556298404,336.32658704441684,327.99792719664504,330.67144775390625,14531200
2023-11-16,327.3519503221803,332.5300202413146,324.38027971108323,332.1424255371094,18932600
2023-11-17,328.2365616476584,333.4444473339065,327.332133426544,332.9872741699219,14494400
2023-11-20,332.8381621487933,339.7753766653028,332.14243887763337,337.88702392578125,16960500
2023-11-21,336.257079202815,337.8174672799034,333.84197480157417,334.9153747558594,12027900
2023-11-22,337.1316453771932,340.8189359745658,336.5055005462961,339.3976745605469,10702700
2023-11-24,338.04606769746846,339.76544877605295,334.70663825678906,336.15771484375,5467500
2023-11-27,334.12023521458156,337.8174441798354,332.1523859839552,332.6493225097656,15684500
2023-11-28,331.35727803769555,337.3006499613328,331.35727803769555,336.91302490234375,12637200
2023-11-29,337.60874184014665,337.8174466899702,328.75332924473264,330.1646423339844,16024500
2023-11-30,329.8565478251804,331.4566689095043,320.42467176423753,325.14556884765625,23146400
2023-12-01,323.4858243812868,324.8573437683303,318.7947421813911,322.8298645019531,15276400
2023-12-04,315.3459806718107,318.89408432067273,311.73821673728423,318.0592346191406,19037100
2023-12-05,317.025649126037,319.90787502054275,313.45764837307246,316.3398742675781,16952100
2023-12-06,319.9575366368389,320.2755832851544,315.0975133016453,315.5050048828125,11294300
2023-12-07,315.82299215965526,326.22884301958476,315.82299215965526,324.5889587402344,15905100
2023-12-08,321.1104258002026,331.1286826836747,321.0209808693534,330.71124267578125,14087400
2023-12-11,327.38176985090655,327.86878826016766,318.03936943973395,323.2870178222656,25802500
2023-12-12,322.6111876329253,332.420709465379,322.5714242196474,332.1722412109375,18485500
2023-12-13,331.884021649177,336.29682043546865,330.60194724752364,332.6890563964844,16353300
2023-12-14,331.8045495917031,332.6493478159684,326.62647909140543,331.12872314453125,19607300
2023-12-15,329.9558795687644,336.5850256635905,329.1906082963232,332.8679504394531,31776900
2023-12-18,335.4122768319549,345.43050350190754,334.9550734059196,342.5085144042969,18993900
2023-12-19,343.46266650843853,351.433548505903,343.00549335643024,348.21337890625,17729400
2023-12-20,346.5138697073803,352.78520689409953,345.65915335207166,347.1400146484375,16369900
2023-12-21,350.8173171913434,354.2262944451578,347.0703964124121,351.9205017089844,15289600
2023-12-22,353.4013464367252,355.0114461673292,349.068074734513,351.22479248046875,11772800
2023-12-26,352.8149376132633,354.7927653457745,351.2843951568848,352.6559143066406,9898600
2023-12-27,353.88834696542364,356.8003874162468,353.13299382109176,355.6375427246094,13207900
2023-12-28,357.4961529515435,359.68265549214016,355.6177183034802,356.1246032714844,11798800
2023-12-29,356.7904704261837,357.79429189534807,349.66441776440286,351.7912902832031,14987100
2024-01-02,349.16748463483236,350.9962073936978,337.9267829485323,344.1683044433594,19042200
2024-01-03,342.86632097466634,345.81812501954795,341.07733136318217,342.35943603515625,15451100
2024-01-04,342.389282432488,346.01691317588495,341.29601595802046,344.99322509765625,12099900
2024-01-05,344.8640379446358,351.33416191943985,344.1385299497112,349.7936706542969,13920700
2024-01-08,352.52679548883475,356.780571080703,349.893007548305,356.4625244140625,13890200
2024-01-09,354.2163327704473,358.43037493472315,353.1826963531045,355.2400207519531,13463900
2024-01-10,357.96328410212465,370.65503253997514,356.87993574330466,368.2001647949219,22117200
2024-01-11,369.85000971942884,370.496021182568,360.7063648653653,367.40509033203125,17205400
2024-01-12,367.8920991263074,374.74981798686133,367.27590260898086,372.195556640625,19310000
2024-01-16,371.3606953714515,373.3086782473232,364.9800467517999,365.2086181640625,15306900
2024-01-17,364.0556821213397,366.28197835392155,356.41279602355684,366.1130065917969,12724800
2024-01-18,369.21385438279407,374.5410291940179,368.67718482507104,373.825439453125,16354300
2024-01-19,376.6778996075572,382.0050447900212,375.6542115421644,381.10064697265625,21670800
2024-01-22,385.5730980910451,387.95838756894113,378.8246909551972,379.4408874511719,17680500
2024-01-23,382.26344144036744,386.00041375357046,379.7389954417294,382.83990478515625,15506100
2024-01-24,387.610490110571,393.7228033115795,385.4339057011945,388.30621337890625,15698500
2024-01-25,387.7794588566284,393.0668403985495,383.2970817231635,390.77099609375,15091100
2024-01-26,391.9338635501039,394.35891634363935,389.19076408481965,391.72515869140625,13163700
2024-01-29,392.5699045128875,400.46125892013566,390.69150022891546,398.5629577636719,18742400
2024-01-30,401.11722690954844,403.8702443822703,397.121868104815,397.6088562011719,18614700
2024-01-31,386.6166039898912,395.561461151611,384.72825132186983,387.7496337890625,20180800
2024-02-01,391.52635632259523,398.0461611804006,390.64179473906245,392.3612060546875,29727100
2024-02-02,456.7840522194359,482.9825308213264,450.2344325689633,472.0797424316406,84707600
2024-02-05,467.0010355247849,469.00864800314247,456.40634603561494,456.5951843261719,40832400
2024-02-06,461.15706962258724,464.2579485137057,450.2244666789483,451.9339294433594,21655200
2024-02-07,455.19384488408633,468.63099724636555,453.3849887014917,466.71282958984375,23066000
2024-02-08,465.45057055851487,467.7066511552246,462.1807201775207,467.1202697753906,18815100
2024-02-09,470.0522852391146,470.6883482382959,464.6058498426156,465.2419128417969,18413100
2024-02-12,465.32139724444704,476.21423671361623,463.72124595990954,466.02703857421875,19382000
2024-02-13,454.0707550183592,465.0232549468963,452.30166228238346,457.30084228515625,20916600
2024-02-14,465.0629918187606,471.2051197614083,463.2342691140207,470.3802185058594,16858400
2024-02-15,472.36800252431715,485.62626594797376,469.3267532855638,481.06439208984375,24212300
2024-02-16,475.1806436421215,476.0254418261027,466.3351792976931,470.4200134277344,23324600
2024-02-20,466.8420276425139,473.26243874190203,463.7013853169942,468.8595886230469,18015500
2024-02-21,464.13370687149865,466.6210257722033,459.4476065641492,465.65594482421875,12921800
2024-02-22,477.8040159750992,487.5045599749516,473.6452259371016,483.6641540527344,21625800
2024-02-23,485.57439655198465,491.8523871951448,479.90332752536756,481.5747985839844,18374300
2024-02-26,481.01762230545603,483.67409221525327,478.1621851039499,479.29638671875,12101400
2024-02-27,477.54532275377636,484.79832252512506,477.4856295315019,484.5794372558594,10809600
2024-02-28,482.5398592605076,488.5591587618415,480.30127228455683,481.5648193359375,12715500
2024-02-29,485.96242982330085,489.2059034516527,480.16198502612906,487.64385986328125,17732000
2024-03-01,489.61379135678675,501.69222661735574,489.3551308355633,499.7521057128906,16273600
2024-03-04,500.44856300487174,501.8613735006119,493.9019530154449,495.6629638671875,12324100
2024-03-05,492.4891510452031,493.06619568074393,485.41523054068824,487.7333984375,15325300
2024-03-06,495.10580533869546,500.4187148526618,491.7827509398976,493.5736083984375,11757900
2024-03-07,500.727171245107,517.2130988283819,498.83681484016904,509.59197998046875,18586400
2024-03-08,511.5817992511409,520.9142245261355,496.8170780559179,503.38360595703125,18597100
2024-03-11,494.48896538561377,494.797390505851,473.585527250344,481.13702392578125,20428300
2024-03-12,490.757987104442,499.76206954507495,482.27125607404656,497.2150573730469,15448200
2024-03-13,492.8771642279452,498.43880548351103,488.53926440350904,493.0562438964844,12090700
2024-03-14,497.7224674264116,498.8069348157495,485.68383796143,489.335205078125,12620000
2024-03-15,486.52950685184305,489.33517932821235,478.8585939599552,481.6444091796875,29153600
2024-03-18,489.4148164622424,494.89687699785384,484.3406798670799,494.4591064453125,11755300
2024-03-19,485.69382709698664,494.1109062169702,478.83876125659106,493.7228698730469,10903100
2024-03-20,496.96635707390317,505.62223970258543,492.65833374457833,502.955810546875,11711100
2024-03-21,512.0991762768015,512.4274586427936,503.4432945285819,505.1844177246094,9712500
2024-03-22,504.42830881241053,507.38324509037915,501.7817976709655,506.9952087402344,8120600
2024-03-25,503.22444425307214,504.6471834479925,497.70257780111496,500.4684753417969,8380600
2024-03-26,502.5677234825237,507.41301545836615,492.69802950849595,493.3746032714844,11205400
2024-03-27,496.7673278906444,497.3543618813131,485.59431061422856,491.35491943359375,9989700
2024-03-28,490.3400966676568,490.389861263491,482.6891012766324,483.1169128417969,15212800
2024-04-01,484.72869242617224,494.90678136689104,479.3361719911736,488.8576354980469,9247000
2024-04-02,482.6393866829691,495.00632951131587,482.1916571161402,494.8471374511719,11081000
2024-04-03,496.399204303205,504.66704996572884,496.2201246280004,504.1695861816406,12099200
2024-04-04,513.8005016929203,527.3116357014082,507.9901280675933,508.32843017578125,26476300
2024-04-05,514.2381586722303,528.0079805347015,511.8005744100025,524.6650390625,19263300
2024-04-08,526.5953027550338,528.7940538594455,516.2579905449139,516.6161499023438,13260600
2024-04-09,519.5808729752134,523.2024229807878,504.16945856133776,514.2779541015625,10863800
2024-04-10,506.70675157519986,519.9094316076772,503.23443315449356,517.1932983398438,11418500
2024-04-11,518.4666972249036,521.202748072992,514.6660665779463,520.5062866210938,10369500
2024-04-12,515.123737990224,517.5513636364286,506.7464346762261,509.30340576171875,11984500
2024-04-15,514.0989424271244,515.899819616972,494.7575784901864,497.692626953125,13512900
2024-04-16,495.58332092576734,502.2095416989092,494.58839342882914,497.2249755859375,9847900
2024-04-17,500.5480873965239,500.6077806241888,484.66905121925043,491.66339111328125,12193700
2024-04-18,497.2847319276467,509.611899753546,496.5086895960421,499.2546691894531,14808700
2024-04-19,500.2495469241986,500.2495469241986,473.31688192511666,478.6297912597656,25215400
2024-04-22,487.23593006211394,489.51432269556557,470.99870485706737,479.2864685058594,17271100
2024-04-23,488.7582129408432,496.23012938301144,486.48977909071306,493.5836181640625,15079200
2024-04-24,505.48290840251013,507.41307035405583,482.12199768384403,490.99676513671875,37772700
2024-04-25,419.2624505170922,443.50882930188044,412.39745670718804,439.14111328125,82890700
2024-04-26,439.22073884001725,444.17548932065966,429.76892644536053,441.0414733886719,32691400
2024-04-29,437.3303364993651,437.52933414767426,426.3861338234795,430.425537109375,21502600
2024-04-30,428.8635479295789,437.3900851083995,427.540307525372,427.988037109375,18429500
2024-05-01,426.4259702436035,447.67760894686876,424.9435074909519,436.9622497558594,20344900
2024-05-02,436.6139847113102,441.7080087029075,430.08726267672887,439.4395751953125,15221300
2024-05-03,443.668007889345,451.8662310455164,441.5985720718161,449.66741943359375,16489100
2024-05-06,453.2690963997237,463.79544726576734,451.04046832253687,463.31787109375,15094600
2024-05-07,463.9248080419381,469.13821905027163,458.97005756789605,465.8648986816406,13406800
2024-05-08,461.1489121542549,473.167623409138,460.65144838709824,470.2027587890625,11683900
2024-05-09,467.6159630384394,473.6651093708879,465.2579895296734,473.00848388671875,9437700
2024-05-10,474.6700156936645,475.07793966235334,467.2180175185063,473.7845458984375,10750000
2024-05-13,470.3519941832654,470.9489567793747,460.50221761718694,465.63604736328125,14668800
2024-05-14,461.0196368170201,470.143137053569,457.7463162298268,469.4566345214844,10478600
2024-05-15,472.5707200323795,480.05256461663254,468.8098949375625,479.0974426269531,13100500
2024-05-16,472.59057009888755,475.26692754594353,470.35198318789287,470.8295593261719,16608200
2024-05-17,468.4417271071665,470.4017356039655,466.04397842016175,469.5162658691406,10807300
2024-05-20,467.56623845361594,470.79975315837737,464.67099548981895,466.46185302734375,11745100
2024-05-21,464.7505532478491,468.31241088728547,459.9251485479307,462.273193359375,11742200
2024-05-22,465.4967358785644,471.31706796755446,463.2879955603807,465.4071960449219,10078600
2024-05-23,470.4813191751443,471.9537924370736,459.1988450138309,463.4173278808594,11747900
2024-05-24,465.2480124674549,477.41598724025806,463.93470082456554,475.79425048828125,12024300
2024-05-28,474.16257190750633,478.42086072812737,472.4314076373506,477.48565673828125,10175800
2024-05-29,472.25235392944796,477.41603077380756,471.2972319033344,471.953857421875,9226200
2024-05-30,469.27746824973343,469.337161470834,462.3527509742922,464.6808776855469,10719600
2024-05-31,463.4372619237708,466.74042882850387,452.15478663226554,464.4620361328125,16919800
2024-06-03,468.4715578088158,477.16724498616594,465.8648525627034,475.06793212890625,11279400
2024-06-04,474.58042407911756,476.46085165431924,470.82955828271923,474.5704650878906,7088700
2024-06-05,481.99266144397666,494.1307592784222,481.4553920679607,492.548828125,15690500
2024-06-06,490.479420331172,500.26950429464387,488.40002528581937,491.2554626464844,10667300
2024-06-07,493.39455175078575,496.3793345628318,487.68367701982754,490.4595031738281,9380700
2024-06-10,491.3549406030967,500.1103218903797,490.90724139106936,500.0506286621094,11220900
2024-06-11,497.62298629824124,505.02524998556305,495.74255858187735,504.8959045410156,9673700
2024-06-12,511.3828125691555,511.40273055275725,501.9111130225961,506.2589416503906,11983200
2024-06-13,503.1448180976174,506.7762976929087,498.81687705105156,501.5429992675781,9954600
2024-06-14,500.5968964653429,505.07851600467984,498.70466318287515,502.1007385253906,10243300
2024-06-17,499.62087619335387,508.6637743647287,493.98399156156387,504.56060791015625,11266600
2024-06-18,502.49909721170764,503.9332178916874,492.9980553050739,497.4497985839844,13060400
2024-06-20,499.94951929189,501.61271134449316,494.74087092833213,499.6507568359375,11801200
2024-06-21,501.39363331842634,501.39363331842634,490.3788111395844,492.759033203125,22359200
2024-06-24,497.1609858447437,505.72583407389845,492.27103752450364,496.8721618652344,13525300
2024-06-25,495.0197622321024,508.62397092534053,493.476105441877,508.5144348144531,12063200
2024-06-26,504.58053498632785,511.71129294913044,502.61858041839946,511.02410888671875,8882300
2024-06-27,512.1494968088584,520.7442516133123,511.8009507315939,517.4378051757812,10121200
2024-06-28,515.0376705751687,519.7483309396368,501.78200871300663,502.16046142578125,15855100
2024-07-01,502.8875079258409,504.5108245447137,491.1556253903847,502.61859130859375,10328200
2024-07-02,498.71462360739537,508.414830231222,497.40997681727634,507.4189147949219,7739500
2024-07-03,504.30171178683565,509.19166039271295,503.9531352936769,507.8770446777344,6005600
2024-07-05,509.5103190433139,538.6607515351633,509.5103190433139,537.7046508789062,21354100
2024-07-08,540.1347053371187,540.5928483145952,524.498881825066,527.157958984375,14917500
2024-07-09,531.5698881329231,535.2846334266213,526.0326004884434,527.835205078125,8753200
2024-07-10,528.6218872621627,536.67886919734,526.2018202535905,532.5059814453125,10983300
2024-07-11,528.721538419874,533.27287906743,506.2935042823457,510.6058349609375,16458300
2024-07-12,495.72682396387097,506.01461594111294,492.21124406768536,496.832275390625,19750500
2024-07-15,496.5933046067324,504.61041148158586,491.35477983646854,494.1333923339844,12539200
2024-07-16,499.4515899278473,501.89159489722795,483.8057669767174,487.7894287109375,14075800
2024-07-17,477.212785084963,477.212785084963,457.24466351880915,460.1029357910156,28076600
2024-07-18,473.05980739775333,477.28247890015706,462.64254099118193,473.9063415527344,19267200
2024-07-19,474.1155305579077,484.7220245556494,473.76695405427824,474.8425598144531,15149400
2024-07-22,484.59252173187576,490.050149288016,481.92347564527324,485.4091796875,12023100
2024-07-23,487.8392053450212,493.1972351637483,485.7278695189637,486.69390869140625,9455500
2024-07-24,470.3807782726331,474.3544708081435,458.6986802323284,459.3858642578125,17649700
2024-07-25,461.36775569424344,461.65654926341836,440.8419244851587,451.5579833984375,18240500
2024-07-26,462.3039479220281,467.8511736864162,457.54347345279035,463.7978210449219,14222400
2024-07-29,467.96071973080876,472.0240410745753,463.1205552198856,463.8077392578125,11339600
2024-07-30,465.0925004990839,470.79910678927354,454.83458384439035,461.2980651855469,11390400
2024-07-31,469.09606763159144,474.5536950449151,464.8435197528104,472.8905029296875,24285800
2024-08-01,518.8719105350699,525.0166913806773,490.08996226727584,495.7069091796875,43083100
2024-08-02,487.00265189205976,499.1030184525101,474.205132363959,486.14617919921875,24044700
2024-08-05,449.50644184069836,481.5052099273104,448.9586701106046,473.786865234375,21396200
2024-08-06,477.043478577752,500.5072430675952,476.69490210772165,492.07183837890625,20955000
2024-08-07,501.0749230408442,508.0662382489136,484.8713599351357,486.9229736328125,20105300
2024-08-08,495.4678819005727,507.8769785332296,492.6992384696895,507.54833984375,16156800
2024-08-09,505.6362141852453,516.2228304562868,503.6344448392047,515.6551513671875,13696600
2024-08-12,514.7487855060338,515.9040813348131,507.0205031729234,513.842529296875,9767400
2024-08-13,517.8859767641638,529.3290349818739,516.0335887091818,526.381103515625,13743800
2024-08-14,525.9031986536554,531.8189398542553,520.9933419526756,524.6085205078125,11444200
2024-08-15,529.6177831267418,537.5652286695024,524.5486082168562,535.1351928710938,13482100
2024-08-16,529.7273668316062,531.4801266811227,522.5168890750775,525.265625,14776700
2024-08-19,524.7179130055974,529.4883256256812,520.6247155258743,527.1181030273438,9879700
2024-08-20,526.1918692715275,528.9207284861334,523.7319874481549,524.5784912109375,7944400
2024-08-21,524.9968287446477,537.1967924253291,524.7776957474535,532.9740600585938,13423300
2024-08-22,534.8066230942219,542.0070727022841,526.4310004913544,529.75732421875,15708300
2024-08-23,534.7268709591801,537.664833499161,522.9153290935016,525.8433227539062,11323900
2024-08-26,525.4449677505722,525.8433582454032,512.8466737641226,518.991455078125,9584000
2024-08-27,516.8601092832141,521.869592480875,513.2051171074127,516.9796142578125,6282700
2024-08-28,515.5555079616431,518.961582394556,510.35685875222663,514.669189453125,9106100
2024-08-29,516.9298983217682,525.0466334932593,513.5736681430914,516.103271484375,8317400
2024-08-30,519.2204787963079,521.4015359928948,513.0956354478707,519.1806640625,9157500
2024-09-03,517.517465006485,523.3435454664982,506.54245844161755,509.6696472167969,12459100
2024-09-04,504.00292159927005,514.4799712214472,502.0110907683377,510.6456604003906,8335200
2024-09-05,509.6298507687644,519.4993764378627,509.0621716729977,514.7488403320312,8640900
2024-09-06,519.7483409096818,522.4373246835581,496.2148548235703,498.2265930175781,14744500
2024-09-09,504.0925486658529,509.24141432667926,500.02919676420294,502.7281494140625,11047800
2024-09-10,506.08437949017207,512.0797793299193,497.98758232644633,502.7281494140625,9899000
2024-09-11,504.93906039071254,511.0240886998088,493.57566239613766,509.7393493652344,10782500
2024-09-12,514.9380602419546,524.558637323084,513.1155179874306,523.453125,11970500
2024-09-13,518.2146256800378,525.4250431678239,514.9977777296826,522.4771118164062,10321400
2024-09-16,522.8958039523781,532.4258356345829,515.7782305715274,531.6084594726562,9527600
2024-09-17,535.9148722257875,540.4007670072886,528.9069393503737,534.638916015625,11690800
2024-09-18,535.3866083959347,542.4942649025305,532.2265615197421,536.2638549804688,10323500
2024-09-19,548.276081531881,560.3082566587606,544.8070087042197,557.3475341796875,15647000
2024-09-20,558.244709941919,562.7306049325238,554.5562952253196,559.5904541015625,22066800
2024-09-23,567.7148800735523,572.1808178690717,560.6470771833491,562.6408081054688,12830700
2024-09-24,564.9037451716252,565.9703985785299,552.4529045706721,561.5642700195312,12993000
2024-09-25,562.2819081784797,575.071708102893,561.9529255651923,566.528564453125,16543400
2024-09-26,573.9253420066469,575.5901511619721,560.5872770475031,566.0601196289062,14400800
2024-09-27,568.3130057800689,569.0507373700175,562.7405616236127,565.5816040039062,9398400
2024-09-30,565.9205581692032,572.8786599094663,563.0296238732356,570.6456909179688,12792300
2024-10-01,576.1683627356156,581.2125002616536,568.3130569030562,574.6630859375,15259300
2024-10-02,573.0581497332581,574.194591130728,567.5554929420721,571.0145874023438,6524700
2024-10-03,568.362920929364,581.5314759803197,566.947328032678,580.943359375,11581000
2024-10-04,581.9002719694098,594.9791423073664,579.6074935152689,594.072021484375,14169500
2024-10-07,596.3448350538949,601.06005012291,582.2092899242913,582.947021484375,12014200
2024-10-08,587.8415736537875,591.6994379728387,584.1332026418665,591.0315551757812,7857400
2024-10-09,592.1280687010161,592.5268391982069,579.7868701921382,588.6589965820312,9529700
2024-10-10,585.7282672228058,588.3799026728532,580.6941086330197,582.0,7740400
2024-10-11,582.9968229397224,589.3568292121914,580.8834731084019,588.1007690429688,8587100
2024-10-14,592.3573513981993,598.2189250414914,588.1107557408928,588.5692749023438,8252000
2024-10-15,588.3100722725044,588.758673882389,578.3215220907713,584.4323120117188,9564200
2024-10-16,579.5776520667735,580.2555133359557,572.2307578693267,574.9820556640625,11268400
2024-10-17,581.5016070194145,583.1364203045559,573.3970851091301,575.1216430664062,8701200
2024-10-18,579.2785785547779,582.1395779727648,573.4469391048106,574.6630859375,7694300
2024-10-21,574.2245067615513,575.4306751680575,567.3261531703059,573.357177734375,8171900
2024-10-22,572.4898962759062,581.7009850903903,570.3267150631275,580.1857299804688,8544500
2024-10-23,578.1520338144135,583.1662963021914,560.7368233674918,561.923095703125,14248400
2024-10-24,565.3523182834161,567.0968328541104,559.7599176050263,566.0003051757812,7184700
2024-10-25,572.1309862116045,579.4679013953893,569.9278916410104,571.453125,11337900
2024-10-28,580.1757074872899,581.9202220716588,572.3204026627383,576.3477172851562,10925100
2024-10-29,578.331560895051,591.8091414711773,573.5964496330529,591.42041015625,13019100
2024-10-30,599.0961635884153,599.3155056206892,587.5325489970706,589.9449462890625,26864900
2024-10-31,583.1662822441984,588.0509472364286,561.2452209594691,565.8009033203125,26838400
2024-11-01,565.8308037858104,571.8718061959343,560.7966452513473,565.3822021484375,15303200
2024-11-04,562.331870799297,566.9075107573979,556.1413742513266,558.922607421875,12064600
2024-11-05,565.5217565361041,571.6823777040769,564.8937264362966,570.6356811523438,9775400
2024-11-06,560.9860599935962,571.2039313662027,553.4298024690905,570.2568969726562,18305400
2024-11-07,575.0817610826855,592.9355956705097,573.40703432011,589.8453369140625,14653700
2024-11-08,589.6857922274284,591.2408999638149,582.6878378356098,587.4927368164062,9415700
2024-11-11,584.5219830495145,585.1599915098993,574.7028831683562,581.3419799804688,10209100
2024-11-12,586.6951878227678,597.7803270952668,578.560792275492,582.9868774414062,16287700
2024-11-13,580.7837499543639,583.8042813935028,573.3670687675797,578.1819458007812,10757600
2024-11-14,575.1914193973914,578.939643581166,571.213935608324,575.3508911132812,11053700
2024-11-15,569.4294904085906,570.775295360466,549.7713316531629,552.34326171875,17712900
2024-11-18,555.2939713255412,558.1450530771248,548.3658043375702,552.6622924804688,14327300
2024-11-19,550.1301887468238,559.670199030822,548.8741284623578,559.331298828125,9522400
2024-11-20,561.1654671706501,564.5747300141007,552.4628511582212,563.7473754882812,9797300
2024-11-21,567.7348499684634,568.2133259307972,547.3289818703621,561.3250122070312,11154700
2024-11-22,561.7835402193574,562.0626917643333,552.8516642815921,557.3873901367188,9164000
2024-11-25,560.3380482903169,570.7952180290404,554.6459854785412,563.338623046875,13599800
2024-11-26,564.2258439211572,575.6897965803327,563.4283637310257,571.7421875,10356600
2024-11-27,573.087937780577,573.1776215898622,562.3317216742989,567.415771484375,7200200
2024-11-29,567.2165043387864,576.6468744517884,565.1231109977455,572.5198364257812,7130500
2024-12-02,575.6898363387268,592.6365501357109,573.7658931912714,590.9718017578125,12522400
2024-12-03,593.1349366752197,612.2747652879608,589.3966912760062,611.7265014648438,14907200
2024-12-04,611.0387031196573,615.8436021650134,603.2032939927384,611.8561401367188,14697000
2024-12-05,615.1458412795223,617.9570095718483,605.1472501098035,607.0213623046875,8081200
2024-12-06,608.1876239914793,627.8159083390149,606.6225986816157,621.8148193359375,16935500
2024-12-09,621.9642613672759,624.4365290047741,604.2699000041796,611.646728515625,11426000
2024-12-10,615.6242910640193,623.6291506932943,610.8193917771058,617.3787841796875,10938900
2024-12-11,621.4160232851857,636.398940507193,619.5818248925854,630.6968383789062,10837200
2024-12-12,629.520540523856,634.6643395468709,625.2440095870248,628.812744140625,7474700
2024-12-13,625.2539790166715,629.1019262683816,614.9564017264901,618.405517578125,8453300
2024-12-16,628.5118922373878,629.6792095440776,617.1384950234287,622.7852783203125,10885600
2024-12-17,624.7107568886487,630.8963205922495,615.103193761423,617.9964599609375,12897800
2024-12-18,619.552788270997,625.8979519713565,594.9303111747199,595.7982788085938,17075500
2024-12-19,608.9675380752294,610.0949095508189,593.6133889140597,594.1820678710938,14958100
2024-12-20,589.2037041887596,601.7044720771678,578.6483432227146,583.8861083984375,48989400
2024-12-23,588.2259739647594,599.6892488609435,584.8838051496438,598.4520874023438,10205800
2024-12-24,601.3153720498085,606.5731101523746,597.8834471973506,606.3336791992188,4726100
2024-12-26,604.0689497398405,604.8870460916577,597.5442126952884,601.9439086914062,6081400
2024-12-27,598.0131392274001,600.4474556136508,588.4255484873448,598.4122314453125,8084200
2024-12-30,587.3779342019037,595.5488500662633,584.2153388503573,589.8621215820312,7025900
2024-12-31,590.8897637116248,592.5857532318533,582.4893422598942,584.1455078125,6019500
2025-01-02,588.3456720279144,603.5002752946805,586.4501363728165,597.843505859375,12682300
2025-01-03,603.3506491790696,608.0795931218428,595.0200718679831,603.220947265625,11436800
2025-01-06,610.4041988830613,629.5195213275813,604.2086488423892,628.7313842773438,14560800
2025-01-07,630.2278877474329,630.6269190448738,606.8125509705602,616.4500732421875,12071500
2025-01-08,611.9705610612136,615.0034547439036,601.3852402562982,609.2967529296875,10085800
2025-01-10,608.6083741209461,628.4419884049565,595.9479453181921,614.4247436523438,19256600
2025-01-13,605.6851785232928,607.550815769116,597.0553731797557,606.912353515625,10785000
2025-01-14,603.6599659655254,604.078970157077,587.1784443113863,592.8651733398438,13598000
2025-01-15,608.7879539786943,621.0094058849253,605.0865780513573,615.6818237304688,15524300
2025-01-16,610.0749733489131,614.8139040494975,608.2891666484603,609.8754272460938,8355300
2025-01-17,622.595660662352,623.513499583834,602.2631506831576,611.3419799804688,17280600
2025-01-21,616.3902400115962,620.0516704767022,607.5907866326766,615.0234375,11674000
2025-01-22,621.8474509712569,632.2232391929498,617.9864744815644,622.0469970703125,12274000
2025-01-23,625.897953878345,635.1164107716554,619.7024649482253,634.966796875,9910200
2025-01-24,634.916957345469,650.4805787372286,632.7220720484465,645.9810791015625,19065300
2025-01-27,625.1497368617698,662.3229161040041,623.6432460146609,658.3422241210938,28399200
2025-01-28,664.4479402705756,680.9893189567582,657.933128684667,672.758544921875,20950100
2025-01-29,673.426995188933,679.4628842264866,664.1187205609702,674.9135131835938,21377800
2025-01-30,695.1961710974357,709.1335868447954,674.5244243363409,685.3990478515625,29322900
2025-01-31,689.3896795162744,703.656342326233,683.9823274447602,687.5739135742188,19303900
2025-02-03,674.3348273334816,702.35939297386,673.6763921954532,695.8346557617188,21415700
2025-02-04,700.8628861544697,706.0607666337353,689.9982497177888,702.5489501953125,13826300
2025-02-05,701.9104857176951,716.4665130283939,697.381087327231,703.2274169921875,17778200
2025-02-06,704.2350030352095,717.2246803609337,701.860544580122,710.3307495117188,13080700
2025-02-07,715.1295132827424,723.3204021183071,710.091294290037,712.8548583984375,16427100
2025-02-10,716.885419282827,719.5192814719111,709.6722880239806,715.7281494140625,12904300
2025-02-11,711.6576791372714,721.9735485962613,708.3852936539699,718.12255859375,12998000
2025-02-12,713.6330486346045,725.4055376689322,710.9393285513713,723.6895751953125,12016500
2025-02-13,719.8386103490428,727.3011596897542,716.3666786322259,726.8621826171875,12569100
2025-02-14,724.447817848227,739.1833564308025,723.9290101705715,734.9532470703125,16901200
2025-02-18,734.2848205070356,735.2824901001159,704.7937097713013,714.7005615234375,21938700
2025-02-19,702.4591920318235,705.352458439168,693.7695281560459,702.1300048828125,17535500
2025-02-20,695.6550803935475,703.9855971062905,692.0235484745193,693.2207641601562,12587400
2025-02-21,694.9566951444989,702.2296844827868,680.7698020105673,681.95703125,15660400
2025-02-24,684.6807257344343,685.6684089004975,660.9062419977378,666.572998046875,15677000
2025-02-25,664.4180676896536,666.4433664300143,640.3642655904416,655.9678344726562,20579700
2025-02-26,658.1128192943592,681.4183680693286,656.4666399888893,672.1300659179688,14488700
2025-02-27,680.859595335276,687.0451587125867,656.0375721050787,656.7059936523438,12500000
2025-02-28,656.5064652824952,668.0694824508789,641.1024446071139,666.642822265625,17534200
2025-03-03,672.1100263993885,679.6623923265935,649.3232875955849,653.5234375,10843800
2025-03-04,644.005714168679,648.2358235359192,622.196671295492,638.508544921875,21495200
2025-03-05,639.5062648271543,657.9631539056292,636.1740213033428,654.940185546875,13770000
2025-03-06,646.4899113093355,649.0439430911371,622.6555695635839,626.4666748046875,13446500
2025-03-07,623.9126020486227,633.3106321661818,599.2102942304716,624.201904296875,21375700
2025-03-10,606.65296218488,608.6881862514739,585.502354444259,596.596435546875,21999900
2025-03-11,593.6632701142687,613.4969461931333,591.9473076689873,604.2984619140625,17401500
2025-03-12,628.4320799413626,631.8540792235979,607.9299217775047,618.1161499023438,15747000
2025-03-13,618.8045942687469,619.0540116787705,585.1432303548188,589.2636108398438,16480300
2025-03-14,601.9302652875026,607.9815194546456,593.921878023224,606.7233276367188,12364500
2025-03-17,606.5835254495906,612.2153412438328,597.1371532251766,604.0272216796875,15473900
2025-03-18,599.1841923852631,599.383916000254,573.8308122814993,581.5197143554688,20297700
2025-03-19,583.437060479347,591.465438844832,573.9407712608652,583.2173461914062,20537500
2025-03-20,581.9191646208485,609.3195747902407,578.6738539383629,585.1544799804688,24336500
2025-03-21,582.5782039839329,596.6778262742098,580.1117970416443,595.3897094726562,25015900
2025-03-24,614.0826855144928,621.6417707519487,611.3167235438618,617.9570922851562,15741300
2025-03-25,625.8557350102046,632.9654575641416,620.2837686391537,625.4063720703125,15312500
2025-03-26,623.9884142880119,625.8457160257799,605.7347596820686,610.0984497070312,12609800
2025-03-27,601.1314520660113,613.363778125494,599.2341689514162,601.7106323242188,10436500
2025-03-28,599.4438996182243,600.8818244944498,573.0919591938149,575.9078979492188,17602800
2025-03-31,562.6870107661883,577.86509316616,552.5017146196878,575.5284423828125,21124700
2025-04-01,570.01638065981,589.0588115540622,569.1775658513092,585.1544799804688,12836600
2025-04-02,574.080458474082,591.8048477070258,572.5327070966798,583.0874633789062,13470800
2025-04-03,545.4318768443412,551.7627562198618,529.5348635095143,530.8529663085938,34777500
2025-04-04,505.8890578513282,517.2526439789896,493.48699414775257,504.0018005371094,38589800
2025-04-07,484.40007792998455,538.5917633076846,481.2046828713169,515.505126953125,36606100
2025-04-08,542.466195243981,546.6401569981987,502.1344555804991,509.7135314941406,28034200
2025-04-09,508.5352100791647,587.0418020934284,501.38553692930896,584.9248657226562,39216600
2025-04-10,574.6596513356885,580.4612660082963,534.527636562064,545.5017700195312,28173500
2025-04-11,534.7373375498549,546.6101964331407,527.8273392869149,542.7857055664062,17642300
2025-04-14,555.3675771162375,556.9653053088027,527.5178613098482,530.7131958007812,14130900
2025-04-15,531.3422648985347,537.163870525552,516.7533586187461,520.767578125,15558700
2025-04-16,507.7763329602169,512.629306338645,494.91491131205976,501.58526611328125,18735100
2025-04-17,504.52105010273243,506.56808027394743,497.2915053708563,500.7565002441406,14593500
2025-04-21,490.62108316605304,492.78796564319924,479.1077201623686,483.9607238769531,16166000
2025-04-22,491.16032727526476,506.1486806655398,485.6582673272301,499.5581970214844,17399400
2025-04-23,527.7675019625894,534.5676745178778,515.774819425738,519.5194091796875,18173900
2025-04-24,517.981559558718,533.1297162437559,516.7533536993726,532.3807983398438,13910000
2025-04-25,546.0110541474862,549.0666366821536,535.4762880818677,546.4804077148438,17098900
2025-04-28,554.8383503772915,557.6842140858612,539.8100763507483,548.9468383789062,15179000
2025-04-29,545.2122501842537,555.767007469421,543.3349577071189,553.6400756835938,11835000
2025-04-30,537.623204130374,548.3077170802433,528.7360209480661,548.2078857421875,29244000
2025-05-01,591.225787939469,592.0945278628172,569.6769056272426,571.3844604492188,31159000
2025-05-02,582.6181973740332,603.4680762823698,577.4955941368156,596.1586303710938,24739300
2025-05-05,590.3669612530514,602.3397133318473,587.2015519796344,598.4053955078125,13887700
2025-05-06,591.6751469367607,595.1700972546984,585.7337192068476,586.462646484375,10600700
2025-05-07,589.5082075152634,602.2098866527917,585.8235290496914,595.9489135742188,13139100
2025-05-08,605.4152389401659,610.4180203966848,595.7592076246763,597.147216796875,14622800
2025-05-09,602.8489716185445,606.0942827774223,590.8563498854548,591.6351928710938,10427300
2025-05-12,630.0097144566752,639.4660831768585,620.1340297095329,638.5074462890625,21965100
2025-05-13,644.608580079292,659.966394384485,641.9025291274511,655.08349609375,18570800
2025-05-14,660.2560588804812,661.7139134541873,653.3659895009877,658.40869140625,12348200
2025-05-15,653.3360696287351,656.3616664169153,637.6587085460682,642.9510498046875,14341800
2025-05-16,637.039566707962,639.515969035449,625.2466087350075,639.4161376953125,18519000
2025-05-19,627.3435620408461,642.0722807676308,626.89419911061,639.5059814453125,9592400
2025-05-20,635.0923928837207,638.427539897765,631.3478032754666,636.1807861328125,6743500
2025-05-21,630.878399880071,645.6770241572503,629.2607421727805,634.5830688476562,11464600
2025-05-22,633.1351667006269,642.321904930245,629.8000198555354,635.6515502929688,8228400
2025-05-23,623.0996301156218,631.5374497961886,621.7516024100725,626.1552124023438,8454100
2025-05-27,634.4931853284312,642.1521627133571,631.8370500697896,641.3932495117188,9508400
2025-05-28,641.6728007707804,649.9408832345952,641.6228851026552,642.6514282226562,9042900
2025-05-29,650.7098379625838,652.3774114577973,638.5773433389169,644.1193237304688,8858800
2025-05-30,641.5729954990708,648.4729988751875,631.8670488528962,646.5557861328125,16241000
2025-06-02,643.4603060358205,672.2886482991516,643.3304887205626,669.9320678710938,15766300
2025-06-03,670.481278340603,674.6053246627993,664.0705578546837,665.8878784179688,11585000
2025-06-04,668.3543324273711,688.0059313980648,667.6054145049494,686.9574584960938,14031900
2025-06-05,690.6620226565076,693.3781298406639,681.2656265406558,683.6322021484375,13083100
2025-06-06,695.1655520394484,701.7959865050877,690.8717682492216,696.703369140625,11728000
2025-06-09,697.4522697198046,704.1725400365549,692.9387717641956,693.05859375,12773200
2025-06-10,700.3380628694553,702.2153552678959,690.5622098918083,701.3865966796875,10850100
2025-06-11,702.6946882022667,707.8472163839234,690.9915664747034,693.1384887695312,9582500
2025-06-12,692.2997081453341,694.3767242272471,686.0088098513999,692.359619140625,7322700
2025-06-13,686.9574533802801,693.5678973171928,680.0274638185289,681.884765625,9274400
2025-06-16,698.8583271202571,706.6730599404123,693.042245323344,701.6464233398438,13720300
2025-06-17,701.5265067822095,705.4937997727949,695.5905108235235,696.7597045898438,10066100
2025-06-18,697.7090678240436,701.1168019237268,694.4313119124115,695.3007202148438,10068300
2025-06-20,700.2773225024961,701.3466080737581,678.2121990654855,681.8897094726562,22538600
2025-06-23,683.2288810707365,698.578506730811,678.2922104620159,698.0588989257812,11080100
2025-06-24,704.4145982313105,712.7089880581048,701.6364439383941,711.7196655273438,13823200
2025-06-25,712.8389115768144,716.0967226422507,704.9042642374237,708.2020263671875,9320400
2025-06-26,713.8781511444844,727.7287879670295,710.5703861718163,725.6002807617188,13964800
2025-06-27,726.0300029969949,734.933966624867,725.3704139910845,733.1351928710938,18775700
2025-06-30,744.0478281561813,747.3956053545359,733.7547871608941,737.5922241210938,15402100
2025-07-01,736.3829859262192,737.2523942395003,714.8874844693272,718.73486328125,13431200
2025-07-02,714.8475066710681,719.814124987759,712.3191839508311,713.0886840820312,9336700
2025-07-03,726.1198736779997,728.5382852595793,713.9380936153356,718.5250244140625,8601700
2025-07-07,717.1159843593155,726.5096688493239,713.0287770502092,717.865478515625,9457100
2025-07-08,721.0833162832664,722.4223783113574,714.3278660699458,720.1838989257812,7770700
2025-07-09,722.2324935525554,737.0325627099321,722.2324935525554,732.2857666015625,11418000
2025-07-10,731.0565410529589,735.3036743334181,719.1145893949879,726.7494506835938,9913600
2025-07-11,722.0126865863356,724.6708656262394,709.2213321577215,717.0260620117188,10873900
2025-07-14,717.1159478712506,727.5089573741911,716.0666683046045,720.4337158203125,8939400
2025-07-15,723.4117865461602,723.9813484321952,709.3412657918492,709.910888671875,11529500
2025-07-16,712.8888186148534,713.4883895101593,698.7983536292803,702.4358520507812,13067600
2025-07-17,703.9149211888315,705.4239124906103,696.6398020897627,700.9368896484375,11803300
2025-07-18,701.7163755426589,704.2346953216606,691.1835067266235,703.8049926757812,12779800
2025-07-21,706.323253430884,716.5163857618587,705.283976865439,712.4890747070312,9404400
2025-07-22,715.7069236590216,716.1166202717292,700.936863669917,704.3345947265625,8921100
2025-07-23,705.8935351714335,714.1479734039639,704.4545040389586,713.0986938476562,8771600
2025-07-24,716.5663535187755,723.1319295191287,713.518422874761,714.31787109375,10920800
2025-07-25,716.4364100852231,720.1639356225638,711.4198376232321,712.1992797851562,8271700
2025-07-28,714.7176423374738,724.2511860836681,712.199322444747,717.14599609375,8715700
2025-07-29,719.5143415178571,723.9812971110003,699.4378659012062,699.52783203125,13267000
2025-07-30,707.6124059283386,708.0221025377599,690.7337839335887,694.7410888671875,27077300
2025-07-31,774.6771576404832,784.2207041864842,764.9936908827026,772.9183349609375,38831100
2025-08-01,760.2168907933417,765.4833558536491,744.8073082016023,749.504150390625,19028700
2025-08-04,759.4874200926632,776.3260312589632,757.898465626429,775.8463745117188,15801700
2025-08-05,775.9262968482556,782.6017838704779,762.485356671436,762.945068359375,11640300
2025-08-06,769.4806512883487,773.1182108239055,759.9471077743785,771.4692993164062,9733900
2025-08-07,772.9682705923176,774.4772618550992,759.037670694158,761.316162109375,9019700
2025-08-08,762.2355578226991,769.3807598518028,758.0683873872562,768.7811279296875,7320800
2025-08-11,769.5606371158788,772.9383623565644,764.1542517302764,765.3534545898438,7612000
2025-08-12,772.4786291967464,793.13467067664,771.9090063294184,789.4671630859375,14563100
2025-08-13,790.6164352280034,794.9235259193555,777.7051051745191,779.5538940429688,8811800
2025-08-14,777.3553445445746,787.2786396920953,771.9889713529242,781.6024780273438,8116200
2025-08-15,783.621150744718,795.7129654452535,780.293379600551,784.7003784179688,13375400
2025-08-18,774.5672416992095,775.2867267942328,756.0497105947067,766.8524169921875,16513700
2025-08-19,766.6026107662994,766.6525648449835,748.854579245516,750.97314453125,12286700
2025-08-20,747.0657749776972,749.6940059349637,730.506944043105,747.2156372070312,11898200
2025-08-21,744.2077027473434,744.9971479214436,732.6154905427838,738.6014404296875,8876300
2025-08-22,738.7313812096488,756.389506981927,733.8946798718869,754.2808837890625,10612700
2025-08-25,754.3108643612958,758.3681233608074,749.6240254313439,752.7918701171875,6861200
2025-08-26,750.2936075268326,754.3608698171868,747.4355511046348,753.5913696289062,7601800
2025-08-27,751.7925800305345,753.6413688476172,742.338999603057,746.8759155273438,8315400
2025-08-28,743.4982035863915,752.5420875468095,740.3003496517379,750.6033935546875,7468000
2025-08-29,744.7773613013366,746.6360921511391,734.8540051000575,738.2017822265625,9070500
2025-09-02,725.5502463590637,735.5035500540433,721.2431559989143,734.6141357421875,9350900
2025-09-03,735.5035768564753,739.7507102826166,733.4949228182503,736.5528564453125,7699300
2025-09-04,748.0651174458885,760.6465916805791,745.3169722452417,748.1450805664062,11439100
2025-09-05,752.1123731440612,757.4387952805295,744.5275265518461,751.9425048828125,9663400
2025-09-08,755.4900579545978,765.992978439962,751.5127620882034,751.7925415039062,13087800
2025-09-09,756.9790485610613,765.7831036056251,752.9217895494754,765.1835327148438,10999000
2025-09-10,764.6139331888977,765.1835560495044,750.4934588375091,751.4727783203125,12478300
2025-09-11,754.1410253741255,756.5893240941964,747.8652318538085,750.3935546875,7923300
2025-09-12,748.2249639979328,757.0590282777322,743.2583455274284,755.0803833007812,8248600
2025-09-15,756.9590394303372,773.547878937133,751.4827553370264,764.1842041015625,10533800
2025-09-16,766.4826425887807,780.8329418323293,764.583899780601,778.4745483398438,11782500
2025-09-17,779.4639169106475,782.7616789884555,765.7931508650867,775.19677734375,9400900
2025-09-18,780.223417654285,788.2480310412486,772.8383872533639,779.7237548828125,10955000
2025-09-19,785.8895354575697,790.2665859871321,768.6711767678263,777.85498046875,23696800
2025-09-22,781.8499755859375,785.72998046875,764.469970703125,765.1599731445312,11706900
2025-09-23,769.25,770.5999755859375,751.0700073242188,755.4000244140625,10872600
2025-09-24,757.5,761.1099853515625,752.530029296875,760.6599731445312,8828200
2025-09-25,753.4500122070312,756.77001953125,744.5499877929688,748.9099731445312,10591100
2025-09-26,750.0,751.9299926757812,737.3499755859375,743.75,9696300
2025-09-29,748.719970703125,750.780029296875,739.1500244140625,743.4000244140625,9246800
2025-09-30,742.25,742.969970703125,726.2999877929688,734.3800048828125,16226800
2025-10-01,721.489990234375,721.8499755859375,710.2000122070312,717.3400268554688,20419600
2025-10-02,722.5800170898438,727.77001953125,718.1400146484375,727.0499877929688,11415300
2025-10-03,729.6300048828125,731.0,710.1799926757812,710.5599975585938,16154300
2025-10-06,705.1900024414062,716.8800048828125,690.510009765625,715.6599731445312,21654700
2025-10-07,717.719970703125,718.5,705.75,713.0800170898438,12062900
2025-10-08,713.4500122070312,719.6500244140625,707.8099975585938,717.8400268554688,10790600
2025-10-09,718.280029296875,733.510009765625,712.4400024414062,733.510009765625,12717200
2025-10-10,730.9199829101562,735.27001953125,704.510009765625,705.2999877929688,16980100
2025-10-13,713.010009765625,719.9400024414062,707.6400146484375,715.7000122070312,9251800
2025-10-14,707.780029296875,715.5499877929688,699.3300170898438,708.6500244140625,8829800
2025-10-15,717.0599975585938,723.9000244140625,709.510009765625,717.5499877929688,10246800
2025-10-16,717.5499877929688,725.489990234375,703.8800048828125,712.0700073242188,9017000
2025-10-17,707.0800170898438,718.5399780273438,706.1199951171875,716.9199829101562,12232400
2025-10-20,721.1900024414062,733.77001953125,720.1799926757812,732.1699829101562,8900200
2025-10-21,736.02001953125,738.5,728.75,733.27001953125,7647300
2025-10-22,733.8300170898438,740.5999755859375,724.030029296875,733.4099731445312,8734500
2025-10-23,734.7000122070312,742.4099731445312,733.0999755859375,734.0,9856000
2025-10-24,736.7899780273438,741.2100219726562,731.1500244140625,738.3599853515625,9151300
2025-10-27,749.72998046875,755.75,748.010009765625,750.8200073242188,11321100
2025-10-28,752.6300048828125,758.4000244140625,745.52001953125,751.4400024414062,12193800
2025-10-29,754.75,759.1599731445312,742.510009765625,751.6699829101562,26818600
2025-10-30,669.1500244140625,680.9600219726562,650.1699829101562,666.469970703125,88440100
2025-10-31,674.510009765625,674.8900146484375,645.5700073242188,648.3499755859375,56953200
2025-11-03,656.0,659.3300170898438,636.1799926757812,637.7100219726562,33003600
2025-11-04,628.0399780273438,641.739990234375,626.010009765625,627.3200073242188,27356600
2025-11-05,632.3099975585938,642.22998046875,626.5399780273438,635.9500122070312,20219900
2025-11-06,635.8499755859375,636.0,618.0,618.9400024414062,23628800
2025-11-07,616.489990234375,622.1300048828125,601.2000122070312,621.7100219726562,29946800
2025-11-10,631.0900268554688,635.0,618.1099853515625,631.760009765625,19245000
2025-11-11,628.0,629.5599975585938,619.3900146484375,627.0800170898438,13302200
2025-11-12,628.1300048828125,628.989990234375,607.77001953125,609.010009765625,24493300
2025-11-13,613.0700073242188,617.6500244140625,603.0,609.8900146484375,20973800
2025-11-14,601.7899780273438,613.6799926757812,595.2000122070312,609.4600219726562,20724100
2025-11-17,609.0399780273438,611.6900024414062,595.4000244140625,602.010009765625,16501300
2025-11-18,591.5999755859375,603.6599731445312,583.780029296875,597.6900024414062,25500600
2025-11-19,593.719970703125,595.3300170898438,581.25,590.3200073242188,24744700
2025-11-20,603.5,606.719970703125,583.3499755859375,589.1500244140625,20603000
2025-11-21,588.5,598.1199951171875,581.8599853515625,594.25,21052600
2025-11-24,598.719970703125,616.7000122070312,597.6300048828125,613.0499877929688,23554900
2025-11-25,624.0,637.0499877929688,618.2999877929688,636.219970703125,25168800
2025-11-26,637.6900024414062,638.3300170898438,633.1787719726562,633.7949829101562,2475265
