Date,Open,High,Low,Close,Volume
2020-11-27,206.15714384421696,207.51968868227826,205.37990426234612,206.52175903320312,14512200
2020-11-30,205.43747642885162,206.07076156750256,202.30936731959918,205.40869140625,33064800
2020-12-01,205.83086786900017,208.52718688320113,204.71781287908087,207.46209716796875,30904500
2020-12-02,206.18591702157005,206.75204198993873,204.190072479513,206.6560821533203,23724500
2020-12-03,205.9268328948881,207.62522240610232,205.0056682633133,205.57180786132812,25120900
2020-12-04,205.55258520053735,206.6656547095932,204.55465576434483,205.68692016601562,24666000
2020-12-07,205.69650064321928,206.8191602252166,204.37234594316251,205.61973571777344,24620000
2020-12-08,205.31271750920934,208.17214180932788,204.27641284227593,207.27017211914062,23284100
2020-12-09,206.45456855380638,206.5217287203082,202.66438960856496,203.2305145263672,32440600
2020-12-10,203.2017287160043,204.45872339489904,201.8487742094355,202.00230407714844,26733300
2020-12-11,201.55136993722954,204.68906968128854,200.64940003931392,204.63148498535156,30979400
2020-12-14,204.47793178105667,207.46210106509508,204.2668318593756,205.53341674804688,28798400
2020-12-15,206.464208436639,206.70409342315386,203.6527634225653,205.46629333496094,27000600
2020-12-16,206.06113875255085,211.20427183512786,206.03235373451545,210.40785217285156,35023300
2020-12-17,210.97399576078638,211.95273038503314,209.10289621547224,210.54220581054688,32515800
2020-12-18,209.7457733154297,210.80127281082716,207.27976397278425,209.7457733154297,63354900
2020-12-21,208.74789477288223,214.93692380229916,208.4888149169169,213.58396911621094,37181900
2020-12-22,213.6798936375532,216.50094263879487,212.87388382045947,214.8793182373047,22612200
2020-12-23,214.08293413992092,214.51472413933894,211.86639945368123,212.07749938964844,18699600
2020-12-24,212.46131328554506,214.56270791406772,212.25021334578557,213.7375030517578,10550600
2020-12-28,215.36870333861185,216.8847779666073,213.99656846423386,215.8580780029297,17933500
2020-12-29,217.15345055362997,217.98824549729198,214.53391099007936,215.08084106445312,17403200
2020-12-30,216.11712326944684,216.50094793560592,212.5092592560349,212.71075439453125,20272300
2020-12-31,212.72993716646016,213.9773416379235,210.79166297669138,213.42080688476562,20942100
2021-01-04,213.52638643641092,213.9773713050936,206.1187381508586,208.88221740722656,37130100
2021-01-05,208.46960485056292,209.678634329478,206.97272515420607,209.08370971679688,23823000
2021-01-06,203.58554280387045,207.73076146630103,203.36485276551582,203.6623077392578,35930700
2021-01-07,205.3798725038288,210.46543588069164,205.06323728487098,209.45791625976562,27694500
2021-01-08,209.8321610847662,211.65529553000536,208.2489262362572,210.734130859375,22956200
2021-01-11,209.63066780968265,210.0528676774654,207.961063234746,208.69032287597656,23031300
2021-01-12,207.74035589548853,208.31608560211117,204.68902651806664,206.23387145996094,23249300
2021-01-13,205.36071303589776,207.9898427294301,205.27434332602658,207.5868377685547,20087100
2021-01-14,207.1742536782788,208.66154338232383,204.13251409385208,204.40118408203125,29480800
2021-01-15,204.8809522010558,205.83088727894048,203.45123255832522,204.046142578125,31746500
2021-01-19,205.10162077397675,208.2009300549652,204.0269409433611,207.6827850341797,30480900
2021-01-20,208.89179464606343,216.65446748663234,208.49837984592523,215.2631378173828,37777300
2021-01-21,215.6086111691637,217.1438808555298,213.42086138301298,215.86769104003906,30709400
2021-01-22,217.89226790023852,220.76129675652857,216.66405830590344,216.8079833984375,30172700
2021-01-25,219.84973400806652,220.48303373157987,215.14799527840105,220.24314880371094,33152100
2021-01-26,222.47890098214344,224.7050257283065,220.7709212912737,222.9298858642578,49169600
2021-01-27,228.37044973267308,230.7117289549116,220.82846706760978,223.47679138183594,69870600
2021-01-28,226.07721332535698,232.8227781553172,225.57824844045945,229.26287841796875,49111200
2021-01-29,226.4418038621358,228.38966849505235,221.98953975241002,222.57485961914062,42503100
2021-02-01,225.54940574495873,232.68838365200105,223.02581157927415,229.9536895751953,33314200
2021-02-02,231.53695085313288,232.50608075588323,229.03255145237534,229.81936645507812,25916300
2021-02-03,229.87695268863132,235.1736017454573,229.57948305731,233.1681671142578,27158100
2021-02-04,232.84194088146734,233.3984757451428,230.64458645062663,232.21823120117188,25296100
2021-02-05,232.42932823639254,233.4368479832068,230.6925634918369,232.40054321289062,18054800
2021-02-08,233.31208694294955,233.82064184477534,231.06676741699246,232.65960693359375,22211900
2021-02-09,232.08386345870682,234.85693261686325,231.6136983743784,233.90699768066406,23565000
2021-02-10,235.08721175015955,235.96998646180285,231.14350324493915,232.99542236328125,22186700
2021-02-11,234.87619105534822,235.23121615653073,232.3525962665071,234.59793090820312,15751100
2021-02-12,234.0605427220062,235.37512223975358,232.90909785912032,235.07766723632812,16561100
2021-02-16,235.11600274275108,236.17150222991458,233.09137346567442,233.83981323242188,26728500
2021-02-17,232.08943909780746,234.96506123995204,231.72396952450393,234.85926818847656,21653500
2021-02-18,232.55109320398296,234.5996101987233,231.64704608816618,234.4649658203125,16925600
2021-02-19,234.42651669715636,234.53230976349187,230.99306282392587,231.7528533935547,25262600
2021-02-22,228.33861214281137,228.82909920704134,223.51062453702826,225.5399169921875,36446900
2021-02-23,221.51983481114613,225.84770894272074,219.9810292498646,224.34738159179688,30228700
2021-02-24,221.2120626767533,226.20354640693853,220.2407006773393,225.5784149169922,26339700
2021-02-25,223.2029132170625,225.61690012530303,219.16356666865607,220.23110961914062,39542200
2021-02-26,222.67394655856364,226.36706254282802,220.7600590313648,223.49143981933594,37819200
2021-03-01,226.87675570412392,228.3867098260675,224.2319439435093,227.87698364257812,25324000
2021-03-02,227.94433249579967,228.2232481775111,224.52050529024729,224.9244384765625,22812500
2021-03-03,223.279813142553,224.64549595106263,218.56723082291026,218.8557586669922,34029500
2021-03-04,218.06715252474712,223.5972138136232,215.68200248101138,218.05752563476562,44727800
2021-03-05,220.74084563782202,224.34740783603104,217.7978932321057,222.7412872314453,41872800
2021-03-08,222.52002038744914,224.44351976146905,218.44221110661374,218.6922607421875,35267400
2021-03-09,223.97226078418777,226.37663488338205,222.8085372631184,224.83782958984375,33080500
2021-03-10,227.93467679656288,227.93467679656288,223.16439187152451,223.5298614501953,29746800
2021-03-11,225.9727277040274,230.02168593321738,225.3475815614815,228.05972290039062,29907600
2021-03-12,225.05904836070448,226.7998276939092,224.30888474756043,226.7324981689453,22653700
2021-03-15,225.97273196365254,226.19393030127117,222.94321138913833,225.82846069335938,26034900
2021-03-16,227.24224385205463,230.87765695855205,226.9152524388038,228.6175537109375,28092200
2021-03-17,227.11720307886736,229.42541133970818,224.30889550204407,227.97315979003906,29562100
2021-03-18,223.66452881126907,225.23218566499116,221.51983088863727,221.89491271972656,34833000
2021-03-19,222.18344837964992,223.57798268898384,220.57732793509152,221.53907775878906,46430700
2021-03-22,221.46212328057254,227.83851426603098,221.3370911146356,226.9633331298828,30127000
2021-03-23,228.4059539788877,231.82978074938532,228.002020843899,228.4925079345703,31638400
2021-03-24,228.75214846423054,228.89640503432452,226.31892314775035,226.4535675048828,25620100
2021-03-25,226.2997431730868,227.8770123437966,222.71242033317537,223.4529571533203,34061900
2021-03-26,222.69315122370767,227.65578331481655,222.69315122370767,227.4345703125,25479900
2021-03-29,227.54035768263333,227.74233157641052,223.01052482004673,226.24200439453125,25227500
2021-03-30,224.59740664901904,224.90517359760773,222.26036191810903,222.98167419433594,24792000
2021-03-31,224.00113466833557,229.95436788577308,223.50102069627698,226.75173950195312,43623500
2021-04-01,229.34845404428125,233.5512955722621,228.9445209279314,233.08004760742188,30338000
2021-04-05,233.4743613464268,240.39897120703446,233.41665871011114,239.5430145263672,36910600
2021-04-06,238.13886553157835,239.86039119458903,237.43679229555985,238.37930297851562,22931900
2021-04-07,238.3311941792023,241.3318485895909,237.73491405281382,240.34124755859375,22719800
2021-04-08,243.10147460682458,244.41906699343323,242.3609232323544,243.5631103515625,23625200
2021-04-09,243.19765015784952,246.1983193023005,242.7841048169457,246.0636749267578,24326800
2021-04-12,244.96725651993455,247.81404190277658,244.8806878994941,246.12135314941406,27148700
2021-04-13,247.41975820321377,249.2759282376113,247.00618349092295,248.60269165039062,23837500
2021-04-14,247.6313042551945,248.92964277000883,245.4000380789304,245.81358337402344,23070900
2021-04-15,248.06409680754706,249.9875962364744,247.87176447481755,249.5740509033203,25627500
2021-04-16,249.5451596690261,251.0166353227696,247.7466926867027,250.76657104492188,24878600
2021-04-19,250.23764259808317,251.47830785879137,247.958300634406,248.8430938720703,23209300
2021-04-20,247.95832800540822,250.24729711029528,247.01580268272733,248.38150024414062,19722900
2021-04-21,249.03546247449313,250.70889751208153,247.41010318040776,250.6127166748047,24030400
2021-04-22,250.25690440342183,251.76685861637338,245.86171549830988,247.3332061767578,25606200
2021-04-23,248.01599328271394,251.507149051231,247.42931076046145,251.16090393066406,21462600
2021-04-26,251.65144677426986,252.40161041619083,250.21844901797465,251.54563903808594,19763300
2021-04-27,251.57447323158507,253.1229055083856,250.17032688978372,251.94956970214844,31014200
2021-04-28,246.28487770524828,246.72730374874308,243.2746107879085,244.82302856445312,46903100
2021-04-29,245.68861412319575,246.30413341760544,239.47570386310056,242.8514404296875,40589000
2021-04-30,240.18737020905894,243.3996106161242,240.0527258409525,242.53402709960938,30945100
2021-05-03,243.707345266331,244.62101913579752,241.5145573298802,242.22625732421875,19626600
2021-05-04,241.37035325676896,241.60117849638647,236.3596302425455,238.31198120117188,32756100
2021-05-05,239.53340899269972,239.95658126359143,236.41734895274763,237.04248046875,21901300
2021-05-06,237.02324189329505,240.3028123249024,235.3305674810805,240.1777801513672,26491100
2021-05-07,242.50520522143927,244.57297608817822,241.56269453028074,242.80335998535156,27032900
2021-05-10,241.2741549439333,242.1012603154502,237.66759338356374,237.7252960205078,29299900
2021-05-11,235.19591291269418,237.16750290744034,233.29165244697984,236.8116455078125,33641600
2021-05-12,232.90692968884187,235.03240304314005,228.96376461216937,229.85818481445312,36684400
2021-05-13,232.5511064111282,236.20575861501086,232.1856367881987,233.7340545654297,29624300
2021-05-14,236.18649870944293,239.64878890678136,236.0999447564151,238.65818786621094,23901100
2021-05-17,237.1194261082235,237.15788964478247,234.2053252655451,235.80181884765625,24970200
2021-05-18,236.85007273592416,236.9847170898688,233.60896667825017,233.78208923339844,20168000
2021-05-19,230.68777888477277,234.46654149415752,230.00336806420503,234.36050415039062,25739800
2021-05-20,235.17023138867845,239.01646397120606,235.07382846255607,237.59942626953125,21800700
2021-05-21,238.65020818420544,239.3828205439802,235.92216962475908,236.336669921875,21863100
2021-05-24,238.86221483547754,242.1108050297344,238.5923043048418,241.74449157714844,21411500
2021-05-25,242.69889727560388,243.64358440422285,241.78312809007352,242.65069580078125,17704300
2021-05-26,242.37108923531312,243.82669406493432,241.71559637327553,242.42893981933594,17771600
2021-05-27,242.12045448501686,242.41928296900434,240.26963299891423,240.3274688720703,24426200
2021-05-28,241.95659116393372,242.9976810503592,240.5684713153664,240.68414306640625,18270200
2021-06-01,242.1783374052526,242.23617328964423,238.06219340311984,238.486328125,23213300
2021-06-02,239.19002042782085,240.28894628092957,236.98251960220148,238.38992309570312,19406700
2021-06-03,236.38485739131391,237.46449969103423,234.24484161220892,236.85720825195312,25307700
2021-06-04,238.83332101073105,242.5831655924148,238.59232839054823,241.754150390625,25281100
2021-06-07,240.97339566307267,244.93531589741488,240.8095224063025,244.6654052734375,23079200
2021-06-08,245.96669634163663,246.78607708372516,243.4121658986098,243.4700164794922,22455000
2021-06-09,244.66533700434073,246.32336735128976,244.08696356106984,244.45326232910156,17937600
2021-06-10,245.1280761849475,248.1838612066924,244.5304191228026,247.97178649902344,24563600
2021-06-11,248.69477746079076,249.1767627836222,247.36449326288806,248.59840393066406,18999700
2021-06-14,248.60798486236368,250.58414202862005,247.54761143389015,250.52630615234375,19150500
2021-06-15,250.4105934676479,250.62266814359123,248.39589875520807,249.0513916015625,18038900
2021-06-16,250.0539604529106,251.191438667356,245.2533911236505,248.10675048828125,27220000
2021-06-17,246.84394367477012,252.31928929132428,246.7861077957115,251.49990844726562,27565500
2021-06-18,250.27564581778176,252.8494303750151,249.42734713801974,250.0828399658203,37202200
2021-06-21,250.4588928021413,254.02556700430247,248.6273542207014,253.1676483154297,26696100
2021-06-22,253.25440669602324,256.2138040766373,252.94592898341347,255.9438934326172,24694100
2021-06-23,256.4065233683773,257.2162551197523,254.90273162753124,255.71246337890625,19518700
2021-06-24,256.570395632236,258.1995081549481,255.9052536238839,257.081298828125,21446900
2021-06-25,256.637906946225,257.6211463812049,255.22086896807974,255.4714813232422,25611100
2021-06-28,256.59933308019987,259.21168513568006,256.3294224923796,259.0381774902344,19590000
2021-06-29,259.1827378969011,261.86257465092103,258.3248194682553,261.62158203125,19937800
2021-06-30,260.937192340073,261.58303613893975,259.88646796346177,261.1396179199219,21656500
2021-07-01,259.8960102143007,262.0456745055731,259.88639051587245,261.8143310546875,16725300
2021-07-02,262.99039844923954,267.9837578114395,262.6819208763211,267.6463623046875,26458000
2021-07-06,268.0126701752568,269.30438688971185,264.4170502471266,267.656005859375,31565600
2021-07-07,269.3333960442315,270.576926430487,267.16446206306597,269.84429931640625,23260000
2021-07-08,266.92339917919395,268.6874814939076,264.96654043436456,267.4246826171875,24618600
2021-07-09,265.7859789327302,268.0320175199491,265.40039657064716,267.9259948730469,23916700
2021-07-12,269.1020103084746,269.6900181971794,266.6149499259008,267.32830810546875,18931700
2021-07-13,267.5210258732207,272.6590040234236,267.39573444593185,270.85638427734375,26120100
2021-07-14,272.1770600273276,273.43985895218515,270.4418955818897,272.331298828125,23113700
2021-07-15,271.83968514433656,272.33131952060614,269.7478561835057,270.9046325683594,22604200
2021-07-16,271.9071833087747,273.86404237165414,269.3912048461886,270.6347351074219,26186800
2021-07-19,268.88031761183106,270.2684376561935,264.56174806763556,267.0295104980469,32935600
2021-07-20,268.0126955033391,270.84677090012093,266.306478445294,269.2562255859375,26259700
2021-07-21,268.8513350191112,271.3769327258679,267.29935681688346,271.2612609863281,24364300
2021-07-22,273.6133860645504,276.1004464547859,273.20853492440204,275.8305358886719,23384100
2021-07-23,277.01615740784973,279.5417550419891,276.1775079022582,279.2333068847656,22768100
2021-07-26,278.58749439112125,279.2526364370559,276.3125379693512,278.63568115234375,23176100
2021-07-27,279.0020158639558,279.14660557665127,272.7555049311184,276.2161560058594,33604100
2021-07-28,278.57784165912227,279.69605103462703,273.60375005831014,275.90765380859375,33566900
2021-07-29,275.9269095230165,278.22116404498746,275.7726707111648,276.17755126953125,18168300
2021-07-30,274.8955392583509,276.3318461969554,273.6809267546416,274.6448974609375,20944800
2021-08-02,276.0425682865481,276.43779970743464,273.5169703746794,274.5580749511719,16267400
2021-08-03,275.13650564382874,276.88129010205466,273.76765442774865,276.7752380371094,17879000
2021-08-04,275.90766563142967,277.2283006433001,274.3942247328133,276.1872253417969,16191300
2021-08-05,276.5437874257691,279.19470558833507,275.79189181456275,279.0886535644531,13900200
2021-08-06,278.1151294941113,279.06945084488444,277.2571816558268,279.0308837890625,16589300
2021-08-09,279.3105016862304,281.0456371253441,277.44039623262665,277.941650390625,16117600
2021-08-10,278.3946460159266,278.8284444729027,274.9243760322883,276.11968994140625,18616600
2021-08-11,276.86197097908934,278.2597400314421,275.56060486449303,276.6113586425781,13955900
2021-08-12,276.3028066609547,279.52246387295446,276.02324704209923,279.36822509765625,14561300
2021-08-13,279.05022137488925,282.34698437046103,278.87668430824215,282.2987976074219,18249000
2021-08-16,282.6264854543607,284.1977619217253,279.5706863259346,283.9856872558594,22507600
2021-08-17,281.8553951223565,282.85790342677996,280.5925664943859,282.5205078125,20075300
2021-08-18,282.05690357195914,284.741870784257,280.34739044485804,280.79168701171875,21813000
2021-08-19,278.82143304184973,287.30129663617737,278.77315402992593,286.6252136230469,29850500
2021-08-20,289.47437850845176,295.3851678311773,287.8711203793521,293.95574951171875,40817600
2021-08-23,292.88370333247155,294.9602018470455,291.53156682119305,294.23583984375,22830200
2021-08-24,294.5931598209611,295.2016285633885,291.6764063680512,292.27520751953125,18175800
2021-08-25,293.8977628351036,294.1778576953558,290.1504219493204,291.6860656738281,20006100
2021-08-26,290.7009502786529,292.0917276855508,288.7307068475188,288.86590576171875,17666100
2021-08-27,288.76924807528826,290.5849864415194,286.68308247202424,289.47430419921875,22605700
2021-08-30,290.82653029598345,293.82056600799575,290.7685836897302,293.21209716796875,16348100
2021-08-31,294.0136662870955,294.09091858434346,291.1934711106061,291.56048583984375,26285300
2021-09-01,292.5166944665886,294.7573947160675,291.1838636375992,291.5122375488281,18983800
2021-09-02,291.8695625626756,292.98988301470405,289.9185956760492,290.8554382324219,16285600
2021-09-03,290.70092922538174,292.25590820944143,289.9959024554989,290.8458251953125,14747900
2021-09-07,290.7203451271997,290.7975974548307,288.00640395070184,289.918701171875,17180400
2021-09-08,289.53227705522465,290.33389124954,287.30124477870487,289.94757080078125,15046800
2021-09-09,290.53671457982546,291.8115985033089,286.84729116839253,287.0887451171875,19927000
2021-09-10,288.21882300502165,289.66754700158504,285.2827341191642,285.6014404296875,19633400
2021-09-13,287.37853159003885,288.3347094479184,284.02714897759813,286.8376770019531,23652900
2021-09-14,289.31981339850245,291.08727303017804,287.9097304141614,289.5419616699219,21853400
2021-09-15,292.8933235313727,294.88290182054226,291.5025463521372,294.3999938964844,28356300
2021-09-16,293.3762633965969,294.8732663344174,290.4788155367918,294.7863464355469,19550800
2021-09-17,293.77225856159816,294.0909648651454,289.2908582826248,289.6192321777344,41372500
2021-09-20,286.20019850680364,288.5085125411991,279.62299491142915,284.2395935058594,38278700
2021-09-21,285.58209392497275,287.3688591603671,284.0174769480889,284.7225036621094,22364100
2021-09-22,286.5865552261978,289.9572431984659,284.44244280452375,288.373291015625,26626300
2021-09-23,288.6340422551664,290.6139527493069,287.3591583936492,289.31976318359375,18604600
2021-09-24,288.0353256727739,289.5516344416462,286.7797471472576,289.1170349121094,14999000
2021-09-27,286.0167639204759,286.3354702312346,282.92614093577845,284.1141052246094,23571700
2021-09-28,279.89344793091414,280.83995816392877,273.0844573361507,273.828125,43186200
2021-09-29,275.3541821932033,276.96707861080546,273.33563003576245,274.2917785644531,26353700
2021-09-30,275.9432889541892,277.99081421651636,271.99310493878147,272.2828674316406,32343600
2021-10-01,272.4760308196086,280.0673606199404,271.67441643296945,279.2174377441406,30086300
2021-10-04,277.5755184047133,277.91355990677107,270.66993975281525,273.4321594238281,31350700
2021-10-05,274.3400234963345,280.472961002074,274.3400234963345,278.8890380859375,24993000
2021-10-06,276.01088350495075,283.5925446758009,275.7501238068665,283.0903015136719,28002600
2021-10-07,285.0895803576917,286.4996930408869,283.8726721525356,284.7708740234375,20430500
2021-10-08,286.09403732292327,286.4996930408869,283.7181380444717,284.7708740234375,17685700
2021-10-11,282.90684147752927,287.78420058758314,282.74263978544866,284.17205810546875,19298600
2021-10-12,285.24406291153826,285.3406503959171,282.3562828170901,282.8681640625,17974100
2021-10-13,284.82880220556603,287.11778142661336,283.4573305066921,286.1809387207031,23416300
2021-10-14,288.98179053840965,292.90300105132843,287.6489597728075,292.4007873535156,27262900
2021-10-15,292.0048416606726,294.042728996893,290.24704925157357,293.8109130859375,25384800
2021-10-18,293.192747080356,297.6741176404027,292.3428243514602,296.78558349609375,22729300
2021-10-19,297.809344121962,298.72685155917264,296.7179674190472,297.6934509277344,17682100
2021-10-20,298.6399155083311,299.11318532497563,295.64588043051015,296.9014587402344,16537100
2021-10-21,296.66971746103866,300.38808552882756,295.88737937467477,300.1369934082031,16918100
2021-10-22,299.7893078396651,300.45572329837756,297.27818011582957,298.5917053222656,17449300
2021-10-25,298.78470558738684,298.82334646494536,295.9838461886458,297.5967712402344,17554500
2021-10-26,300.3688067843873,301.7209434280929,298.05085404169654,299.50921630859375,28107300
2021-10-27,305.1977689504879,314.9525136630806,305.1977689504879,312.1226806640625,52588700
2021-10-28,313.2430854710019,313.7646343557651,310.3746108163514,313.2624206542969,26297900
2021-10-29,313.0499226160472,320.65088928161384,312.82777434101513,320.28387451171875,34766000
2021-11-01,320.03271231911,320.1582730901761,315.21330086404674,318.1107482910156,27073200
2021-11-02,319.0186709413644,322.05134723722267,318.71927034838023,321.7422790527344,26487100
2021-11-03,322.4859930605845,323.45180917006473,319.3470907047737,322.58258056640625,21500100
2021-11-04,321.51048263206366,325.0357049205787,318.24602003675443,324.9391174316406,23992200
2021-11-05,326.9383432170597,327.20877048468907,322.98815980180524,324.57208251953125,22570100
2021-11-08,325.7697069819661,326.10774845813177,323.0074875225243,325.4703063964844,20897000
2021-11-09,325.5861712932559,327.141150158709,323.09437933646785,324.4658508300781,21307400
2021-11-10,323.13302706692036,323.1909736619546,318.6419891055958,319.49188232421875,25500900
2021-11-11,319.92647604907563,322.36032119572144,319.2117818060739,321.0661315917969,16849800
2021-11-12,322.5052609389951,325.7021092362378,322.3797001550684,325.20953369140625,23831000
2021-11-15,326.00156844592266,326.32994237675246,322.6115445676067,324.5818176269531,16723000
2021-11-16,324.2050531253578,329.0244941950737,324.04088093869177,327.9041442871094,20886800
2021-11-17,327.9526426529545,331.09728796169577,327.04311210908577,328.1268005371094,19053400
2021-11-18,327.21720340062717,331.34880160200635,326.1915678093843,330.20703125,22463500
2021-11-19,331.5326605674157,333.9129065317172,331.10692167581175,331.9873962402344,21963400
2021-11-22,333.4483587373931,338.3346692855464,328.54270716464436,328.8136291503906,31031100
2021-11-23,326.12378600321955,328.4460084531874,322.7469313241808,326.7333679199219,30427600
2021-11-24,325.37873743709275,327.1977977956203,323.08557096343446,326.9559020996094,21661300
2021-11-26,323.5113311922407,326.9752647962539,317.48327941794133,318.9927062988281,24217200
2021-11-29,324.08222027388626,328.03963080841186,323.88869188174414,325.7174377441406,28563500
2021-11-30,324.44984585660205,326.8300910879489,318.32503068241033,319.8731689453125,42885600
2021-12-01,324.2661032432016,328.28156688324964,318.71218613988026,319.3797912597656,33337600
2021-12-02,319.59263875837576,322.6792307522383,317.17368136684007,318.80889892578125,30766000
2021-12-03,321.2278467405146,321.9148518795967,307.7203973367994,312.5389709472656,41779300
2021-12-06,313.4484686429607,316.83500853773074,308.8814765180251,315.6158447265625,30032600
2021-12-07,320.8891653754491,324.914283730808,319.39907963541896,324.0628356933594,31021900
2021-12-08,324.44021120612,324.6240543144924,320.0764029941524,324.1112365722656,24761000
2021-12-09,323.5694111588265,325.5819706607434,321.35363798124615,322.3018798828125,22214200
2021-12-10,324.1209277504692,331.8809319131235,323.93708463875004,331.43585205078125,38095700
2021-12-13,329.63611839279116,332.64531641229195,328.0879799264692,328.3976135253906,28899400
2021-12-14,322.4179762857992,323.79195700121716,313.6032806801942,317.6961669921875,44438700
2021-12-15,317.95748625570747,324.32419994874397,313.98073366393055,323.80169677734375,35381100
2021-12-16,324.82724448403934,325.84322423785716,312.5486152193238,314.36767578125,35034800
2021-12-17,310.47798883012587,314.3870318019432,306.9656583691775,313.3033142089844,47750300
2021-12-20,309.6749054842462,312.3357585464639,307.2753187116958,309.5394592285156,28326500
2021-12-21,312.8098748126121,317.10594512457476,309.4329905116543,316.6802062988281,24740600
2021-12-22,317.6574409711616,322.79530359298326,315.1901164906838,322.39862060546875,24831500
2021-12-23,321.9632187915845,325.48523481760844,321.9438777632381,323.84033203125,19617800
2021-12-27,324.58539055122804,331.37784222734143,324.55636424185536,331.34881591796875,19947000
2021-12-28,332.02608481270596,332.664693105843,329.2878380448936,330.18768310546875,15661500
2021-12-29,330.2360072562147,333.1387557390819,328.6685277999919,330.8649597167969,15042000
2021-12-30,330.82625699451927,332.0067092569597,327.8364295204996,328.3202209472656,15994500
2021-12-31,327.53655076547227,328.358972743025,324.9627762850247,325.41754150390625,18000800
2022-01-03,324.4789321117376,327.0430208965413,319.08948826047026,323.89837646484375,28865100
2022-01-04,323.975761808593,324.33379227694843,315.5481232153685,318.3444519042969,32674300
2022-01-05,315.29653749062345,315.49975115217205,305.7368436101561,306.1238708496094,40054300
2022-01-06,302.9985793895527,308.3686822043641,301.392388231309,303.7049255371094,39646100
2022-01-07,303.96622221255154,306.2400483826627,300.0378372243138,303.85980224609375,32720000
2022-01-10,299.4572001340922,304.51766895717213,294.81281436875065,304.0822448730469,44289500
2022-01-11,303.22111812680726,306.3463918328574,299.8442634308143,304.7692565917969,29386800
2022-01-12,309.3072765675064,312.92602760824207,306.80121056428135,307.95263671875,34372200
2022-01-13,310.0812872347779,310.477999759612,294.14519599434743,294.91925048828125,45366000
2022-01-14,294.38709603316755,300.7441227450604,293.9033045852905,300.14422607421875,39846400
2022-01-18,294.21293945049706,299.7571705686531,291.95845475795755,292.8389587402344,42333200
2022-01-19,296.3609536478612,303.7339300973706,292.8873348271103,293.49688720703125,45933900
2022-01-20,299.05084323097356,301.5471940307173,291.3779181968077,291.822998046875,35380700
2022-01-21,292.8777312649759,294.25168273283816,286.02722637262457,286.4336242675781,57984400
2022-01-24,282.7277385199471,287.4785446299873,267.1012508783427,286.7625427246094,85731500
2022-01-25,282.06977569492784,285.4272897689935,275.92564748178614,279.13800048828125,72848600
2022-01-26,298.00579310485716,298.49926974213565,283.53076385140685,287.0914611816406,90428900
2022-01-27,292.848647044969,297.3382163920615,288.2719692510956,290.12005615234375,53481300
2022-01-28,290.497490140265,298.4800508635709,284.90486089949263,298.2671813964844,49743700
2022-01-31,298.93470345552413,302.2535052126906,296.4383234160704,300.8988952636719,46444500
2022-02-01,300.347421459454,300.5602908856212,295.2385847597286,298.75091552734375,40950400
2022-02-02,299.5926633463742,304.90468340297207,298.8669762554386,303.2984924316406,36636000
2022-02-03,299.4572180160596,301.140832317367,290.2361542912409,291.4843444824219,43730000
2022-02-04,290.478047823017,298.78958120984197,290.24583738111943,296.0223083496094,35096500
2022-02-07,296.24484477716817,297.860691549558,290.17808160206255,291.1940612792969,28533300
2022-02-08,291.48434523681885,295.65462512508105,290.2264992927546,294.6870422363281,32421200
2022-02-09,299.82496321686494,301.81818199236665,297.42537608504114,301.12152099609375,31284700
2022-02-10,294.183888778049,299.0991965098226,290.95216570355126,292.57769775390625,45386200
2022-02-11,293.3614725070343,294.4258196414898,284.6822523965232,285.4756774902344,39175600
2022-02-14,284.24681310649265,287.13990600791016,281.9052790638438,285.43695068359375,36359500
2022-02-15,290.28459536542493,291.04896470161543,287.39150201566304,290.72967529296875,27058300
2022-02-16,289.29465510017036,291.7186141094078,284.74730563169356,290.3902893066406,29982100
2022-02-17,287.34575422063546,287.77237333129176,281.1792173127968,281.88702392578125,32461600
2022-02-18,284.13644314148104,284.9218034378094,277.6014595831245,279.17218017578125,34264000
2022-02-22,276.33132880972005,282.6724139032119,275.8465370047907,278.9685974121094,41736100
2022-02-23,281.35375501257334,282.8275409854315,271.5803655847503,271.74517822265625,37811200
2022-02-24,264.22116040053925,286.182216713815,263.261252791543,285.6295471191406,56989700
2022-02-25,286.1628965358633,288.57715005097384,282.7790299038215,288.2668762207031,32546700
2022-02-28,285.35812887426613,290.04123393567045,284.087976805865,289.7018737792969,34627500
2022-03-01,287.38463855210085,290.8460598936184,283.2639073139181,285.978759765625,31217800
2022-03-02,286.37619041849695,292.30036144633044,284.76670772312764,291.0592956542969,31873000
2022-03-03,293.67721950670733,293.90991012485733,285.1060736064637,286.9192199707031,27314500
2022-03-04,285.33870340843436,286.66702791509016,278.43527442334005,281.0434265136719,32356500
2022-03-07,279.75396452482715,280.8786850901457,270.0581281920922,270.42657470703125,43157200
2022-03-08,269.35032612555074,275.32296496007893,261.78758549153326,267.45965576171875,48159500
2022-03-09,274.8187931136679,280.79143196991623,272.2396970446507,279.7248840332031,35204500
2022-03-10,274.4115141100971,277.8826396429179,272.04572798060116,276.9033508300781,30628000
2022-03-11,279.2012682861542,280.70414052887327,270.9307218618932,271.55126953125,27209300
2022-03-14,271.81313999383417,276.7192320346744,267.43063153056454,268.0317687988281,30660700
2022-03-15,271.8226780610828,279.0654663354706,270.2519578841152,278.41583251953125,34245100
2022-03-16,280.3162702005297,285.6102173906511,274.58605778034723,285.4356994628906,37826300
2022-03-17,284.3691589056267,286.61857018444255,280.5683784873846,286.2404479980469,30816600
2022-03-18,286.3859615737607,291.8447230887532,283.8262757344605,291.29205322265625,43390600
2022-03-21,289.79889199333064,291.0108716421582,285.9302328335173,290.0606689453125,28351200
2022-03-22,290.6811789941739,295.7230260277627,289.6825089750966,294.8116149902344,27599700
2022-03-23,291.3695483106634,294.0068166256151,288.66440204897714,290.38055419921875,25715400
2022-03-24,290.04130608690775,294.94739764545733,289.24624028604273,294.8504333496094,24484500
2022-03-25,295.9459874387846,296.20776433611707,290.18665898274526,294.443115234375,22566500
2022-03-28,295.07342123843944,301.3466295315579,295.07342123843944,301.24969482421875,29578200
2022-03-29,304.3620002900689,306.21390857071964,299.64980847038635,305.8163757324219,30393400
2022-03-30,304.21654187968613,306.33993220572023,302.10282726832855,304.3134765625,28163600
2022-03-31,304.35224961733445,305.55455325788046,298.5250730010145,298.9322814941406,33422100
2022-04-01,299.9600479924089,300.6969409340958,296.2465561407123,300.008544921875,27110500
2022-04-04,300.65813736226033,305.525435773219,300.2896909060564,305.38970947265625,24289600
2022-04-05,303.7414225568673,305.29276212664746,300.44484446442266,301.42413330078125,23156700
2022-04-06,295.90722237881243,297.66216633435283,287.68514276731554,290.3902893066406,40110400
2022-04-07,287.63663922691137,294.4140182952895,287.3360707147367,292.203369140625,31411200
2022-04-08,291.30165053832746,291.9609601748586,287.2681798847174,287.93719482421875,24361900
2022-04-11,282.9148461789771,283.7098823533749,276.33136433660695,276.5834655761719,34569300
2022-04-12,280.44240903056135,281.8967847315319,271.95855077489966,273.4808044433594,30966700
2022-04-13,274.13042443050927,279.8024656994452,272.74389717939255,278.8716735839844,21907200
2022-04-14,279.3272803792432,279.540589912515,270.82404454570303,271.3185119628906,28221600
2022-04-18,270.4265639610484,273.8685738866559,269.8738942106014,271.9875793457031,20778000
2022-04-19,270.8822739757197,277.4657549794319,269.94177668947515,276.6221923828125,22297700
2022-04-20,280.5974443146908,280.8883371030893,276.6900241975138,277.64990234375,22906700
2022-04-21,279.8024222293234,284.37885800425323,271.5415806106492,272.2687683105469,29454600
2022-04-22,273.112284984401,274.5860709052862,265.06475342226594,265.6949768066406,29405800
2022-04-25,264.97754897503074,272.5596713449549,262.5341790094944,272.1815490722656,35678900
2022-04-26,269.0594525267125,269.89328023075717,261.7875754313959,262.0008850097656,46518400
2022-04-27,273.5195702477104,282.1197730129034,270.6689917758845,274.6054992675781,63477700
2022-04-28,276.515542164648,282.129439349792,272.898984777169,280.82049560546875,33646600
2022-04-29,279.83153709016864,281.0629273247488,268.0898927013259,269.078857421875,37073900
2022-05-02,269.26307913115687,276.27317988457435,267.81840889699976,275.8174743652344,35151100
2022-05-03,275.3229441287677,275.4877863561019,271.62883306903626,273.2092590332031,25978600
2022-05-04,273.99467385045364,282.0325315839858,268.31292716452356,281.159912109375,33599300
2022-05-05,276.8548930460878,277.64025334846656,265.99554553295394,268.91400146484375,43260400
2022-05-06,266.4512108789899,270.75616352746886,263.0188773696703,266.3736572265625,37780300
2022-05-09,261.84573831970226,264.0757687100623,255.31075448225116,256.53240966796875,47726000
2022-05-10,263.4262475160422,265.42358794769683,257.0076069454481,261.3028564453125,39336400
2022-05-11,257.5989686979002,263.106196550313,251.4130204767044,252.625,48975900
2022-05-12,249.8520131079963,251.9754036684089,242.41530828868,247.58319091796875,51033800
2022-05-13,249.52230858266293,255.03924082026927,247.58314166861751,253.17762756347656,34925100
2022-05-16,252.05297536549674,257.7347513466333,248.0001225205669,253.546142578125,32550900
2022-05-17,258.0158286207293,260.16830498775477,254.47685507030857,258.7042541503906,28828800
2022-05-18,255.59441054369825,256.1775215944614,245.65247241501044,246.9255828857422,31356000
2022-05-19,246.75064893827593,250.4145118299985,244.7875390054142,246.01205444335938,32692300
2022-05-20,249.99662341850876,251.2600357974427,239.50074181493954,245.4484100341797,39199300
2022-05-23,248.2958696586072,254.136633604883,246.29386307125506,253.31056213378906,33175400
2022-05-24,250.62831809064022,253.9714268912015,246.36191797727767,252.30958557128906,29043900
2022-05-25,250.8712569903347,257.1298909092702,249.8896872797265,255.12789916992188,28547900
2022-05-26,254.88495947054466,259.5886706159191,254.0686158494394,258.4127502441406,25002100
2022-05-27,260.92010410159867,265.643241139635,260.0259965721128,265.5460510253906,26910800
2022-05-31,264.85604928536924,267.03296546550257,261.35741281139883,264.2146301269531,37827700
2022-06-01,267.4508644163128,269.8707409098893,262.436157371953,264.7491455078125,25292200
2022-06-02,257.00359440575477,266.9163636856067,254.23383914437693,266.84832763671875,44008200
2022-06-03,262.69859051173177,265.75018841702905,260.85209677085874,262.416748046875,28059000
2022-06-06,264.3992892425282,266.4595892028753,259.6955782848042,261.1824951171875,22400300
2022-06-07,259.13186556551983,265.43910823182773,258.4515645635647,264.82684326171875,22860700
2022-06-08,264.0590976675569,265.3127817537817,262.01822418395375,262.79571533203125,17372300
2022-06-09,260.23981256874225,265.03098582947564,257.1785166356976,257.3340148925781,26439700
2022-06-10,253.24253313611206,253.24253313611206,245.41921820228913,245.86627197265625,31422800
2022-06-13,238.20815546124874,242.00806063802048,234.72895987314584,235.4384002685547,46135800
2022-06-14,236.99337144114608,238.8204389978934,234.70953699521195,237.6056365966797,28651500
2022-06-15,241.31804702603347,248.11122688546928,239.4812665255515,244.6708984375,33111700
2022-06-16,239.05365270255112,240.45310733096755,236.17700914781045,238.0720977783203,33169200
2022-06-17,237.8096750068656,243.44636016411593,237.15854280907575,240.67660522460938,43084800
2022-06-21,243.2131485780948,247.57672404798697,242.48426715302713,246.5951690673828,29928300
2022-06-22,244.79726053472527,249.92859951301043,243.32005666477755,246.00234985351562,25939900
2022-06-23,248.3736001456706,252.0665868874674,246.4882248009331,251.57093811035156,25861400
2022-06-24,254.43794588858944,260.4342239425106,254.35048366956067,260.162109375,33923200
2022-06-27,260.6577368247863,260.7451990465694,255.8665628403259,257.4312438964844,24615100
2022-06-28,256.546824812342,259.39431434341117,249.1025126077075,249.2580108642578,27295500
2022-06-29,250.3367184913832,254.59339019807956,248.5582462691214,252.93154907226562,20069800
2022-06-30,249.8119509376396,252.2221295498261,245.7788129454486,249.59814453125,31730900
2022-07-01,249.17055781580504,252.4553585095582,247.4406655990664,252.2707061767578,22837700
2022-07-05,248.94702936825868,255.57499836951445,247.56701562367115,255.4486541748047,22941000
2022-07-06,256.3233575149123,260.44395858678126,255.01136472962796,258.7140808105469,23824400
2022-07-07,257.65470611483187,261.4837653703721,257.5575159983353,260.84234619140625,20859900
2022-07-08,257.3340180308074,260.55081225996196,255.87625522031703,260.1231994628906,19658800
2022-07-11,258.1698658497576,259.02509170243115,254.79757234239733,257.0619812011719,19455200
2022-07-12,258.3933261127936,258.45163425345476,244.9430231030509,246.52713012695312,35868500
2022-07-13,243.14512305849968,246.41051237825036,241.12369016254638,245.6038818359375,29497400
2022-07-14,243.51442327742907,247.95573289017767,239.01479069630014,246.9255828857422,25102800
2022-07-15,248.5194452010421,253.03850471076404,247.59619823798553,249.4912872314453,29774100
2022-07-18,252.43590436877287,253.49520835843242,246.1675278035935,247.0907745361328,20975000
2022-07-19,250.32701866110767,252.40677452243568,246.53684125681795,252.2221221923828,25012600
2022-07-20,252.58174879832717,257.41180508665093,251.61963463686516,254.885009765625,22788300
2022-07-21,252.47477933086478,257.43117824236685,249.79248658053865,257.382568359375,22404700
2022-07-22,257.77129422983967,257.8587564276535,251.77504728863897,253.02870178222656,21881300
2022-07-25,253.65074968687145,254.13667066328307,249.57872953188095,251.54183959960938,21056000
2022-07-26,252.54279829754145,252.56225411501038,242.5425674350256,244.80694580078125,39348000
2022-07-27,253.80621209782652,262.4458704154243,251.56125987665692,261.1727600097656,45994000
2022-07-28,262.15436025094607,270.01655789466145,260.32729267977885,268.6268310546875,33459300
2022-07-29,269.88046135026275,274.059368942466,268.840583577074,272.8348388671875,32152800
2022-08-01,269.9971103708195,273.3596748735574,268.0728528273835,270.1817626953125,21539600
2022-08-02,268.22837035337625,270.0651658211096,264.71030734261404,267.08160400390625,22754200
2022-08-03,268.96696554077175,275.5171702565812,268.8211655336045,274.51617431640625,23518900
2022-08-04,273.8649593679769,275.8086426272479,272.2808824246035,275.6628723144531,18098700
2022-08-05,271.2896818162804,275.66297071065867,270.83291490098145,274.9438171386719,16774600
2022-08-08,276.0516785842541,277.86904784198094,271.4548853993135,272.4267272949219,18739200
2022-08-09,271.765878834773,275.1089876320651,269.7930113371827,274.3509521484375,23405200
2022-08-10,280.05570822424676,281.6495136024719,278.8603319468809,281.017822265625,24687800
2022-08-11,282.6602203734145,283.0100692187593,278.44243011883435,278.93804931640625,20065900
2022-08-12,280.3569279405796,283.6903381347656,278.8602832920289,283.6903381347656,22619700
2022-08-15,282.80594014927584,285.8963896968433,281.940986783647,285.2063903808594,18085700
2022-08-16,283.7681375602767,285.76043146556236,282.2423681526486,284.4678649902344,18102900
2022-08-17,282.17917029841624,285.69498211953976,281.91622669920514,283.71795654296875,18253400
2022-08-18,282.61739830194875,284.2925155216381,281.53634866422476,282.5979309082031,17186200
2022-08-19,281.3610379905131,281.7019105508063,278.10820013531355,278.68280029296875,20570000
2022-08-22,274.7190391735939,275.0891277344879,269.985876348386,270.5020446777344,25061100
2022-08-23,269.2261962890625,271.5830288322253,268.21332715946977,269.2261962890625,17527400
2022-08-24,268.2230206947408,269.9955338776222,267.93083153512936,268.5931091308594,18137000
2022-08-25,270.0930402651124,271.73894196905934,267.3563697985728,271.5733947753906,16583400
2022-08-26,271.79731971202773,273.02444918596143,260.98700095652805,261.0941162109375,27549300
2022-08-29,258.91256247792984,260.4221028280278,256.9647531378231,258.3087463378906,20338500
2022-08-30,259.71121737335454,260.081276247606,253.8580397603448,256.1077575683594,22767100
2022-08-31,258.464585387242,260.13967295694687,254.51050491907353,254.64686584472656,24791800
2022-09-01,252.11472424698195,254.08203091326465,248.7450220487838,253.60479736328125,23263400
2022-09-02,254.87085770904451,257.83150643317526,247.82951641986838,249.37802124023438,22855400
2022-09-06,249.5144035204149,251.10184326326072,245.36555986305348,246.64137268066406,21328200
2022-09-07,248.05355058936814,252.07576732439404,246.61217564051898,251.35508728027344,24126700
2022-09-08,250.79021068457934,253.63399578598168,248.14117383130036,251.77383422851562,20319900
2022-09-09,253.7022135226594,258.3087941645709,253.49770182602154,257.5588684082031,22084700
2022-09-12,258.8444189971821,260.47085310586147,258.24060277088006,259.69171142578125,18747700
2022-09-13,252.08548374554073,253.60477266828747,245.02467481719648,245.41424560546875,33353300
2022-09-14,246.91404207019949,247.59577234574667,243.33981382641142,245.6382293701172,23913000
2022-09-15,243.252171211811,244.83962570319943,237.65221941398767,238.9767303466797,31530900
2022-09-16,237.8859696087846,238.89883887380557,235.7433821243887,238.35345458984375,39791800
2022-09-19,236.14265272727343,238.74297626097857,234.5649320094446,238.13916015625,26826900
2022-09-20,235.7531410045641,237.15555142732097,233.3865446237342,236.1232147216797,26660300
2022-09-21,237.89570341294743,241.1972397263064,232.66582510868037,232.7145233154297,28625600
2022-09-22,231.6626994562865,237.49639378843938,231.37053994331876,234.69154357910156,31061200
2022-09-23,233.28911605979133,234.83763576552224,229.06237339573931,231.71139526367188,34176000
2022-09-26,230.8641214166978,235.14929632525457,230.71802678944272,231.25367736816406,27694200
2022-09-27,233.71766175746237,235.49017556599165,228.38066779678476,230.24082946777344,27018700
2022-09-28,230.6303769171642,236.0063351920129,228.60465329387907,234.7792205810547,29029700
2022-09-29,232.65609511384054,233.68843172668625,228.29300618270508,231.3023681640625,27484200
2022-09-30,232.07173317953664,234.26301864836014,226.6568256876074,226.8223876953125,35694800
2022-10-03,229.2669108311526,235.30511704742838,228.53648230029808,234.45782470703125,28880400
2022-10-04,238.69428433273492,243.82676593965982,238.58715422805355,242.38539123535156,34888400
2022-10-05,239.57085631326893,244.04107595060205,237.7301767649195,242.69708251953125,20347100
2022-10-06,241.46019588133413,243.80730987931113,239.65848102253324,240.34994506835938,20239900
2022-10-07,234.61361969677648,235.02267271918691,227.08534105905326,228.12742614746094,37769600
2022-10-10,226.96847977157327,228.43907043105446,220.81339530154835,223.26763916015625,29743600
2022-10-11,221.68016821094162,223.0825932627072,218.26176829271705,219.52784729003906,30474000
2022-10-12,219.51813616452623,221.91394851325393,218.1157257342309,219.8590087890625,21903900
2022-10-13,214.11293909981683,229.93888935580085,213.41172657654943,228.12742614746094,42551800
2022-10-14,229.39350803929838,231.04915792889818,222.38139712434594,222.5956573486328,30198600
2022-10-17,229.66620483401337,232.72426488237133,229.00394193544997,231.33157348632812,28142300
2022-10-18,236.8925737936442,237.5645555231439,229.22793404835292,232.27626037597656,26329600
2022-10-19,230.854359464379,233.35730163218065,228.17612158677025,230.30897521972656,19985700
2022-10-20,229.61749044615098,235.01291536195282,228.74096739458574,229.98756408691406,21811000
2022-10-21,228.6144117292178,236.65885980316088,228.3806692339145,235.80181884765625,26299700
2022-10-24,237.39904036397007,241.37257392650244,235.003242760181,240.7979736328125,24911200
2022-10-25,240.80765754624483,244.48901592120419,239.4149810348262,244.1189422607422,34775500
2022-10-26,225.1375662552775,232.08151209348918,224.05653135483254,225.28366088867188,82543200
2022-10-27,225.01093027224846,227.59178658537854,219.8881970156547,220.8328857421875,40424600
2022-10-28,220.3362269405368,230.42588124641725,220.15118265114296,229.7149200439453,40647700
2022-10-31,227.65996437056043,228.78969742408265,225.1180724304389,226.072509765625,28357300
2022-11-01,228.47803488612004,229.58828558322924,221.3977439800207,222.2158203125,30592300
2022-11-02,223.47217862480318,225.26415970324368,214.2979832888999,214.35643005371094,38407000
2022-11-03,214.34667250941115,214.65832913291175,208.39611445747363,208.65907287597656,36633900
2022-11-04,211.87297194348153,215.80754042041704,207.86047444612015,215.61276245117188,36789100
2022-11-07,216.1970958555256,222.44956184578618,215.50561702414757,221.92364501953125,33498000
2022-11-08,222.73200573046222,225.6050216725194,219.94663764635982,222.89756774902344,28192500
2022-11-09,221.43668922544174,222.6638185603741,218.47602571220258,218.6513214111328,27852900
2022-11-10,229.2863603198829,236.9802158270735,228.86758846132082,236.63934326171875,46268000
2022-11-11,236.64909297043917,241.51861615288743,235.61674157285157,240.6615753173828,34620200
2022-11-14,235.67520929864517,237.54510458377084,232.9677553572084,235.24668884277344,31123300
2022-11-15,239.2494265791224,240.55445528008838,233.76633849082606,235.6557159423828,31390100
2022-11-16,237.120710497432,238.10713596741456,234.80605609814359,236.08546447753906,24093300
2022-11-17,232.22767936193608,237.5699524551827,232.08118792162216,236.03660583496094,23123500
2022-11-18,237.82387701389203,238.0485170933891,233.44849211403692,235.5873565673828,27613500
2022-11-21,235.79243178186513,238.95678085777178,235.55804548901057,236.39796447753906,26394700
2022-11-22,237.90200273092586,239.5818407425711,235.08926284135723,239.30838012695312,19665700
2022-11-23,239.38651834176036,242.48249493563225,238.56613647954853,241.79884338378906,19508500
2022-11-25,241.53516337435977,242.89270545912507,240.9687049278587,241.71096801757812,9200800
2022-11-28,240.33387852118813,240.89056091224674,235.17717104486601,236.11474609375,24778200
2022-11-29,235.76313137502686,237.1206732847148,232.64763267479685,234.71812438964844,17956300
2022-11-30,234.95253887719915,249.36787777071672,234.2591112887046,249.18231201171875,47594200
2022-12-01,247.9419383198584,250.13939911455438,245.0608260361984,248.7427978515625,26041500
2022-12-02,243.986505966002,250.08078732822793,243.859536803461,249.06507873535156,21528500
2022-12-05,246.12539896649085,247.89314681984325,242.26763698881598,244.357666015625,23435300
2022-12-06,244.96319927673994,245.97890805258777,238.08757944681767,239.3962860107422,22463700
2022-12-07,239.11306837036958,240.41201382796567,236.55425177558644,238.66380310058594,20481500
2022-12-08,239.1228268856705,242.93176834963776,237.38439220863714,241.623046875,22611800
2022-12-09,238.9860813295668,242.5117859075188,238.45869726333626,239.68927001953125,20609700
2022-12-12,241.6718654401659,246.6430067827901,241.39840482934278,246.61370849609375,30665100
2022-12-13,255.57938326434993,257.7573221509762,247.16067022510887,250.9207763671875,42196900
2022-12-14,251.125865506393,256.45836289594854,248.37170703954448,251.21376037597656,35410900
2022-12-15,247.7954903825162,248.26427792829423,241.5644623556632,243.19546508789062,35560400
2022-12-16,242.74616973438398,244.00604068729888,237.82384925686793,238.97630310058594,86102000
2022-12-19,239.14235424704955,239.48418747169598,233.13596686101567,234.8353271484375,29696400
2022-12-20,233.8098412838887,237.23788993522047,232.85272912283375,236.15380859375,25150800
2022-12-21,236.04637204350925,239.88459664487903,234.5032643589745,238.72238159179688,23690600
2022-12-22,235.6264185705002,236.3393833310989,228.408980416361,232.62811279296875,28651700
2022-12-23,230.59667062115278,233.29221736870184,228.47734339350782,233.15548706054688,21207000
2022-12-27,233.1261944200352,233.35081959548367,230.32321558372178,231.4268341064453,16688600
2022-12-28,231.35845128578754,234.122370583587,228.70196400671827,229.05355834960938,17457100
2022-12-29,230.14740695846007,236.27100238515564,230.14740695846007,235.3822479248047,19770700
2022-12-30,232.6476561526492,234.3567925734217,231.133846628039,234.22006225585938,21938500
2023-01-03,237.40392951699792,240.01158153417768,231.85655337253039,233.98565673828125,25740000
2023-01-04,226.85610390975128,227.43232343462765,220.6836879280111,223.7503662109375,50623400
2023-01-05,221.89471081098847,222.23654401593947,216.58173640623133,217.118896484375,39585600
2023-01-06,217.79280825495562,220.48835513572715,214.2280440359925,219.677734375,43613600
2023-01-09,221.1622513114738,225.8404102334112,221.12319189298108,221.8166046142578,27369800
2023-01-10,222.4416208345891,225.90872854378355,222.0216688234605,223.5061798095703,27033900
2023-01-11,225.88921816868051,230.44040764705468,225.71342844154773,230.26461791992188,28669300
2023-01-12,229.76651770584309,234.29817003437267,228.10621681309263,232.9406280517578,27269500
2023-01-13,231.4659053791777,233.78055966417364,229.43447286012528,233.64382934570312,21333300
2023-01-17,232.41324073937315,235.28459213527947,231.55378456577233,234.7376708984375,29831300
2023-01-18,235.9291745717664,236.7202581070154,230.0204434260072,230.3036651611328,30028700
2023-01-19,228.3210895299991,230.02046480616403,225.29347050869634,226.5142822265625,28623000
2023-01-20,229.37589136268375,235.1185949210035,229.03405809278834,234.61073303222656,35389800
2023-01-23,235.47018192267205,239.44513732627786,234.05402833687268,236.91561889648438,31934000
2023-01-24,236.83744881664003,238.25358728267545,234.82555369768806,236.38818359375,40234400
2023-01-25,229.00475707427898,237.6188123091787,225.50835028229494,234.9916229248047,66526600
2023-01-26,237.96059966957264,242.51178905465864,236.3491342606083,242.2090301513672,33454500
2023-01-27,243.17591612262385,243.99629796325885,241.06635004457462,242.36529541015625,26498900
2023-01-30,238.80055968619763,239.86511894839285,236.54450176521757,237.0426025390625,25867400
2023-01-31,237.765261353504,242.1601830602323,237.27693671942308,242.02345275878906,26541100
2023-02-01,242.2090148020215,249.22134928704855,239.7380933835384,246.8480987548828,31259900
2023-02-02,252.7764151835844,258.5093426268986,251.2430684097747,258.42144775390625,39940400
2023-02-03,253.47959800298776,258.0307878622556,251.0965710413973,252.3173828125,29077300
2023-02-06,251.42856850742402,252.26847249992778,248.83067809938268,250.77420043945312,22518000
2023-02-07,254.446472651946,262.4940543494354,254.00696849017606,261.31231689453125,50841400
2023-02-08,266.82060062873455,270.2974697516429,259.9938017557166,260.5016784667969,54686000
2023-02-09,267.4065775689988,267.58239710210876,256.6634348210044,257.46429443359375,42375100
2023-02-10,255.42313511001936,257.92335537286505,254.57345483854135,256.95648193359375,25818500
2023-02-13,261.3903745672154,268.18784383135824,260.911796249743,264.98443603515625,44630900
2023-02-14,266.3030219967699,268.5493038380461,262.99216601321865,265.814697265625,37047900
2023-02-15,262.71096776772004,265.070592011586,260.6156886085749,263.6900634765625,28922400
2023-02-16,258.50076451207207,261.16390527520997,256.42508698249515,256.66986083984375,29603600
2023-02-17,253.96760380179387,254.65295274483813,250.64845561375148,252.66539001464844,30000100
2023-02-21,249.16023738002588,250.14913347081608,246.33065176998883,247.38807678222656,28397400
2023-02-22,248.77837226249528,249.02314613774428,245.10676413376063,246.25230407714844,22491100
2023-02-23,250.2176469727612,251.470888034521,245.24383997273418,249.4441680908203,29219100
2023-02-24,244.73474425667752,245.75299711343044,242.91362583186992,244.0102081298828,24990900
2023-02-27,247.18248010394746,247.53495511519347,244.17664946084787,244.93055725097656,21190000
2023-02-28,243.86333443445264,246.23274385931393,243.53043059507243,244.2060089111328,22491000
2023-03-01,245.51798599082042,245.6844304356118,240.6518800855354,241.12185668945312,27565300
2023-03-02,241.3959989002767,246.1446031190087,240.47564673843016,245.8606719970703,24808200
2023-03-03,246.91810564854498,250.27639616638209,246.1348262316736,249.9532928466797,30760100
2023-03-06,251.06947021639408,254.68233526542298,250.62888019720313,251.50027465820312,24109800
2023-03-07,250.94219252685468,252.30314976499983,248.09303566014898,248.83714294433594,21473200
2023-03-08,248.7294190422308,249.21896680166975,245.56694469940246,248.3965301513672,17340200
2023-03-09,250.47224477280037,254.1340527730051,246.32087403041797,247.04541015625,26653400
2023-03-10,245.83129418074137,247.5055390802723,242.42404610361248,243.39334106445312,28333900
2023-03-13,242.2282313532918,252.51853507132006,240.5931435893199,248.6119384765625,33339700
2023-03-14,251.38280884404745,255.61250923504636,250.51141431069084,255.33836364746094,33620300
2023-03-15,254.5452601893461,260.9093809729157,253.79133752741032,259.89111328125,46028000
2023-03-16,259.66589855598056,270.77863800186395,257.77625148946686,270.4261779785156,54768800
2023-03-17,272.44312854039293,277.4071201106938,270.54368084412533,273.5886535644531,69527400
2023-03-20,271.18988829736253,271.6794360581046,264.20893244844024,266.5391845703125,43466600
2023-03-21,269.1338043529948,269.2512910447104,263.8858363792266,268.0567932128906,34558700
2023-03-22,267.68471260704814,275.16501681749725,266.49021486222443,266.5979309082031,34873300
2023-03-23,272.12985848865964,275.18463226094,269.4471458593469,271.855712890625,36610900
2023-03-24,271.44445936393123,274.76360784861777,269.52544032042374,274.7048645019531,28172000
2023-03-27,274.6362856404628,275.5762089469485,269.7603793312512,270.6024169921875,26840200
2023-03-28,270.02476204854537,270.3674514567512,266.3629244825979,269.4764709472656,21878600
2023-03-29,273.12847169713626,275.26292259083164,272.58998112520123,274.6460876464844,25087000
2023-03-30,278.28832044267864,278.51349328125735,275.59580785907895,278.112060546875,25053400
2023-03-31,277.7988101339081,283.22297833808955,277.0840595769203,282.27325439453125,32766000
2023-04-03,280.5304371238125,282.243854280698,278.01418435050056,281.2256164550781,24883300
2023-04-04,281.2256084444779,284.37829711852913,279.6982218699312,281.1766357421875,25824300
2023-04-05,279.87450114097055,281.1473135505485,277.0057580205523,278.39605712890625,22064800
2023-04-06,277.2896463361067,285.9742192087345,276.1343207416053,285.5042724609375,29770300
2023-04-10,283.1641637088005,283.5460252454762,278.75823454197393,283.3404235839844,23103000
2023-04-11,279.77657491179383,280.0017776622644,275.7525062342862,276.9176025390625,27276600
2023-04-12,278.83662385276324,281.01021712063323,276.0657667752644,277.56378173828125,27403400
2023-04-13,277.6616894967238,283.8397797166335,277.2504861189615,283.7810363769531,24222700
2023-04-14,281.00036336542723,282.4494352293402,277.7595601713383,280.1583557128906,20987900
2023-04-17,283.8692002700218,285.50430318502544,280.1780203528942,282.7628173828125,23836200
2023-04-18,285.47491478550927,285.6609453421748,281.01024118479097,282.341796875,20161800
2023-04-19,280.01153882810775,283.0075689496162,278.5918681473136,282.4201354980469,17150300
2023-04-20,279.28699001904164,282.98796979588815,279.1205306378155,280.1289978027344,23244400
2023-04-21,279.05208566767993,280.28572597861006,277.1428370279673,279.7864074707031,21676400
2023-04-24,276.19301740569233,278.9932457830926,272.8934706931475,275.87969970703125,26611000
2023-04-25,273.6670032666064,275.7133093545648,269.6135333988626,269.6625061035156,45772200
2023-04-26,290.4976789797235,293.307678595242,286.61066821898174,289.1954650878906,64599200
2023-04-27,289.7829002150644,298.81996255788124,289.0779502504288,298.4576721191406,46462600
2023-04-28,297.65479307400113,302.4719255630899,296.96941436297186,300.83685302734375,36469600
2023-05-01,300.55292192498604,302.1488522384796,298.77096109153786,299.1723937988281,21294100
2023-05-02,301.32645423519284,302.7167531753242,297.556930414214,299.02557373046875,26404400
2023-05-03,300.21027546467184,302.1586660652437,297.733164896042,298.03668212890625,22360800
2023-05-04,299.83820988509484,301.32645423519284,297.05758212520743,299.02557373046875,22519900
2023-05-05,299.32910233190466,305.448449715473,297.9094017870665,304.1560363769531,28197100
2023-05-08,303.6468870133391,303.7154308682789,299.69133289455476,302.19781494140625,21318600
2023-05-09,301.5614626011553,303.558826109355,299.9067885491099,300.5823669433594,21340800
2023-05-10,302.16847643254437,306.4569199007131,301.23835354911984,305.7813415527344,30078000
2023-05-11,303.6175792147709,304.61624606114736,299.85785535357644,303.6273498535156,31680200
2023-05-12,304.05809666453393,304.1560121908101,300.19068735342637,302.5111389160156,19774700
2023-05-15,302.6384456998606,303.42171020151784,301.16000183238515,302.99090576171875,16336500
2023-05-16,303.35312967414006,307.1520247952151,303.35312967414006,305.22320556640625,26730300
2023-05-17,306.4301274420136,308.5299564214886,304.90919402934566,308.1080322265625,24315000
2023-05-18,308.6281218082049,313.0535052333268,307.83332313670064,312.5432434082031,27276000
2023-05-19,310.79665472761,312.7689485029045,310.43360222955846,312.36663818359375,27546700
2023-05-22,312.6218055626669,316.53692774518953,312.0428798975908,315.15338134765625,24115700
2023-05-23,314.02490557674435,316.6644323894991,309.33459944590936,309.34442138671875,30797200
2023-05-24,308.82436880109975,310.56114546951807,306.7441236524187,307.96087646484375,23384900
2023-05-25,317.17473844488717,320.76606606309167,313.9955431528481,319.8044738769531,43301700
2023-05-26,317.940028599587,327.14402564243557,317.80267115227514,326.64361572265625,36630600
2023-05-30,328.93970446554357,329.44011438601143,324.318062056043,324.9951171875,29503100
2023-05-31,326.05487171947954,329.63637661307075,321.1879203022461,322.2280578613281,45950600
2023-06-01,319.81420387671255,327.27160256990936,318.626916843916,326.33941650390625,26773900
2023-06-02,327.97812149381093,331.1671383819332,326.31000837435346,329.1065368652344,25873800
2023-06-05,328.92992247927083,332.20724701987933,328.3804327326386,329.63641357421875,21307100
2023-06-06,329.03782599435294,329.07708381551254,325.9371468564524,327.4187927246094,20396200
2023-06-07,325.42691423177007,328.2136208854049,316.44861079811517,317.3121032714844,40717100
2023-06-08,317.8615607379673,320.51090965341575,317.28263514872793,319.15679931640625,23277700
2023-06-09,318.8918688562613,323.79804871469764,318.32276516845866,320.6581115722656,22529000
2023-06-12,322.41453831331205,325.8685084831361,319.0587276855247,325.6231994628906,24260300
2023-06-13,328.19397978099306,330.65689152573293,324.1905503980353,328.0173645019531,22951300
2023-06-14,328.06639373925447,332.678214257829,326.5651040717086,331.0101013183594,26003800
2023-06-15,331.1474868081879,343.2755475907916,330.87274196684893,341.5682067871094,38899100
2023-06-16,344.7278258132524,344.87500521875836,335.53364962832507,335.906494140625,46552000
2023-06-20,332.943123305957,335.66113574405455,329.55784775287134,331.7067565917969,26375400
2023-06-21,330.05835726315127,331.39285382983815,325.83905432947427,327.30108642578125,25117800
2023-06-22,327.8505573652322,333.7379731827186,327.0851945067568,333.3356628417969,23556800
2023-06-23,328.08602328651534,331.6184785385029,327.19312496325193,328.733642578125,23146900
2023-06-26,327.4580973931773,329.803235992687,322.32622204658753,322.4341735839844,21520600
2023-06-27,325.63294331118817,329.8424538607447,323.120981710903,328.2921142578125,24354100
2023-06-28,328.38039213208674,331.63810233073093,327.54633567319496,329.5480651855469,20259500
2023-06-29,328.4294754124527,329.80319974916614,326.37869587676175,328.7630920410156,16997000
2023-06-30,331.41236833839434,336.2989330617999,330.87270066400504,334.1500244140625,26832800
2023-07-03,332.82547503388076,334.5033803796864,330.2546412440051,331.6479797363281,12508700
2023-07-05,328.8022915360956,335.2391958104979,328.4490610314349,331.80487060546875,18172400
2023-07-06,330.97085581956964,336.5540904646997,329.20464318433727,334.8663635253906,28161200
2023-07-07,332.952965838011,335.3766196583141,330.6764914106529,330.8923645019531,21214800
2023-07-10,328.3215584005841,328.93974184694355,321.4430847345039,325.603515625,32791400
2023-07-11,324.8479601120357,326.61417278371005,320.86414468674985,326.23150634765625,26698200
2023-07-12,330.2839941982709,335.23922327928665,329.37145204151966,330.87274169921875,29995300
2023-07-13,333.18844846906484,337.2900072046909,332.6585727165139,336.23028564453125,20567200
2023-07-14,341.06784313435514,344.8357860625372,337.84939001164037,338.7619323730469,28352700
2023-07-17,339.19365704889503,340.479073827532,335.778974895852,339.24273681640625,20363900
2023-07-18,339.3408199849451,359.8977253924033,335.74952271110794,352.7445068359375,64738600
2023-07-19,354.96212416292167,355.65879334061907,345.8268193685884,348.4172668457031,39732900
2023-07-20,346.9355591197213,351.25299077675766,338.8894133468808,340.36126708984375,33778400
2023-07-21,342.5985119949176,343.72692730245325,333.45338612673345,337.3194580078125,69405400
2023-07-24,339.36041220855765,340.4103417161615,335.88682904294996,338.63427734375,26678100
2023-07-25,340.59675719404197,345.2870932446145,338.5950576458234,344.3941650390625,41637700
2023-07-26,335.03321711179626,338.20262012350594,326.8595045876303,331.43206787109375,58383700
2023-07-27,334.09124680022427,334.92527345110744,322.8756964700809,324.5143737792969,39635300
2023-07-28,327.40902185998743,333.63005436530796,326.91840387112984,332.02081298828125,28484900
2023-07-31,330.5980267133625,331.36338955022967,327.10479921092735,329.6167907714844,25446000
2023-08-01,328.90051519144754,332.18766195989383,327.4384830540128,330.0289306640625,18311900
2023-08-02,327.3697167947092,327.3697167947092,320.23611310138045,321.354736328125,27761300
2023-08-03,319.88286784513633,323.69006750515837,319.8338180335655,320.5304870605469,18253700
2023-08-04,325.6526208611945,328.85145992528254,321.09967127439563,321.6295471191406,23741500
2023-08-07,322.20846094214573,324.8970380032119,321.3744043520865,323.9158020019531,17741500
2023-08-08,320.82487404247576,322.5812946473448,316.9391883531327,319.93194580078125,22327600
2023-08-09,320.34411633722664,320.97209180236405,315.02580407101107,316.1836853027344,22373300
2023-08-10,319.9025293676403,322.1005182288563,315.15335102644235,316.8705139160156,20113700
2023-08-11,314.25064527888804,316.3602966518782,313.22032953048887,314.986572265625,24355500
2023-08-14,315.3594171589749,317.97930021692355,314.07397059332675,317.9596862792969,18836100
2023-08-15,316.9392105100473,318.98999004348366,314.87860903477014,315.8205871582031,16966300
2023-08-16,315.44693875811095,319.0065586089997,314.46362532057526,315.0536193847656,20698900
2023-08-17,315.19127673474406,316.4990703161301,310.93351302834594,311.59234619140625,21257200
2023-08-18,309.24222157279775,313.0673251029197,306.35127777604174,311.19903564453125,24755000
2023-08-21,312.6248113327521,317.384044424445,311.7496780411196,316.5089111328125,24040000
2023-08-22,320.0685355111108,320.63884412186707,316.0959406772382,317.0792541503906,16084600
2023-08-23,318.41658830372705,323.70681979373916,318.0625798354603,321.54351806640625,21166400
2023-08-24,327.29588007700687,327.42371562381226,314.62095560290663,314.63079833984375,23281400
2023-08-25,316.1057633191369,319.93083688219207,313.4803033090538,317.590576171875,21684100
2023-08-28,320.22580858906434,320.70762249694076,316.351551838299,318.29852294921875,14808500
2023-08-29,316.5089267598385,323.4904580066464,316.5089267598385,322.9299621582031,19284600
2023-08-30,323.1856265787588,324.30658824416685,321.0026696426028,323.3036193847656,15222100
2023-08-31,323.7067756652974,325.3882331373902,321.32714408962795,322.2908020019531,26411000
2023-09-01,325.78155572289427,326.45020162379865,321.32714728180537,323.17578125,14942000
2023-09-05,323.51012766421536,329.26251739486815,323.17580468951513,327.98419189453125,18553900
2023-09-06,327.81697400469045,328.87893910427783,324.67035962133593,327.3253173828125,17535800
2023-09-07,325.7619150807658,327.5220245169093,323.5396171232003,324.4049377441406,18381000
2023-09-08,324.5818961212668,330.55061528459504,323.96240391702685,328.692138671875,19530100
2023-09-11,331.6125719980327,332.7729045134479,329.83277730257475,332.3009033203125,16583300
2023-09-12,330.2163241256409,331.1701393555617,325.9487474293145,326.23388671875,17565500
2023-09-13,325.7815623439832,331.2291270189504,325.64391407139624,330.4523010253906,16544400
2023-09-14,333.4907518578009,335.1722094614784,330.95381635064444,333.04827880859375,20267000
2023-09-15,331.2979901364791,331.76996140047095,324.14928194769504,324.70977783203125,37679800
2023-09-18,322.33013776149687,324.8867587399462,320.91416398907404,323.5691223144531,16834200
2023-09-19,320.72738676232893,323.8936575241151,319.0950827041811,323.1659851074219,16505900
2023-09-20,324.01159870782635,324.09025057389067,315.1617783626277,315.41741943359375,21436500
2023-09-21,313.93263631012064,319.92101113625847,309.74371174856566,314.1981201171875,35560400
2023-09-22,315.9582625950678,316.0860981358559,310.8745192146817,311.7201843261719,21447900
2023-09-25,311.3071733116646,312.36916854605823,309.7437086689083,312.2413330078125,17836000
2023-09-26,309.87152415800745,310.6090091309313,304.84677760481566,306.9314270019531,26297600
2023-09-27,307.08877368705123,309.0554005566663,304.522340026209,307.57061767578125,19410100
2023-09-28,305.80065881535404,310.21575688010876,304.28637761624543,308.4064636230469,19683600
2023-09-29,312.4478586518566,314.1391590398575,309.72409111193235,310.4812316894531,24147300
2023-10-02,311.0023577080208,316.51876142882526,309.9207069776333,316.43023681640625,20570000
2023-10-03,315.4764071729055,316.0270902536059,306.01693759833194,308.16058349609375,21033500
2023-10-04,308.78990640782996,314.69962955610083,308.7604082061058,313.63763427734375,20720100
2023-10-05,313.76546101615116,314.6406243233155,309.64537557701226,314.03094482421875,16965600
2023-10-06,311.26785534059786,323.6969515428258,311.022026982247,321.7991638183594,25673600
2023-10-09,319.33100051797163,324.78837743803706,317.78719140430474,324.31640625,19891200
2023-10-10,325.4374015243932,325.57507980738603,322.202321974192,322.9103088378906,20557100
2023-10-11,325.6831856730943,327.26633567090187,323.6477499735418,326.8730163574219,20063200
2023-10-12,325.0539124253683,328.062848978579,323.23477666400214,325.6340637207031,19313100
2023-10-13,326.8336925301548,328.25947886718836,320.9141270220076,322.26129150390625,21072400
2023-10-16,325.52586089073617,330.53095207086227,325.0833879040406,327.08935546875,22158000
2023-10-17,324.09025768703805,327.8956757176601,321.9466416917106,326.51904296875,18338500
2023-10-18,326.9417916491344,329.9900685277623,322.82170699864025,324.60150146484375,23153600
2023-10-19,326.60754929555145,331.2586326156587,325.38825024680347,325.7914123535156,25052100
2023-10-20,326.18471469225653,326.381389371038,320.019350620081,321.218994140625,25027700
2023-10-23,320.0389754077356,327.17783944474775,318.9770102658004,323.8247375488281,24374700
2023-10-24,325.77169735313146,326.3026949587647,322.13345600220845,325.0145568847656,31153600
2023-10-25,339.2627712727239,340.42310386646625,331.9862582686526,334.9853820800781,55053800
2023-10-26,334.8575801473551,335.9293882372037,321.4845108470067,322.4186706542969,37828500
2023-10-27,324.91629022673243,331.1013408795519,322.9201649137948,324.306640625,29856500
2023-10-30,327.8465712297684,333.78579341836826,326.29291903067406,331.6814880371094,22828100
2023-10-31,333.1957203491456,333.3432113436472,329.1051333877035,332.4680480957031,20265300
2023-11-01,334.1200209790302,341.62270595329534,333.9823427186433,340.29522705078125,28158800
2023-11-02,341.4457561237559,343.00922092358684,339.016970678104,342.50775146484375,24348100
2023-11-03,343.7958468754574,348.47642796304746,341.5342081949656,346.9129333496094,23637700
2023-11-06,347.5521269803011,351.57387511294206,347.4537896404017,350.5807189941406,23828300
2023-11-07,353.40279769132025,356.4117340199255,351.66234393523393,354.5139465332031,25833900
2023-11-08,355.64471847842236,357.7981768325293,354.53356973764215,357.1393737792969,26767800
2023-11-09,356.2545072193752,358.7029785024049,354.34687642430464,354.67138671875,24847300
2023-11-10,355.45790886941,363.9242518356229,355.0449340954523,363.5014343261719,28042100
2023-11-13,362.07568197420926,362.32151033821305,359.79438755425144,360.5613708496094,19986500
2023-11-14,364.8191335420203,365.7434505878538,361.22020270558585,364.0914611816406,27683900
2023-11-15,365.82556050862166,367.64838835280426,361.7168083416723,364.2392272949219,26860100
2023-11-16,365.51028582126,370.8211167467286,364.74174586188934,370.6437683105469,27182300
2023-11-17,368.12133741912425,368.8701819959366,361.60845836518695,364.4165954589844,40157000
2023-11-20,365.7664265581682,373.30403477299416,365.54965736450833,371.8950500488281,52465100
2023-11-21,370.15113498600977,370.69304303967186,365.66795990773056,367.5893249511719,28423100
2023-11-22,372.4468931555256,374.2106051165785,369.4614073576045,372.2991027832031,23345300
2023-11-24,371.78668646032,372.4172987463729,369.62888709643283,371.8852233886719,10176600
2023-11-27,371.24484030990743,375.0481498793526,370.673374141055,373.0479431152344,22179200
2023-11-28,372.7917190522952,377.3734005384554,372.60450791019576,377.07781982421875,20453100
2023-11-29,378.12223413728344,378.65427940747446,371.89507333786327,373.28436279296875,28963400
2023-11-30,372.9296932561048,374.50619409044,369.95407010737097,373.3435363769531,30554400
2023-12-01,371.22515523560304,372.6045822928287,365.8552073240673,369.0082092285156,33040500
2023-12-04,363.6776202294819,364.0914332416113,357.568691355028,363.717041015625,32063300
2023-12-05,361.0665594377977,367.59913401406357,360.2487359832438,367.04736328125,23065000
2023-12-06,368.05240507377636,368.6829873224875,362.6233417878435,363.38201904296875,21182100
2023-12-07,362.82041555159645,365.99311236097066,360.93847138160504,365.5004577636719,23118900
2023-12-08,363.776165260302,368.95887115666653,362.8204141424842,368.7322692871094,20154400
2023-12-11,363.06672692464986,366.140886665869,360.7216863332907,365.84527587890625,27708800
2023-12-12,365.40189538840474,368.9194561848198,365.01761039602826,368.8800354003906,24838300
2023-12-13,370.4959629431741,372.0921891414662,365.32308952611504,368.8702087402344,30955500
2023-12-14,367.8257861452431,368.2691873263225,358.78065463293524,360.55419921875,43277500
2023-12-15,361.4606566919279,366.92911028032063,360.89902327689896,365.2836608886719,78502300
2023-12-18,364.0224743454713,367.52030977000646,363.26376706221674,367.1754455566406,21802900
2023-12-19,366.03250325578983,367.7765197753906,364.4067490977682,367.7765197753906,20603700
2023-12-20,369.490921222126,370.50578841631284,365.08658823838834,365.1752624511719,26316700
2023-12-21,367.0867544249883,368.9095822665608,364.6037863278298,368.0523681640625,17708000
2023-12-22,368.19031518305366,369.66827890495347,367.2345641067885,369.07708740234375,17107500
2023-12-26,369.4909463405908,371.4024485751995,368.01298255522846,369.15594482421875,12673100
2023-12-27,368.20019317568403,369.55006195328735,367.3331162784424,368.5746154785156,14905400
2023-12-28,369.8555199252922,370.92950337498513,368.66330417937627,369.766845703125,14327000
2023-12-29,370.4762957614539,371.61925815456027,367.9933271573456,370.5157165527344,18730800
2024-01-02,368.36763432010537,370.3776732414385,361.38179662508963,365.42156982421875,25258600
2024-01-03,363.58894066618615,367.7765045721429,363.09628608901477,365.15557861328125,23083500
2024-01-04,365.22457289866344,367.61886702823733,361.7759907127874,362.53466796875,20901500
2024-01-05,363.54952100172824,366.59412268972636,361.11580618022657,362.3474426269531,21004600
2024-01-08,363.8746551165755,369.6880031258094,363.5889371144665,369.18548583984375,23134000
2024-01-09,366.54488061699703,370.4663919405634,365.73691986628984,370.26934814453125,20830000
2024-01-10,370.84081671988235,378.52624647847034,370.7915632878579,377.14678955078125,25514200
2024-01-11,380.3293610152563,384.9406009736396,374.79192797943045,378.9794921875,27850800
2024-01-12,379.82682931782017,382.969968033559,378.99917320808413,382.7630615234375,21661200
2024-01-16,387.8768030229654,388.24136259684576,381.925527346388,384.5365905761719,27202300
2024-01-17,382.280251053988,384.3789342645235,379.15680784896807,383.74835205078125,22234100
2024-01-18,385.9653010602353,388.2019420036005,384.3888004079398,388.0837097167969,23392100
2024-01-19,389.9459487436234,392.8132019042969,387.7191405000406,392.8132019042969,29331100
2024-01-22,394.14338194370225,394.73457348742886,387.8078508984798,390.6849670410156,27016900
2024-01-23,389.9361075398463,393.51278467024315,388.1428376176736,393.0398254394531,20525900
2024-01-24,395.641052600286,399.670963497878,394.56706921313554,396.64605712890625,24867000
2024-01-25,398.3802111244257,401.03069519921775,396.6164992894369,398.922119140625,21021200
2024-01-26,398.42947961915996,400.2030542350716,396.51797735014173,397.9959411621094,17803300
2024-01-29,400.09466184188676,403.9570872376775,398.39006605624104,403.7008972167969,24510200
2024-01-30,406.2035919940408,406.98196463436994,400.47894778438507,402.5874938964844,33477600
2024-01-31,400.98143260936786,409.21863334219495,391.3746676938224,391.7392272949219,47871100
2024-02-01,395.92674920804393,402.0061196897029,395.8971911373073,397.8481140136719,30657700
2024-02-02,397.87768854138443,406.587817886619,397.6313612519742,405.1788330078125,28256700
2024-02-05,403.87823795810993,405.11973718115985,398.05505693610314,399.690673828125,25352300
2024-02-06,399.9173050428237,401.97659767351126,396.99093550042556,399.53302001953125,18382600
2024-02-07,401.45437538113845,408.2135819340869,401.4149545944821,407.9672546386719,22340500
2024-02-08,407.9672510426615,409.45507751601383,406.46959192466915,408.0263671875,21225300
2024-02-09,409.1496686243005,414.637848397784,408.99201553500313,414.3717956542969,22032800
2024-02-12,414.3816422071808,414.55899064975375,408.65699805765166,409.1595153808594,21202900
2024-02-13,398.9910986093642,404.04573947399683,397.4638814201037,400.350830078125,27824900
2024-02-14,402.8186275095737,404.5658388517389,399.36366838251547,404.2203369140625,20401200
2024-02-15,402.8877787891035,403.86502912534854,399.08731730113595,401.3280944824219,21825500
2024-02-16,402.71009676405504,403.03586697919485,398.24827391084835,398.86029052734375,22296500
2024-02-20,398.0508194321391,399.284733568485,392.8881419655763,397.60662841796875,24307900
2024-02-21,395.0203117904289,397.1130251474651,392.10826265454955,397.0044250488281,18518900
2024-02-22,404.9113664023,407.51737721520215,403.3122186108832,406.3525695800781,27009900
2024-02-23,410.32087486596646,410.50840209542025,403.7070832004783,405.0594482421875,16295900
2024-02-26,406.16503956653713,406.8560435321,402.11779517864807,402.2955017089844,16193500
2024-02-27,402.7397141163555,403.0654843352299,398.65300594895484,402.2362976074219,14835800
2024-02-28,402.9272164600946,404.03279861285756,400.10403561463596,402.47314453125,13183100
2024-02-29,403.3813298173751,408.8697771758562,400.6963316033454,408.3169860839844,31947300
2024-03-01,405.9774393001269,410.5182488621106,405.5924737956083,410.15301513671875,17823400
2024-03-04,408.11957070674777,411.9792577390108,407.01398846090547,409.5805358886719,17596000
2024-03-05,408.632835591906,408.9191120836045,395.4842705013913,397.4683837890625,26919200
2024-03-06,397.7843298406592,399.9461499534846,393.263281415692,396.9156494140625,22344100
2024-03-07,400.8937526863445,404.5066568048068,397.0636784801651,403.8749084472656,18718500
2024-03-08,402.7100302645635,405.1383946723733,399.12673923888235,400.992431640625,18002200
2024-03-11,398.5641317733387,400.45940694447387,396.09630359488256,399.3143310546875,16120800
2024-03-12,402.37439333197887,410.2220980008001,401.55508773487963,409.9358215332031,22457000
2024-03-13,412.7195723945268,412.7985296378199,406.1551557542081,409.7581787109375,17115900
2024-03-14,414.83200064539375,422.31447191746963,412.6109554732492,419.7479248046875,34157300
2024-03-15,413.8942801973478,417.16168230340674,407.4779269181007,411.06121826171875,45079900
2024-03-18,408.9190850547674,415.3157058481872,408.45513220227605,411.9495849609375,20106000
2024-03-19,412.45302237396163,416.24363275003464,410.20236440839864,415.9869689941406,19837900
2024-03-20,416.56942843935633,420.4784601385664,415.2466760493423,419.75787353515625,17860100
2024-03-21,424.29861540078343,425.27589583117316,421.6629918116586,423.84454345703125,21296200
2024-03-22,424.17032397071773,424.3282384659813,420.58703259669744,423.22265625,17648500
2024-03-25,419.7676816300529,421.90976968993664,416.18439038520984,417.4183044433594,18060500
2024-03-26,420.13287738335515,420.5079920430919,415.9277191383085,416.2238464355469,16725600
2024-03-27,418.9779885582823,418.9878695106981,413.61787312123863,416.0067138671875,16705000
2024-03-28,415.54274902029323,416.4410420434957,413.7264311944793,415.30584716796875,21871200
2024-04-01,418.494337158426,422.3836369877504,416.78658912173853,419.1063537597656,16316000
2024-04-02,414.7037001138204,416.94450735898084,412.4629229935154,416.0166015625,17912000
2024-04-03,414.32857100322445,417.8131427793342,413.6967926033786,415.039306640625,16502300
2024-04-04,419.52089960464946,423.1535654935394,412.1964026116657,412.5024108886719,19370900
2024-04-05,414.6049948261761,421.0213477789878,412.9367406484567,420.0440673828125,16554800
2024-04-08,419.698621129678,421.7814536782747,417.85266032435015,419.1260681152344,14272400
2024-04-09,420.9522866687586,422.23554534749115,416.19430642939574,420.7943420410156,12496900
2024-04-10,416.7569337473859,418.5732515840266,414.29898664030566,417.81317138671875,16216600
2024-04-11,420.3402327247268,423.8445365841043,416.92473693729744,422.4230651855469,17966400
2024-04-12,418.59302946474156,419.70849269035864,414.3681085669582,416.470703125,19253800
2024-04-15,421.1101986920762,421.32736877280126,408.10966683089106,408.3169860839844,20273500
2024-04-16,409.23502221897127,413.0157217686464,408.4058355582689,409.244873046875,16765600
2024-04-17,411.8805452142036,413.4895740933759,405.0495831926222,406.5401611328125,15855500
2024-04-18,405.34567475168,406.58946965845195,398.7516458051748,399.0675048828125,21029900
2024-04-19,398.8306438099327,400.2619961941858,392.6511924508159,393.98382568359375,30565800
2024-04-22,394.93142960410273,397.66580225513326,390.6571648456916,395.80010986328125,20286900
2024-04-23,399.0379397213986,402.94700128728675,397.8731320388209,402.3251037597656,15734500
2024-04-24,404.28946405238224,407.16201954597966,401.54524043863097,403.7958984375,15065300
2024-04-25,388.9593393273181,394.74394432686086,383.0365516126927,393.9048767089844,40586500
2024-04-26,406.86597241582234,407.6852782430672,400.53845637096487,401.09124755859375,29694700
2024-04-29,400.0349411285761,401.0911788014965,394.05292813266897,397.07354736328125,19582100
2024-04-30,396.32331323474864,396.9847044226994,384.16187921211525,384.3197937011719,28781400
2024-05-01,387.5575723765422,396.55035342207367,385.28718262896496,389.85760498046875,23562500
2024-05-02,392.5426299953367,394.7834071649824,389.5713551906569,392.7203063964844,17709400
2024-05-03,397.10317892533544,401.9105035456356,396.68857052359846,401.42681884765625,17446700
2024-05-06,403.4998057579773,408.60325778406036,401.1405474563734,408.2182922363281,16996600
2024-05-07,409.32384154303776,409.33372249534176,403.8255133338143,404.0722961425781,20018200
2024-05-08,402.917370243468,406.92512065552296,401.4761369476161,405.2568664550781,11792300
2024-05-09,405.2864669208131,407.4087929910644,403.8353828414113,407.0139465332031,14689700
2024-05-10,407.6260380989411,410.03464109758926,406.50069385578246,409.4028625488281,13402300
2024-05-13,412.6307056505163,412.9663266297868,405.53323020324206,408.3959045410156,15440200
2024-05-14,406.7177872432058,412.1173961263277,406.2538343729978,411.1993713378906,15109300
2024-05-15,413.26623802905556,419.1107104287916,412.64321876209584,418.3887939453125,22239500
2024-05-16,417.1229765763839,420.7028625691673,415.6890726034355,416.32196044921875,17530100
2024-05-17,417.8548407966732,418.2306321456543,413.3948384903914,415.5506591796875,15352200
2024-05-20,415.55056602849584,422.0378241947753,415.3330042530759,420.6236877441406,16272100
2024-05-21,422.09719809997813,428.1691308622737,420.1391721073256,424.28271484375,21453300
2024-05-22,425.3210520448661,427.6153345538536,422.39388170740824,425.74627685546875,18073700
2024-05-23,428.16915515912984,428.79217443912484,420.7028829331948,422.2653503417969,17211700
2024-05-24,422.4532504584075,426.2803344425143,419.70407675613797,425.39031982421875,11855300
2024-05-28,424.86614094038555,426.0429482844811,421.8697396793398,425.5484924316406,15718000
2024-05-29,420.96986151310944,426.1616484009117,420.96986151310944,424.4112854003906,15517100
2024-05-30,419.59521565544946,419.59521565544946,409.64676652386225,410.072021484375,28394500
2024-05-31,412.1289792567511,412.1289792567511,400.024708875454,410.5269470214844,47995300
2024-06-03,410.92253691489856,411.81255153776027,404.3858441186775,408.934814453125,17484700
2024-06-04,407.85685925302585,411.82240496411936,405.1373519842431,411.4565124511719,14348900
2024-06-05,413.17723696234333,419.3777030871155,411.6839704862112,419.3085021972656,16988000
2024-06-06,419.3084807052153,420.5940539083252,415.9164904670929,419.81280517578125,14861300
2024-06-07,421.47421729884104,421.55331696325794,418.30968749669245,419.1502685546875,13621700
2024-06-10,419.9908379970184,423.33333440686357,419.1898218829819,423.12567138671875,13982900
2024-06-11,420.76220781136936,428.0208168757502,420.53474723054455,427.8823547363281,14551100
2024-06-12,430.4930895516259,438.4834835709838,428.4460348943523,436.16943359375,22366200
2024-06-13,435.96176849341106,438.47361288924054,434.498168180252,436.68365478515625,15960600
2024-06-14,433.4202794880734,438.2264067176669,431.87757943393086,437.6627197265625,13582000
2024-06-17,437.68243737571277,445.9398563271766,435.83317727597375,443.3983459472656,20790000
2024-06-18,444.7234969265718,445.14875191744164,439.95696520327493,441.390869140625,17112500
2024-06-20,441.35125741708777,441.5787179611439,436.3770330236985,440.7579345703125,19877400
2024-06-21,442.4194031605516,445.5839030794592,441.55905465078865,444.79278564453125,34187100
2024-06-24,444.812502964026,447.72980476303803,441.4601077502006,442.7061462402344,15913700
2024-06-25,443.27969425576566,446.4145577985047,441.79632662300793,445.94976806640625,16413400
2024-06-26,444.0213670965085,448.5703670936918,443.2203510089548,447.1463317871094,16507000
2024-06-27,447.1661206636861,451.11189918090986,446.76066321308457,447.8287048339844,14806300
2024-06-28,448.04624507062687,450.33062875420535,441.46008932267114,441.9941101074219,28362300
2024-07-01,443.6851847474979,452.29859832649356,440.718449260987,451.66571044921875,17662800
2024-07-02,448.17483800659534,454.4939686896818,448.08580938726794,454.1874084472656,13979800
2024-07-03,453.1095094538045,455.90811662700247,452.8029492037819,455.660888671875,9932800
2024-07-05,454.5137192746822,463.15682857412344,453.88083144181417,462.3755798339844,16000300
2024-07-08,461.37678118625774,462.5140538822785,459.30995917726233,461.0702209472656,12962300
2024-07-09,461.8218233419158,462.14815096607435,452.92161689635424,454.4445495605469,17207200
2024-07-10,456.1059138794407,461.2878021935715,453.7720662754438,461.08013916015625,18196100
2024-07-11,457.84636046829024,459.6263894983609,446.54307653601205,449.6581726074219,23111200
2024-07-12,449.2922544857781,451.2997440970952,445.653066550447,448.5209045410156,16324300
2024-07-15,448.2737061930426,452.18981864416236,446.4244459584992,448.9263916015625,14429400
2024-07-16,449.1835423040314,449.26264197328965,441.7073711225493,444.53564453125,17175700
2024-07-17,437.6824616204732,439.9174119033302,434.3102688250729,438.6021423339844,21778000
2024-07-18,439.41307217646386,439.71963242472316,429.5832863227986,435.4870910644531,20794800
2024-07-19,428.2976681537138,436.2485267618823,427.209859235563,432.26318359375,20940400
2024-07-22,436.89132199854777,439.6701615477493,434.04325138518465,438.028564453125,15808800
2024-07-23,438.97794115369385,443.41817564914504,438.1868237868677,439.91741943359375,13107100
2024-07-24,435.5662057633114,436.58478368998954,422.8487845737653,424.1442565917969,26805800
2024-07-25,424.0453888657749,425.03430071497604,412.8805958173141,413.7607116699219,29943800
2024-07-26,413.562951013485,424.1640873365212,412.643240049521,420.5545349121094,23583800
2024-07-29,426.7945193727036,427.3582063126635,419.9908318898155,421.9983215332031,15125800
2024-07-30,422.97732451431415,424.2925638306224,412.7321833431071,418.2305603027344,32687600
2024-07-31,415.8373969334193,417.10320278469345,407.6393099563061,413.71124267578125,42891400
2024-08-01,416.12417291556886,422.7201972162586,408.50954056683383,412.4849548339844,30296400
2024-08-02,407.91618767034436,410.39836575672,399.85656314975535,403.9605407714844,29437900
2024-08-05,384.85479031825656,396.5931676964823,381.3045706583986,390.7684631347656,40709200
2024-08-06,395.5647061878266,401.1718491768835,394.0813385396222,395.17901611328125,24946500
2024-08-07,404.1088639389028,405.53286892466696,393.062707726454,394.0120544433594,20650900
2024-08-08,397.97765609010867,401.3597174512935,395.50537665916386,398.2248840332031,20203000
2024-08-09,399.5500195790903,403.5254340135955,397.799656617914,401.5179443359375,19276700
2024-08-12,402.54642227818954,404.22758435718055,399.75768384658,402.2991943359375,16762900
2024-08-13,405.0483994374045,410.3489826258754,405.02863206499177,409.4194030761719,19414300
2024-08-14,410.200606537794,413.0882423005823,407.87668792866015,412.2377624511719,18267000
2024-08-15,415.8934346982465,417.19124174906176,413.7733647214418,417.11199951171875,20752100
2024-08-16,416.6859891605723,417.4190931983878,413.4166801400684,414.5758056640625,22775600
2024-08-19,415.06120860773046,417.8252537249248,412.58447325666395,417.6072998046875,15234000
2024-08-20,417.7757654099591,421.8970267669262,417.7163261753405,420.8468933105469,16387600
2024-08-21,420.13355421881863,422.43197186124524,417.79553057929155,420.1930236816406,16067300
2024-08-22,420.4109349910718,422.81834463862344,410.75166748787615,411.68292236328125,19361900
2024-08-23,413.0996723021897,415.3584538355035,408.255163223579,412.91143798828125,18493800
2024-08-26,412.49538585243533,413.3969213043914,407.51219467239036,409.6421813964844,13152800
2024-08-27,409.01800038370646,410.5040417108967,406.43230298651787,409.9888916015625,13492900
2024-08-28,411.019191950483,411.13807041057737,403.5196300124752,406.7790222167969,14882700
2024-08-29,411.0786443893992,418.1224654785976,406.7790352875099,409.27557373046875,17045200
2024-08-30,411.73253163556785,413.604928025177,408.2948214180594,413.2582092285156,24308300
2024-09-03,414.0210025733613,415.97267128987687,403.2422452090673,405.62982177734375,20313600
2024-09-04,402.1326826766194,407.4130694116055,400.60700515715166,405.0948486328125,15135800
2024-09-05,403.82677622219455,409.2557914736051,402.3506514977997,404.5896301269531,14195500
2024-09-06,405.2533785520499,406.8285787467922,397.070234552708,397.9618835449219,19609500
2024-09-09,403.4503023301037,404.84718480089737,398.40767240518096,401.9444580078125,15295100
2024-09-10,404.4014154009755,412.4557344655397,403.90606826316616,410.3455810546875,19594300
2024-09-11,411.6334289532487,420.044412808737,405.7685061452882,419.103271484375,19266900
2024-09-12,419.37076416429335,423.39298024346107,415.84389519077274,423.02642822265625,17395700
2024-09-13,421.8672937914901,427.8114589338371,421.5007417784194,426.5830078125,15874600
2024-09-16,426.5929152766965,429.49564193620427,424.2350583167788,427.3260192871094,13834700
2024-09-17,436.1332986571775,437.7382183505998,428.2473514166882,431.1005554199219,18874200
2024-09-18,430.95197545729616,431.9723892702998,426.40469272360485,426.80096435546875,18898000
2024-09-19,437.1240071994986,437.3914837460106,432.8342844371603,434.6076354980469,21706600
2024-09-20,433.15131768035957,435.1525090726311,430.17923509170157,431.2194519042969,55167100
2024-09-23,430.23868426031646,432.3983904018878,426.38489946949306,429.4758605957031,15128900
2024-09-24,428.9705844602765,429.31733347364775,422.1348005929618,425.1762390136719,17015800
2024-09-25,425.8300552065777,429.08944744090394,424.58180113051003,428.0888366699219,13396400
2024-09-26,431.0411178765214,431.2491551844422,425.1365891561316,427.2962951660156,14492000
2024-09-27,427.5043252487667,427.8312712464172,423.4920260673168,424.0368957519531,14896100
2024-09-30,424.225137648764,426.4145935098266,421.41156986331913,426.2956848144531,16807300
2024-10-01,424.4629120903149,424.49263170487137,414.9126061650303,416.7751159667969,19092900
2024-10-02,418.6475564553425,418.88534363054407,412.8321861342137,413.248291015625,16582300
2024-10-03,413.7436103396226,415.64572621192764,410.43469544557,412.66375732421875,13686400
2024-10-04,414.34793855319174,415.8438964916741,411.1083793562167,412.188232421875,19169700
2024-10-07,412.12881943831235,413.2284755742096,405.1939594958407,405.72894287109375,20919800
2024-10-08,407.0762569270798,411.79197118142247,404.37168100298584,410.8507995605469,19229300
2024-10-09,411.99007853410836,416.46803570058375,410.4445979894132,413.5751953125,14974300
2024-10-10,411.3659669240718,413.46623380792397,409.3053060403614,411.97027587890625,13848400
2024-10-11,412.26751359253427,413.24829121073924,409.4043927403761,412.4458312988281,14144900
2024-10-14,413.8822865985765,420.0939583051494,413.63461305961806,415.23956298828125,16653100
2024-10-15,418.2512520382671,418.54847842558434,411.39566540112634,414.84326171875,18900200
2024-10-16,411.3065392799767,412.48543760596397,406.66018089425665,412.2476806640625,15508900
2024-10-17,418.42963273493405,418.56834444995235,411.72264316476367,412.8421325683594,14820000
2024-10-18,413.25817959093666,415.74480139281076,412.3863638860618,414.2686767578125,17145300
2024-10-21,412.2476842514802,415.06125227829034,409.89974372900497,414.8829345703125,14206100
2024-10-22,414.595626294547,426.57311612841215,414.1498320229674,423.5317077636719,25482200
2024-10-23,426.8504984713963,427.06845240983137,418.59802889539156,420.6487731933594,19654400
2024-10-24,421.3719497046553,422.01592511987707,418.4692229621463,420.7775573730469,13581600
2024-10-25,422.7886308311735,428.4950083833606,422.60039653035216,424.1656799316406,16899100
2024-10-28,427.64306615669506,427.9204593260478,422.33292947161533,422.6202392578125,14882400
2024-10-29,424.017135059726,429.13903758740884,421.83759563654417,427.9303894042969,17644100
2024-10-30,433.3692866656604,434.4194201314416,428.0789831021246,428.5049743652344,29749100
2024-10-31,411.4947379049696,412.2873114234298,402.5190506643278,402.568603515625,53971000
2024-11-01,405.20384836550784,411.63344411141696,403.7078904341815,406.5511779785156,24230400
2024-11-04,405.9864621175824,406.6007179042562,401.79584509345045,404.658935546875,19672300
2024-11-05,404.56977062634746,411.03900230330345,404.2824608535884,407.6310119628906,17626000
2024-11-06,408.5821007827268,416.5373737173725,406.6997576825849,416.2698669433594,26681800
2024-11-07,417.35969403235873,422.87786854652984,415.97272805729,421.4710693359375,19901800
2024-11-08,421.3620693729889,422.5310812867246,417.8550033981939,418.6079406738281,16891400
2024-11-11,418.58812774007396,420.8568260602772,412.1288120506796,414.1201171875,24503300
2024-11-12,414.3578665238478,420.4902662976637,413.317649663667,419.0933837890625,19401200
2024-11-13,417.7163255743709,425.3347363138495,414.31822142109314,421.2431945800781,21502200
2024-11-14,421.04505383486753,424.1855678921326,416.0915826132808,422.91748046875,30246900
2024-11-15,415.91327620196233,418.86552578071695,409.79079286185015,411.13812255859375,28247600
2024-11-18,411.0093198489206,414.50646935219214,408.2651076525754,411.89105224609375,24727000
2024-11-19,409.2656885605185,414.0507587358417,407.7202079437107,413.90216064453125,18133500
2024-11-20,412.9906980283946,413.40680290697327,406.7592228682752,411.62353515625,19191700
2024-11-21,416.4281041493026,416.70605256605285,407.28555520801666,409.8466491699219,20780200
2024-11-22,408.35760329128635,414.3434454251094,408.04987579157546,413.9463806152344,24814600
2024-11-25,415.3162958278843,417.99650611752486,411.812146489521,415.7232971191406,27691100
2024-11-26,416.5174436728799,425.89825580258685,415.78287220202776,424.8559265136719,23458900
2024-11-27,421.9969878965425,424.10148899734514,418.929618998767,419.89251708984375,18332400
2024-11-29,417.0137525773511,421.76868474809675,414.7405133546205,420.35906982421875,16271900
2024-12-02,418.48296929752263,429.8292633670891,418.22486350993177,427.8240661621094,20207200
2024-12-03,426.69236269283573,429.30310856781665,424.6077345204632,428.04241943359375,18302000
2024-12-04,429.8590208353051,436.45041220115866,429.4619560010729,434.2168884277344,26009400
2024-12-05,434.71321944433936,441.4038541812057,432.9760343176013,439.3787841796875,21697800
2024-12-06,439.0611493611207,442.83334120617906,438.5350316138442,440.3218688964844,18821000
2024-12-09,439.358906375019,445.04692697507164,437.27427833096584,442.75384521484375,19144400
2024-12-10,441.1358533918597,446.32753597079886,438.3662754088612,440.0835876464844,18469500
2024-12-11,440.79832040277716,447.05220524938716,440.79832040277716,445.7021484375,19200200
2024-12-12,445.8212274935838,452.8196196905417,445.8212274935838,446.2679443359375,20834800
2024-12-13,445.15616611270633,448.124261247401,442.3170935669994,443.9947204589844,20177800
2024-12-16,443.99473862109255,448.86878750909034,442.01932060586137,448.2831115722656,23598800
2024-12-17,447.70736185197006,451.9560191338881,446.2779042343056,451.132080078125,22733500
2024-12-18,448.0151211482652,449.3353686126572,433.8198177452418,434.1871337890625,24444500
2024-12-19,438.38612742715867,439.9347015317489,433.12495005824394,433.8297424316406,22963700
2024-12-20,429.93842886665163,440.4905928728717,425.4912541783927,433.40289306640625,64263700
2024-12-23,433.54182345000305,434.44516332232695,429.6604520270257,432.062744140625,19152500
2024-12-24,431.4671320524487,436.38089623186573,431.010509030067,436.11285400390625,7164500
2024-12-26,435.86472311645826,437.7111185947039,433.4326819773249,434.9018249511719,8194200
2024-12-27,431.4175228637617,432.0329778888151,423.2279358558446,427.3773193359375,18117700
2024-12-30,422.940089683055,424.419169171776,418.8105484634703,421.7190856933594,13158700
2024-12-31,422.97974261139274,423.60513406729245,417.5795764543607,418.4134216308594,13246500
2025-01-02,422.4139505741353,422.9500047735069,411.81216477472935,415.51483154296875,16896500
2025-01-03,417.99651176266025,420.9249216883709,416.46781065088146,420.2499084472656,16662900
2025-01-06,424.865875513533,431.13960318889787,422.3643396757335,424.71697998046875,20573600
2025-01-07,425.85855484956164,427.49646630939253,417.7185890028598,419.277099609375,18139100
2025-01-08,420.35909877353964,423.84340560662326,418.4531754229048,421.4510498046875,15054600
2025-01-10,421.52050962504774,421.59991046888086,411.98086631184646,415.8821105957031,20201100
2025-01-13,412.19930745359136,415.4354451072025,409.27092762989713,414.1350402832031,17604800
2025-01-14,414.7504731982745,416.6663329915462,407.7123952362894,412.62615966796875,16935900
2025-01-15,416.06078709453215,425.0147242617403,415.2070689754285,423.1882019042969,19637800
2025-01-16,425.56074187721237,426.34493507947604,421.28230542678756,421.47088623046875,15300000
2025-01-17,430.9112808415576,431.29843952552403,425.03464825408395,425.8883361816406,26197500
2025-01-21,427.04974598441896,427.74460185190514,422.4834247796493,425.3621826171875,26085700
2025-01-22,434.3558409675422,443.9947282693763,432.8072669314077,442.9325866699219,27803800
2025-01-23,438.76331124507635,443.4785278251988,438.266972657695,443.4388122558594,18389300
2025-01-24,441.9002090925553,443.37928850377745,438.16773293128523,440.8082580566406,15549500
2025-01-27,420.90507512895306,432.01313557520695,420.39880005578783,431.3778076171875,35647800
2025-01-28,431.4175234893937,445.0966142937209,428.2211016468738,443.9252624511719,23491700
2025-01-29,443.41896958220315,443.607580668921,437.1750216711049,439.09088134765625,23581400
2025-01-30,415.7034295288443,419.7634757332681,410.1345248522129,411.95111083984375,54586300
2025-01-31,415.9119381542539,417.60940782263856,411.87173434946413,412.0206298828125,34161900
2025-02-03,408.5859323997036,412.3680300232083,405.6674590737405,407.9109191894531,25679100
2025-02-04,409.6679752687522,410.8889791877868,406.739565274027,409.3503112792969,20532100
2025-02-05,409.33049175194867,410.7996347714461,407.3947588943965,410.26361083984375,16316700
2025-02-06,410.96837509421607,415.13763159687187,410.96837509421607,412.7750549316406,16309800
2025-02-07,413.4302096384315,415.58430218979566,405.1115698860282,406.7494812011719,22886800
2025-02-10,410.6804954197058,412.41768060214906,407.91094771202364,409.201416015625,20817900
2025-02-11,406.6402867338733,409.4693924071674,406.3027498403555,408.4270935058594,18140600
2025-02-12,404.2280919312538,407.742177856358,401.40889219439293,406.0447082519531,19121700
2025-02-13,404.01963601763975,407.99034497113007,403.38430804391083,407.5337219238281,23891700
2025-02-14,404.80385028408716,405.91564391864586,402.9078331667541,405.43914794921875,22758500
2025-02-18,405.012314606688,407.593281493885,403.5232987441634,406.64031982421875,21423100
2025-02-19,404.89319663470326,412.44745587382107,404.66486996411237,411.73272705078125,24114200
2025-02-20,413.0755241021682,417.07407700385164,410.340188149201,413.9110412597656,23508700
2025-02-21,415.11461566593005,415.8208212359378,405.7150240823537,406.0332946777344,27524800
2025-02-24,406.3316944915949,407.1870941067446,397.1906962904959,401.8457336425781,26443700
2025-02-25,398.9612079589026,399.77684273234365,394.58467628789543,395.77825927734375,29387400
2025-02-26,395.8877115559134,401.44790050472056,392.1477511905504,397.5985412597656,19619000
2025-02-27,399.13027515598884,403.5764407452776,390.0788238664077,390.4368896484375,21127400
2025-02-28,390.5662102627109,395.50970978817173,384.50868780557136,394.87310791015625,32845700
2025-03-03,396.693360360252,396.693360360252,384.1008642400347,386.4184265136719,23007700
2025-03-04,381.3555708063787,390.48661254503907,378.9683745181786,386.53778076171875,29342900
2025-03-05,387.26388146240924,399.52815002362524,386.7367088462604,398.881591796875,23433100
2025-03-06,392.17758313531544,400.00561314926756,390.586108729763,394.773681640625,23304600
2025-03-07,390.2280267594304,392.6947831487431,383.4841811851977,391.2127380371094,22034100
2025-03-10,383.7825787420743,384.3395902213564,375.20854809150063,378.13287353515625,32840100
2025-03-11,376.9790454259089,383.9417190881288,374.900193646485,378.42132568359375,30380200
2025-03-12,380.9080172396425,383.1659020465141,376.92934634163805,381.2262878417969,24253600
2025-03-13,381.11688044146297,383.2653663209318,375.4373363609022,376.7502746582031,20473000
2025-03-14,377.7548866940246,388.1491759928466,377.48633735073093,386.4880676269531,19952800
2025-03-17,384.6380144395121,390.61594671729495,383.51403507382423,386.6273498535156,22474300
2025-03-18,385.0060336134189,385.3044217812384,379.06786623501773,381.4749450683594,19486900
2025-03-19,383.47421674907764,387.6020814133235,381.9523764633006,385.75201416015625,19185500
2025-03-20,383.68311164841384,389.70086948967395,381.2362375881449,384.7772521972656,18470500
2025-03-21,381.17650921899354,389.6510660283216,380.75873548145654,389.17364501953125,39675900
2025-03-24,393.29158399443577,393.29158399443577,387.73139545576913,390.98394775390625,21004500
2025-03-25,391.8195087441688,394.2464699747621,390.54633531859656,393.0528869628906,15775000
2025-03-26,392.89374127883343,393.2020858372719,386.49803525659746,387.89056396484375,16108400
2025-03-27,388.04970169840396,390.1484359049866,385.33424804034394,388.4972839355469,13766800
2025-03-28,386.01060482786494,387.05502406399853,374.920066699825,376.78009033203125,21632000
2025-03-31,370.5534967757106,375.0593400396717,365.28173999012597,373.3883056640625,35184700
2025-04-01,372.65223585591366,380.80852287787553,371.2398247656492,380.15203857421875,19689500
2025-04-02,375.95454781806535,383.0266205201498,374.6117403662579,380.1023254394531,16092600
2025-04-03,372.79148704012755,375.4671453752222,367.38049274092737,371.12042236328125,30198000
2025-04-04,362.1883363320907,372.5925514540549,357.5631378295283,357.92120361328125,49209900
2025-04-07,349.00902084094025,369.021730877009,342.9514979578054,355.9517822265625,50425000
2025-04-08,366.2963003111999,371.657542893924,348.38232711080923,352.6693420410156,35868900
2025-04-09,351.65482301024804,391.13318598606264,351.2171667990214,388.40777587890625,50199700
2025-04-10,380.02270330397937,381.852888057324,365.8387335220006,379.3164978027344,38024400
2025-04-11,378.61031016462425,387.97010607095405,376.86964177115533,386.378662109375,23839200
2025-04-14,391.1232211496066,392.54558862795363,382.1612557582716,385.7420654296875,19251200
2025-04-15,386.4383315419063,389.80031299588615,382.11152127039287,383.67315673828125,17199900
2025-04-16,378.6401344902522,379.5750941222194,366.03768244767394,369.62841796875,21967800
2025-04-17,371.757014425277,372.32398224080106,364.9336092793292,365.81884765625,21120200
2025-04-21,360.88536094814043,362.53651305850417,353.7734925946294,357.205078125,20807300
2025-04-22,361.44235434917846,365.80892977570767,357.94110461161955,364.864013671875,19485000
2025-04-23,374.05472426245655,378.3616523034824,371.0309260243866,372.3936462402344,20545500
2025-04-24,373.696621578229,386.37863321068227,373.18933139938025,385.2347412109375,22232300
2025-04-25,384.93638434344297,390.068873110604,382.54918803088736,389.7605285644531,18973200
2025-04-28,389.86991018310994,390.6457497092271,384.5783015368256,389.0741882324219,16579400
2025-04-29,389.2134328165618,392.99318803647833,388.2983555925269,391.9388427734375,14974000
2025-04-30,388.21877036685504,394.54487238441686,382.39003252749313,393.15234375,36461100
2025-05-01,428.81116623183453,434.65981700987567,422.6342884776108,423.1316223144531,58938100
2025-05-02,429.43779144193553,437.0967443095362,427.69712309519423,432.95892333984375,30757400
2025-05-05,430.5617862640975,437.15643772408293,429.80582912695047,433.8442077636719,20136100
2025-05-06,429.8953841273505,435.39589519237757,428.8708776295015,430.99945068359375,15104200
2025-05-07,431.5266230555768,435.7837995157977,428.8111693588705,431.03924560546875,23295300
2025-05-08,435.59484674174973,441.3042603502225,433.3369618444988,435.8335876464844,23491300
2025-05-09,437.6537503899646,438.38979471116045,433.55572467490674,436.3905334472656,15324200
2025-05-12,443.5621064267163,446.9738092745622,437.43494989219903,446.8644104003906,22821900
2025-05-13,445.392292323668,448.2668964878236,442.9851831830833,446.74505615234375,23618800
2025-05-14,445.75038756339603,451.4796527444761,445.75038756339603,450.5247802734375,19902800
2025-05-15,449.1894577663049,454.5904670438241,448.8506535548848,451.54119873046875,21992300
2025-05-16,450.4649981824022,452.7668963665248,447.1566619661563,452.6772155761719,23849800
2025-05-19,449.29907263869796,457.9785240250479,449.2193361148497,457.26104736328125,21336500
2025-05-20,453.9925667897047,456.73292449884485,452.72703072274504,456.56353759765625,15441800
2025-05-21,452.97614166677727,456.17487788050977,450.2258093649285,450.983154296875,19216900
2025-05-22,453.3548479183862,458.63625267798704,452.30851122486644,453.26513671875,18025600
2025-05-23,448.40228199038245,452.0992653985463,447.3360263474386,448.6015625,16883500
2025-05-27,454.87944662996904,459.3337746022176,454.52069309116933,459.0746765136719,20974300
2025-05-28,459.60285995745147,460.89828970025724,455.3278931492698,455.7563781738281,17086300
2025-05-29,459.93167902845283,460.10109634693043,453.71356774793736,457.0717468261719,13974800
2025-05-30,458.1080789456966,460.06119805700706,453.942742633105,458.7458190917969,34770500
2025-06-02,455.53716828611505,460.48971303831235,455.2880448481698,460.3502197265625,16626500
2025-06-03,459.85196958801225,462.5126212670428,459.24409259023946,461.3467102050781,15743800
2025-06-04,462.3730793208357,464.05715611586317,461.3965045417047,462.2435302734375,14162700
2025-06-05,463.3296970825432,468.00325491639626,462.4029652503908,466.0401611328125,20131700
2025-06-06,468.4417212017894,471.6803257365932,467.1363168836836,468.730712890625,15285600
2025-06-09,468.05311353771793,471.77001565920176,466.9768832876908,471.0924072265625,16469900
2025-06-10,469.53787169847936,471.14221196784314,465.3226923748716,469.2688293457031,15375900
2025-06-11,468.37197033665615,473.80287330978865,468.01324719222674,470.9628601074219,16399200
2025-06-12,473.3544415367432,478.73553201697933,471.8597009390277,477.1909484863281,18950600
2025-06-13,474.7395752703882,477.4998519181197,471.1023792861798,473.2946472167969,16814500
2025-06-16,473.5437784887318,479.00457509504827,473.3345233196989,477.46002197265625,15626100
2025-06-17,473.7331030955977,477.06138843382047,472.4177241014044,476.3638610839844,15414100
2025-06-18,476.3239856832242,479.313466764918,472.7963894918646,478.5561218261719,17526500
2025-06-20,480.53918652379775,481.76485435953526,475.1979642712812,475.7261047363281,37576200
2025-06-23,476.53323466530253,486.0397928967888,470.8532389300749,484.2959289550781,24864000
2025-06-24,487.23560408546166,490.1254297173699,485.0931183138473,488.3915100097656,22305600
2025-06-25,490.314771223071,492.82592441237585,487.6740689863978,490.5439453125,17495100
2025-06-26,491.2514824256969,496.29373818928514,491.08206511354325,495.705810546875,21578900
2025-06-27,495.80545117387857,497.54931522943417,491.30131038962224,494.20111083984375,34539200
2025-06-30,495.2972567719388,499.0042146991214,493.5932305818623,495.66595458984375,28369000
2025-07-01,494.7292533047111,496.30370004913976,489.2585123483102,490.3247375488281,19945400
2025-07-02,488.2719538404123,491.76965656989233,486.98649882219644,489.36810302734375,16319600
2025-07-03,492.07857999859937,498.3764278450543,491.7098821739863,497.0909423828125,13984800
2025-07-07,495.6360493014733,497.0012408266234,493.4935938943106,495.974853515625,13981600
2025-07-08,495.4965138505155,496.4531696907806,492.3774837277821,494.8786926269531,11846600
2025-07-09,498.54580110123976,505.003091421344,497.98776704512187,501.74456787109375,18659500
2025-07-10,501.2861517097084,502.67129257213526,496.0047471787155,499.7216796875,16492100
2025-07-11,496.72223609239006,503.25923259786794,496.054571905536,501.55523681640625,16459500
2025-07-14,499.7615155353931,502.2029372942231,499.273243347857,501.2562561035156,12058800
2025-07-15,501.2562471634966,506.51773265302506,501.027073076573,504.04644775390625,14927200
2025-07-16,503.40867779230757,504.94328659833275,500.13023542973804,503.8471374511719,15154400
2025-07-17,503.9069415603956,511.5699807689203,503.84715436950415,509.9058532714844,17503100
2025-07-18,512.6760872301095,512.8355602906365,505.6508184267905,508.2616271972656,21209700
2025-07-21,504.9333159392007,510.29448733980524,503.77737959397786,508.2715759277344,14066800
2025-07-22,509.1784090675831,509.40761357627605,503.4983825683594,503.4983825683594,13868600
2025-07-23,504.97320231513,505.01307057965715,498.9444273574923,504.0962829589844,16396600
2025-07-24,506.98609704492156,511.86891017220256,505.5212500656798,509.0887145996094,16107000
2025-07-25,510.67314061143924,516.4727417364818,508.57055332296227,511.9088439941406,19125700
2025-07-28,512.2775105607909,513.1942677567645,508.3313735189307,510.7030334472656,14308000
2025-07-29,513.7224399565682,515.8050777848653,509.7663282358281,510.7727966308594,16469200
2025-07-30,513.3636552782116,514.1409495778635,507.6537656967309,511.4404296875,26380400
2025-07-31,553.2831833968122,553.5024436401114,530.0350289229713,531.62939453125,51617300
2025-08-01,533.1241706958108,533.9213535531813,519.0337340919326,522.2723388671875,28977600
2025-08-04,526.4177481275262,536.3627358241171,526.2782244119826,533.7619018554688,25349000
2025-08-05,535.2964641743647,535.41603854948,525.3913146279989,525.8995361328125,19171600
2025-08-06,529.0385508551038,529.8357336828143,522.1926437275052,523.0994262695312,21355700
2025-08-07,524.9529190734887,526.2384349946553,515.7353514691818,519.0138549804688,16079100
2025-08-08,520.7676288144971,522.8204035830947,517.5888112007746,520.2095947265625,15531000
2025-08-11,520.4686618064882,525.7401525514866,517.8976909591346,519.9405517578125,20194400
2025-08-12,521.9135974657331,529.1182277589118,520.8672912006765,527.3843383789062,18667000
2025-08-13,530.2443026581628,530.8322607629538,517.5489813455309,518.7547607421875,19619200
2025-08-14,520.7277467800332,524.1058750288076,518.3162490497452,520.6480102539062,20269100
2025-08-15,520.9370505811125,524.255330935539,517.2599862571353,518.3461303710938,25213300
2025-08-18,519.7611730136332,520.9868407954262,512.2177084457264,515.286865234375,23760600
2025-08-19,513.1942782099028,513.3536904476517,506.7668813962475,507.98260498046875,21481000
2025-08-20,508.0822507382742,509.2082935133009,502.6712971096552,503.9468078613281,27723000
2025-08-21,502.74904380636957,506.68168580920974,501.7808546744913,503.2980041503906,18443300
2025-08-22,503.3079962424447,509.77590173606455,501.471437254012,506.2824401855469,24324200
2025-08-25,505.6835608535286,507.2406441544574,503.1782400793436,503.3179931640625,21638600
2025-08-26,503.4177851675948,504.0366525259624,497.5787379824689,501.1021423339844,30835700
2025-08-27,501.06219963605827,506.34232576675964,498.96611661319633,505.7933349609375,17277900
2025-08-28,506.1426727693108,510.1352001425548,504.5556467937143,508.68792724609375,18015600
2025-08-29,507.7097597194238,508.64800611235046,503.5475364264987,505.7434387207031,20961600
2025-09-02,499.53505401941584,505.0547219959289,495.88188775050133,504.1763610839844,18128000
2025-09-03,502.8488615493355,506.8413890153064,501.3816064871684,504.40594482421875,16345100
2025-09-04,503.3578996917829,507.20071355848035,502.2100541109688,507.02105712890625,15509500
2025-09-05,508.11900990545524,511.0135863020471,491.4501951138555,494.0752868652344,31994800
2025-09-08,497.1794589519428,500.26371328397477,494.10522614671714,497.2693176269531,16771000
2025-09-09,500.4932596555404,501.3117351050236,496.77024724997165,497.4789123535156,14410500
2025-09-10,502.04038173392,502.2899147028095,495.7920664455459,499.43524169921875,21611800
2025-09-11,501.31173995388707,502.2300346920423,496.9499084839274,500.0740661621094,18881600
2025-09-12,505.70352006176233,511.59249216822343,502.9087629314118,508.94744873046875,23624900
2025-09-15,507.8395136770829,514.5069966795595,506.05284913244947,514.397216796875,17143800
2025-09-16,515.9144004162443,516.2637221986186,507.64986983793983,508.08905029296875,19711900
2025-09-17,509.6660849144807,510.33484666258875,504.9848440594251,509.06719970703125,15816600
2025-09-18,510.5344514878828,512.1115168727503,506.71161989545686,507.5001525878906,18913700
2025-09-19,509.6061757592278,518.3298380532008,509.35664280609984,516.96240234375,52474100
2025-09-22,514.6268375894382,516.772784556969,511.5824866494396,513.4889526367188,20009300
2025-09-23,512.8401566617626,513.6287198501773,506.3622903955001,508.2787170410156,19799600
2025-09-24,509.4265417419943,511.5225942719762,505.9730140478167,509.19696044921875,13533700
2025-09-25,507.3504106819217,509.0572380888419,504.09652154158834,506.0827941894531,15786500
2025-09-26,509.1071380786861,512.9798945996346,505.67356201643696,510.5045166015625,16213100
2025-09-29,510.5444265624633,515.8844074376258,507.9293260645142,513.6386108398438,17617800
2025-09-30,512.2811987663596,517.1919905812645,508.70790002171145,516.982421875,19728200
2025-10-01,513.8382741479315,519.5376290534263,510.7340986553811,518.7391357421875,22632300
2025-10-02,516.6730253227585,520.625588764222,509.7260051791023,514.7765502929688,21222900
2025-10-03,516.1339509263171,519.5176324904353,514.0378984273964,516.3834838867188,15112300
2025-10-06,517.6411650074094,530.0380069481532,517.2319577376861,527.5825805664062,21388600
2025-10-07,527.3030443984364,528.8102332144322,520.4658657072805,523.0010986328125,14615200
2025-10-08,522.3024933531,525.9656203925812,522.1128458539913,523.8695068359375,13363400
2025-10-09,521.3642478231245,523.3505205733983,516.4334737589328,521.4241333007812,18343600
2025-10-10,518.6692706129455,522.6019127014883,508.6779606337136,510.0054626464844,24133800
2025-10-13,515.4452371680482,515.4452371680482,510.7240930552238,513.0896606445312,14284200
2025-10-14,509.2768388871209,514.3174231454748,505.05473007895694,512.610595703125,14684300
2025-10-15,513.9979961583023,516.2238106749688,509.04724028199115,512.4708251953125,14694700
2025-10-16,511.62245544117155,515.884437136842,507.1807563967364,510.65423583984375,15559600
2025-10-17,508.0890780500653,514.5170195527368,506.3622988729776,512.62060546875,19867800
2025-10-20,513.6486038577511,517.730989827423,512.4708156147512,515.8245239257812,14665600
2025-10-21,516.533257830336,517.7210372272165,512.0815676283437,516.6929321289062,15586200
2025-10-22,520.1764726871388,524.2488070435115,516.7428964573043,519.5675659179688,18962700
2025-10-23,521.4839993377199,522.9712060783663,517.6411550810741,519.5875244140625,14023500
2025-10-24,521.8133604589415,524.3685757173844,519.7372899447384,522.6318359375,15532400
2025-10-27,530.7866236569336,533.5813808592218,528.0217787333662,530.527099609375,18734700
2025-10-28,548.9725518014023,552.6855732732587,539.7598137450263,541.057373046875,29986700
2025-10-29,543.9220119141725,545.2495444281135,535.7273269044096,540.538330078125,36023000
2025-10-30,529.4889853080866,533.9705877450752,521.1446173319796,524.77783203125,41023100
2025-10-31,527.8919782690999,528.3311587204174,514.137692119172,516.8426513671875,34006400
2025-11-03,518.8389228578652,523.9793263365088,513.628703759196,516.0641479492188,22374700
2025-11-04,510.80399534425794,514.5868933466259,506.8913048594995,513.3692016601562,20958700
2025-11-05,512.3410686781482,513.8682396575209,505.6336213981725,506.2125549316406,23024300
2025-11-06,504.7153625290288,504.75529633258907,494.88375756631746,496.1713562011719,27406500
2025-11-07,496.02163823572937,498.4470913363115,492.32853818272196,495.8918762207031,24019800
2025-11-10,499.10586069795033,505.9031361854127,497.8681564860657,505.0547180175781,26101500
2025-11-11,503.85694933091565,508.64800052182136,501.411544557113,507.7297058105469,17980000
2025-11-12,508.4084461357136,510.7141588310794,498.18758530403636,510.1851501464844,26574900
2025-11-13,509.3566671737073,512.54071024479,500.3535287599438,502.34979248046875,25273100
2025-11-14,497.2992409027003,510.644258818196,496.51070821491913,509.2268981933594,28505700
2025-11-17,507.5001596757347,511.16328656765256,503.9667643395777,506.54193115234375,19092800
2025-11-18,494.44458869198826,502.0403882023454,485.87063942574486,492.8675537109375,33815100
2025-11-19,489.18443539234676,494.264922953439,481.9279972054541,486.2099914550781,23245300
2025-11-20,492.7099914550781,493.57000732421875,475.5,478.42999267578125,26802500
2025-11-21,478.5,478.9200134277344,468.2699890136719,472.1199951171875,31769200
2025-11-24,475.0,476.8999938964844,468.0199890136719,474.0,34421000
2025-11-25,474.07000732421875,479.1499938964844,464.8900146484375,476.989990234375,27992800
2025-11-26,486.04998779296875,486.25,481.55010986328125,483.260009765625,3658253
