Date,Open,High,Low,Close,Volume
2020-11-27,13.334296236692607,13.366697596568027,13.130418388060725,13.220891952514648,167276000
2020-11-30,13.224631860632945,13.371683021841918,12.932772409512914,13.360715866088867,286952000
2020-12-01,13.451188755774265,13.487577650555359,13.187991311158573,13.349249839782715,296948000
2020-12-02,13.30986985261737,13.631886804695778,13.193973604108402,13.503279685974121,283360000
2020-12-03,13.55014897913775,13.622449912344821,13.292360421202206,13.359175682067871,199520000
2020-12-04,13.411528937723741,13.522723155473356,13.351943589738001,13.520977973937988,202244000
2020-12-07,13.563864566313981,13.693507355428642,13.462893171861975,13.56934928894043,223244000
2020-12-08,13.547657637897526,13.561369918030191,13.244991722634671,13.31330394744873,271920000
2020-12-09,13.263939141754832,13.377126792285601,12.832877299434081,12.8952054977417,401300000
2020-12-10,12.833627308736657,13.032828201028439,12.81418017813656,12.936593055725098,207764000
2020-12-11,12.931605898725499,12.984211487021058,12.78775249231432,12.977479934692383,209264000
2020-12-14,13.05202320769895,13.351946267194858,13.041552116386985,13.27216625213623,270156000
2020-12-15,13.402806834534603,13.426990207111126,13.150502967637742,13.323775291442871,193016000
2020-12-16,13.385604082057556,13.40031401679967,13.176181289004699,13.206099510192871,223116000
2020-12-17,13.330008033914774,13.342723611361109,13.14227589521306,13.30457878112793,231384000
2020-12-18,13.34222373459072,13.368152289041408,13.034572396275758,13.235518455505371,342064000
2020-12-21,13.038810902481204,13.333249277123658,12.931855491448975,13.295602798461914,302332000
2020-12-22,13.28263933889493,13.30058951211129,13.018118229033087,13.241751670837402,185580000
2020-12-23,13.219561371315317,13.238509197227785,12.969251869856985,12.973489761352539,179144000
2020-12-24,13.001412982671118,13.096401290342365,12.903184437865837,12.958032608032227,97884000
2020-12-28,13.026594766213018,13.026594766213018,12.728167672465434,12.864541053771973,212564000
2020-12-29,12.889473532385182,13.036568140483066,12.806950665901793,12.907672882080078,170372000
2020-12-30,12.954543292106099,13.177429208002605,12.86130110996343,13.10961627960205,225396000
2020-12-31,13.10039051897173,13.114850326350101,12.879498986368441,13.01911449432373,192424000
2021-01-04,13.06822839837125,13.614971541756363,12.926867712421455,13.077452659606934,560640000
2021-01-05,13.063739906567823,13.406544978569977,13.051025281968446,13.367901802062988,322760000
2021-01-06,13.186154937221913,13.208593129131398,12.551405089053157,12.579826354980469,580424000
2021-01-07,12.931856295126039,13.340979313282,12.851079561663786,13.307321548461914,461480000
2021-01-08,13.325769270287896,13.384107803205216,13.006149889792127,13.240254402160645,292528000
2021-01-11,13.381864913182376,13.922625030648138,13.325769911241851,13.584057807922363,518344000
2021-01-12,13.714697138465636,13.716692447420863,13.308317946514132,13.447683334350586,291476000
2021-01-13,13.452919325025922,13.587548473937822,13.34820839879639,13.49455451965332,210028000
2021-01-14,13.53768526071532,13.562366985194982,13.144269871017764,13.163965225219727,283120000
2021-01-15,13.191638823831939,13.288621489742575,12.813182548933598,12.824151992797852,277780000
2021-01-19,12.98046965013086,13.058006130746405,12.808693348790966,12.989445686340332,226188000
2021-01-20,13.075709424179557,13.39358365748199,13.020861249221939,13.329011917114258,258572000
2021-01-21,13.38161577620076,13.960769900780255,13.21657100711801,13.829381942749023,337780000
2021-01-22,13.70223306598084,13.803703761769464,13.589792925099978,13.674808502197266,246820000
2021-01-25,13.743865597572096,13.790487156750563,13.200114475431374,13.615718841552734,251112000
2021-01-26,13.543169347286403,13.607242728216683,13.350700028651303,13.398319244384766,163980000
2021-01-27,13.193635033090423,13.196377869967808,12.758584393690919,12.882244110107422,371272000
2021-01-28,12.96052533062159,13.303081235490758,12.924873214198879,13.015124320983887,228316000
2021-01-29,13.039057032451373,13.29809335280562,12.876006656363971,12.954041481018066,271552000
2021-02-01,13.017371745312001,13.234273651790774,12.867285117537806,13.200616836547852,217204000
2021-02-02,13.361917906856638,13.534690899280989,13.24897849422142,13.51948356628418,220440000
2021-02-03,13.598517340812304,13.893455005939776,13.479346611084063,13.493308067321777,245408000
2021-02-04,13.493805954300223,13.635914172427226,13.30108745905453,13.626689910888672,201340000
2021-02-05,13.68727279952196,13.699489073194439,13.508514810660003,13.553640365600586,169152000
2021-02-08,13.689516798307066,14.433964843253122,13.689516798307066,14.39906120300293,434624000
2021-02-09,14.301329248326892,14.543162957851855,14.183404405717019,14.224042892456055,287560000
2021-02-10,14.423493930171468,14.864029232450724,14.302078715343187,14.723666191101074,485352000
2021-02-11,14.939071360802533,15.23026850354119,14.883973069358756,15.208827018737793,450828000
2021-02-12,15.008629019951075,15.249215882257298,14.734384400935465,14.920123100280762,374756000
2021-02-16,15.022840232213433,15.330243317157914,14.908904108731424,15.288108825683594,321960000
2021-02-17,15.129299373691124,15.181655791032563,14.739374311202369,14.865028381347656,274756000
2021-02-18,14.688515866639124,14.832369296463497,14.53493887052344,14.788241386413574,233868000
2021-02-19,14.983200582071147,15.135281542586627,14.805939546070965,14.885470390319824,271724000
2021-02-22,14.73413490921837,15.091649894868079,14.285621296599976,14.31628704071045,325884000
2021-02-23,14.036560433142531,14.199611797390215,13.352695375792258,14.103127479553223,391780000
2021-02-24,14.083930445946981,14.466874752951664,13.718187832909049,14.459145545959473,448320000
2021-02-25,14.006892084424166,14.335237389749665,13.179922110478243,13.270920753479004,824436000
2021-02-26,13.71469638167772,13.816416237507147,13.324273025541691,13.676801681518555,500932000
2021-03-01,13.836863681156986,13.886726443191591,13.515998343415026,13.803705215454102,353184000
2021-03-02,13.861789499010998,13.882233328557609,13.359175248617808,13.369397163391113,264116000
2021-03-03,13.389345841845765,13.414525920021216,12.763570112957732,12.769554138183594,377592000
2021-03-04,12.765564152325203,12.939335789618218,12.050534974127624,12.336247444152832,573344000
2021-03-05,12.51550188802097,12.51550188802097,11.647145039370162,12.427245140075684,542840000
2021-03-08,12.415777785743494,12.43696914640558,11.534706213600625,11.561383247375488,543112000
2021-03-09,12.101080314395196,12.586410212706602,12.03025094944772,12.490142822265625,521824000
2021-03-10,12.809623139684142,12.948787357967568,12.427544694009546,12.438268661499023,384376000
2021-03-11,12.91886108212724,13.014880178411804,12.703879381185656,12.96225643157959,299916000
2021-03-12,12.617836764895445,12.857758928939543,12.559727352850821,12.825087547302246,243964000
2021-03-15,12.833816720833342,13.174994392196952,12.736551311019616,13.159531593322754,221988000
2021-03-16,13.32438228405573,13.480007299381086,13.085208884498742,13.259289741516113,272128000
2021-03-17,13.00839537496323,13.420900926313383,12.958266150296865,13.309170722961426,243864000
2021-03-18,13.104912906401868,13.152298347489506,12.686421267581059,12.69190788269043,293896000
2021-03-19,12.719340733621905,12.890428541929326,12.582171563045334,12.814860343933105,299208000
2021-03-22,12.88170107346451,13.36229222405252,12.875714983128155,13.154542922973633,297804000
2021-03-23,13.222378081333801,13.312411079207246,12.989938556697368,13.03931999206543,222048000
2021-03-24,13.119625530279166,13.127606665897511,12.60636306550238,12.612597465515137,245840000
2021-03-25,12.469445357031612,12.684177805880898,12.2424924164565,12.505108833312988,295144000
2021-03-26,12.524311970717228,12.82533658682851,12.343747433976715,12.808377265930176,363968000
2021-03-29,12.7894208455432,13.031088751095217,12.669460260549382,12.917113304138184,273520000
2021-03-30,12.811120995907123,12.944050827838632,12.674450333195036,12.840799331665039,200204000
2021-03-31,12.984204258714895,13.438110133704859,12.95128361492745,13.316154479980469,314776000
2021-04-01,13.53961268520985,13.836646195527177,13.47875855212142,13.778536796569824,308276000
2021-04-05,13.834154669761228,13.980302032176994,13.699977584620715,13.953866004943848,255672000
2021-04-06,13.966086787615374,14.020455365723707,13.74038112554351,13.828168869018555,191744000
2021-04-07,13.847372523873123,14.209250320839418,13.678529960940079,14.109491348266602,251284000
2021-04-08,14.218479152641445,14.436703160504113,14.21473737048933,14.282574653625488,244416000
2021-04-09,14.179820993441329,14.373354747720487,14.14091521365383,14.365373611450195,195172000
2021-04-12,14.255390812498227,15.31558532416919,14.105252388520903,15.172430038452148,869324000
2021-04-13,15.194874361790076,15.66224795457644,15.08937856206101,15.641797065734863,676212000
2021-04-14,15.587428630492008,15.682698986670525,15.190884408077046,15.240265846252441,385500000
2021-04-15,15.62483699906746,16.175260396689723,15.593911407308882,16.098445892333984,598480000
2021-04-16,16.014400254473074,16.12688015312837,15.827101834062784,15.874238967895508,335208000
2021-04-19,15.499143036450203,15.769491335621629,15.196372615942284,15.324812889099121,404420000
2021-04-20,15.286403414182217,15.459735537504109,14.92702015356022,15.134769439697266,334132000
2021-04-21,15.08239794119368,15.325562437011335,15.065938093459835,15.323567390441895,216776000
2021-04-22,15.338031751168279,15.401379472680713,14.747953695197406,14.814543724060059,277788000
2021-04-23,14.8983398121262,15.298126350819684,14.864422122239874,15.228544235229492,227500000
2021-04-26,15.148486866025387,15.441779592128006,15.08863072223856,15.440781593322754,197796000
2021-04-27,15.541040346437713,15.632819134469093,15.317578990856143,15.34476375579834,164572000
2021-04-28,15.327556377766147,15.494903383584008,15.17891447818189,15.24001693725586,209416000
2021-04-29,15.362967738824038,15.39937994562448,15.035257877620062,15.287899017333984,173196000
2021-04-30,15.138012864264331,15.328054107946565,14.960938945985912,14.973408699035645,201912000
2021-05-03,15.088629908095538,15.210087022107892,14.7519418526822,14.80107307434082,203912000
2021-05-04,14.602053531425085,14.6023027932816,13.976561346696622,14.316740989685059,405324000
2021-05-05,14.673629156880727,14.777878636254773,14.352902437421896,14.423731803894043,292024000
2021-05-06,14.460392925408186,14.536210380815493,14.183810292475817,14.488076210021973,193380000
2021-05-07,14.772643170075382,14.934751859009099,14.636471034155644,14.776633262634277,229328000
2021-05-10,14.751693870139158,14.770398976353079,14.215736112634747,14.23144817352295,268904000
2021-05-11,13.791757008652652,14.32023307283679,13.716937539621856,14.271849632263184,285584000
2021-05-12,13.97581304781882,14.225960648008476,13.676285911200809,13.725417137145996,303408000
2021-05-13,14.00000367438786,14.04689153989146,13.426635785921249,13.632390022277832,285404000
2021-05-14,13.856601735291596,14.293548287070912,13.71544150119771,14.208752632141113,258616000
2021-05-17,14.122956688705056,14.135177178231373,13.820187282100616,14.131436347961426,216980000
2021-05-18,14.232695122808254,14.369615051198068,13.970327020557445,13.982048988342285,186256000
2021-05-19,13.533877212439926,14.045644121126033,13.510683493175241,14.031927108764648,344000000
2021-05-20,14.268107087291897,14.648440690293638,14.236184447486208,14.577362060546875,321592000
2021-05-21,15.12729107621669,15.185401450365532,14.833749013822999,14.955704689025879,672992000
2021-05-24,15.175918888585613,15.707138679101547,15.139506681126331,15.574459075927734,554816000
2021-05-25,15.728091107960966,15.780464645578764,15.445273053443612,15.610125541687012,435408000
2021-05-26,15.6964165149048,15.755773186301269,15.54877262201577,15.662248611450195,370440000
2021-05-27,15.661997876985225,15.712127097669416,15.422824478053286,15.450757026672363,581476000
2021-05-28,15.463729406405106,16.2383621189747,15.463729406405106,16.205440521240234,644536000
2021-06-01,16.23087513865415,16.348840670153905,15.865006366078582,16.225387573242188,472804000
2021-06-02,16.2131712272355,16.878068682105397,16.196461168659535,16.737905502319336,594168000
2021-06-03,16.660595129425836,17.217503301437755,16.54312807964124,16.92894744873047,580008000
2021-06-04,17.07134857602017,17.61852965145424,17.054391161027514,17.535980224609375,617120000
2021-06-07,17.529001604400246,17.769670615907238,17.151411706464682,17.576635360717773,575756000
2021-06-08,17.48510635484942,17.579129458545538,17.209519755427653,17.41502571105957,323848000
2021-06-09,17.477638864993665,17.536759822813195,17.2182043631533,17.320480346679688,381656000
2021-06-10,17.312251191139808,17.45394243316994,17.13862998406596,17.387086868286133,287772000
2021-06-11,17.441464330727953,17.900215038934032,17.405792686268036,17.786462783813477,416308000
2021-06-14,17.86703801249019,18.000246673784147,17.62431741298164,17.979541778564453,321376000
2021-06-15,17.87601791631772,17.977047292047796,17.6894245538106,17.749792098999023,243032000
2021-06-16,17.752037516457413,17.915680208021012,17.54623517817857,17.771493911743164,307124000
2021-06-17,17.735822828314493,18.794014388089117,17.71761302727975,18.61665153503418,809656000
2021-06-18,18.743132237799,19.332846009234682,18.543566614488654,18.59819793701172,968856000
2021-06-21,18.395133731352715,18.496165007322087,17.783967309068814,18.38715171813965,672384000
2021-06-22,18.43131193515966,18.92249138789295,18.345997241990947,18.845657348632812,580144000
2021-06-23,18.96638769705542,19.11107262621432,18.86660492166314,19.015779495239258,332356000
2021-06-24,19.18591235253873,19.37774332776041,19.046714327887074,19.16370964050293,320924000
2021-06-25,19.23854706646569,19.30340616281131,18.853387301714815,18.98958969116211,278364000
2021-06-28,19.319121510042606,20.03506097693991,19.27696376214403,19.94151496887207,495436000
2021-06-29,19.839238276802046,20.055017215462307,19.614228825317294,19.98317527770996,367632000
2021-06-30,19.955731788493523,20.118626523964124,19.820526683895242,19.958974838256836,326568000
2021-07-01,20.08120965981684,20.411488806867112,19.975439408764807,20.168020248413086,480136000
2021-07-02,20.395771664916364,20.460630755436554,20.243603358233322,20.442419052124023,342764000
2021-07-06,20.692372332097793,20.796644746775126,20.30596603232523,20.653457641601562,446708000
2021-07-07,20.80812339320522,20.829576244042507,20.28775853652261,20.327421188354492,418428000
2021-07-08,19.813293005932845,20.089190140861685,19.657881642886462,19.85944175720215,503300000
2021-07-09,19.919061865932267,20.03655581322756,19.71126496551043,20.006620407104492,296624000
2021-07-12,20.195956968157407,20.488069342209744,20.143820756965503,20.467864990234375,321984000
2021-07-13,20.356112135442714,20.416730915394577,20.07023647379915,20.20594024658203,290708000
2021-07-14,20.313453800297573,20.37332271425502,19.709770667963955,19.79832649230957,380100000
2021-07-15,19.76864135557301,19.803814364622088,18.817464681338382,18.92498016357422,550564000
2021-07-16,18.989090020194087,19.115313933860246,18.033673084578535,18.12148094177246,688224000
2021-07-19,17.8762706344463,19.0005680837094,17.82662760193869,18.738889694213867,749060000
2021-07-20,18.689242127405016,18.79700691607629,18.12447378691028,18.57149887084961,434687000
2021-07-21,18.840908862746154,19.48450566715225,18.70121414049907,19.367759704589844,371017000
2021-07-22,19.599260789514425,19.84372662347577,19.23405604931324,19.55136489868164,323826000
2021-07-23,19.61323396862327,19.657138860708752,19.208117178376295,19.51544761657715,195672000
2021-07-26,19.268981181750604,19.399694747654213,18.87284376750394,19.252017974853516,203943000
2021-07-27,19.223077718380413,19.579301217433812,18.70021780298516,19.166202545166016,248863000
2021-07-28,19.276962120891056,19.603250234288385,18.953667738331994,19.460561752319336,202191000
2021-07-29,19.476526528289924,19.809801295260304,19.285942151974933,19.619216918945312,190781000
2021-07-30,19.375746552479082,19.5872851431943,19.221085043730636,19.456571578979492,183497000
2021-08-02,19.657136987885195,19.917568777546013,19.31887389254267,19.707027435302734,217444000
2021-08-03,19.697047350024675,20.17799891261404,19.178178365355716,19.77188491821289,301811000
2021-08-04,19.94650643449459,20.27379380705653,19.784858252061053,20.229888916015625,231309000
2021-08-05,20.455393391942923,20.687886201830914,20.297736245228386,20.59209442138672,211435000
2021-08-06,20.479339105856358,20.52523853598586,20.166021301654762,20.32168197631836,178497000
2021-08-09,20.40151357973223,20.46337895673751,20.09917333714066,20.250843048095703,146443000
2021-08-10,20.277781775220678,20.385546579623433,19.791840024636087,19.892621994018555,179238000
2021-08-11,19.99939077991598,20.00537824310639,19.387725547926532,19.656139373779297,185925000
2021-08-12,19.826768732011793,19.985421280805333,19.577312668919134,19.861692428588867,151652000
2021-08-13,19.861688332999737,20.170015978629,19.80780498184974,20.144071578979492,183063000
2021-08-16,20.091188339703365,20.242858028146486,19.410671196851336,19.906591415405273,210876000
2021-08-17,19.642168135124585,19.726984178726454,19.225078365407622,19.41566276550293,204585000
2021-08-18,19.45756955911799,19.591278762336874,18.958657519140605,18.998571395874023,285913000
2021-08-19,19.45158159437132,20.450404827675342,18.721174036528456,19.754920959472656,766555000
2021-08-20,19.947496880313363,20.819595520178645,19.88962443375614,20.770702362060547,675741000
2021-08-23,20.925365587288994,21.94913197554779,20.90441137683216,21.91021728515625,575807000
2021-08-24,21.705666793578075,21.911217923393153,21.488140739836844,21.74557876586914,297299000
2021-08-25,21.689699269925534,22.421104046091774,21.674732519315285,22.164663314819336,347701000
2021-08-26,22.151690287664174,22.291385017996408,21.742582660378666,22.019977569580078,237940000
2021-08-27,22.135728184168347,22.67255761615726,22.118764977811992,22.58674430847168,304722000
2021-08-30,22.78032687258667,22.992862776803378,22.50193458505787,22.638635635375977,262580000
2021-08-31,22.649610418661787,22.649610418661787,22.07576154245852,22.34023094177246,259850000
2021-09-01,22.44003269986159,22.651608612976148,22.31228842907908,22.396120071411133,201767000
2021-09-02,22.472963473317794,22.547814234143726,22.25040990145663,22.351207733154297,187834000
2021-09-03,22.280350056785053,22.940027335421902,22.155600060730343,22.797313690185547,280532000
2021-09-07,22.787337699524954,22.853205694462137,22.476958829297306,22.616680145263672,198107000
2021-09-08,22.46797667861848,22.564782809886207,21.933047423413097,22.29432487487793,254434000
2021-09-09,22.26737679222793,22.49292462996501,22.086739031677183,22.132646560668945,196856000
2021-09-10,22.30330336880611,22.58074724443228,22.225460252760655,22.43304443359375,248376000
2021-09-13,22.638634077760237,22.918074788491385,21.814285789460758,22.107698440551758,297500000
2021-09-14,22.23045234702803,22.36518259198386,22.041831146210377,22.197519302368164,199755000
2021-09-15,22.264376750867743,22.322261300627122,21.922062420643847,22.29631233215332,166538000
2021-09-16,22.138637279914914,22.232449154371434,21.883148730804567,22.197519302368164,156033000
2021-09-17,22.255400819525846,22.276358729644986,21.78634147147786,21.856201171875,294503000
2021-09-20,21.103710938413382,21.390137634350292,20.620679615251635,21.070777893066406,349440000
2021-09-21,21.374169751104997,21.382153173900004,20.9081046094801,21.20351219177246,204688000
2021-09-22,21.32326872039302,21.916080624957903,21.1536086323404,21.897119522094727,268726000
2021-09-23,22.095715795738553,22.489926188445853,21.846215836333975,22.43703269958496,248555000
2021-09-24,22.025858944313566,22.104701413701314,21.817277316905088,22.036836624145508,217655000
2021-09-27,21.666581296288438,21.755404005848817,21.282352932207125,21.616682052612305,245215000
2021-09-28,21.171573627077777,21.37616355989033,20.60969797306215,20.657602310180664,343069000
2021-09-29,20.89812176717991,20.974967436696247,20.426066262159164,20.475967407226562,218394000
2021-09-30,20.726466135527005,21.02387050621743,20.646626202092957,20.674570083618164,221009000
2021-10-01,20.70850489232796,20.817286171841936,20.162597880119165,20.70052146911621,240978000
2021-10-04,20.46299270561288,20.500916814054722,19.515891253465572,19.692537307739258,345635000
2021-10-05,19.910101557760328,20.606705539937668,19.814292883884313,20.410099029541016,279282000
2021-10-06,20.07975810118964,20.678556496761352,20.039837192933565,20.658597946166992,297202000
2021-10-07,21.04981646842357,21.27935793051305,20.93005752636599,21.032852172851562,256919000
2021-10-08,21.05879954430364,21.163589095973563,20.73345130466113,20.789339065551758,151258000
2021-10-11,20.533851292374486,21.020874269445383,20.46997820951559,20.653610229492188,163388000
2021-10-12,20.786345257684726,21.014887372593435,20.486945988261173,20.62965965270996,162134000
2021-10-13,20.87616161512475,20.948018111964863,20.671571707474783,20.897119522094727,180652000
2021-10-14,21.245422863057826,21.711487891625207,21.07975450727623,21.70250701904297,243589000
2021-10-15,21.76638130893241,21.887139608488418,21.61867848423863,21.81827735900879,226994000
2021-10-18,21.70550713295663,22.246423064472165,21.600715664136292,22.177560806274414,189494000
2021-10-19,22.23144851974982,22.33424316603566,21.992928087947277,22.24542236328125,161473000
2021-10-20,22.260391605716656,22.388135872064105,21.93803763255943,22.058795928955078,146276000
2021-10-21,22.052804795687777,22.665577078632612,22.03883285744106,22.64661407470703,187590000
2021-10-22,22.77735575104449,23.083740983342732,22.51588059843021,22.68054962158203,249384000
2021-10-25,22.92705416374333,23.308290143099676,22.724461041768393,23.11966896057129,230235000
2021-10-26,23.941025377927865,25.208485996676536,23.876154836652052,24.66756820678711,485898000
2021-10-27,24.425054326417126,25.039821584949518,24.23343697536575,24.402099609375,245990000
2021-10-28,24.828249079893574,24.900105596379237,24.473959467947708,24.891122817993164,234204000
2021-10-29,24.95099734360504,25.65758152328084,24.949999891827137,25.515865325927734,292503000
2021-11-01,25.597701356792015,25.842210283069033,25.17654448689096,25.775344848632812,265740000
2021-11-02,25.77035734947845,26.624644372488763,25.74840008481029,26.34819793701172,294112000
2021-11-03,26.616662034553446,26.730434362718334,26.182532535600384,26.5448055267334,239910000
2021-11-04,27.174541418674576,31.302268996700604,27.063763360503756,29.741397857666016,1153631000
2021-11-05,30.126628662189724,31.337202103333915,29.351182174329946,29.6924991607666,851260000
2021-11-08,30.088700927961273,31.037799102057534,29.847184359236596,30.74239158630371,503101000
2021-11-09,32.21743788200978,32.24538176052157,29.904073062161725,30.595685958862305,646746000
2021-11-10,29.297286997788127,30.7882983832966,28.72044201491712,29.40007972717285,636206000
2021-11-11,30.407066751750182,30.528822502241727,29.717448713895042,30.329221725463867,332172000
2021-11-12,29.949982533826823,30.618642661438358,29.570741438655702,30.329221725463867,413054000
2021-11-15,30.490898945279636,30.582714009858144,29.188508516860704,29.96495246887207,384909000
2021-11-16,29.69947928112579,30.32921582123548,29.6465838863504,30.142589569091797,264484000
2021-11-17,30.357169974759202,30.447989502419567,28.74240558761092,29.202484130859375,428508000
2021-11-18,32.30226588482379,32.694477622614926,31.258356475789373,31.611648559570312,781711000
2021-11-19,32.17852014582844,33.0218315243574,31.841196736537437,32.919036865234375,533867000
2021-11-22,33.449964882586336,34.577705968394476,31.83620017907103,31.892087936401367,754335000
2021-11-23,31.471928131145,32.29527884765058,30.818237481527007,31.682506561279297,532163000
2021-11-24,31.398076920965043,32.78928795511864,30.8661420025746,32.60865020751953,435162000
2021-11-26,32.5347990495651,32.64457966062736,31.287300931151513,31.43999481201172,283069000
2021-11-29,32.30127147962138,33.345177180046036,31.97192962824051,33.30924987792969,454964000
2021-11-30,33.10266317583272,33.28629710821385,31.800274678211608,32.61064910888672,622066000
2021-12-01,33.15662717713092,33.22649543505956,31.32107762284537,31.375974655151367,484368000
2021-12-02,31.155391320558387,32.41701789331646,30.966745117568845,32.065677642822266,472890000
2021-12-03,31.939911404270404,32.068670786513344,30.07342199392584,30.635366439819336,544325000
2021-12-06,29.82388986771861,30.18421203522017,27.985349758462842,29.9805965423584,658938000
2021-12-07,30.898870840520747,32.388069797769525,30.593443775729348,32.36610794067383,593053000
2021-12-08,31.93891273407669,32.22936665896323,31.361997083719526,31.766237258911133,475551000
2021-12-09,31.67440845151027,32.14452657125806,30.370861130677735,30.4327449798584,488507000
2021-12-10,31.091508456571738,31.246218094408984,29.80492928696764,30.14129638671875,488825000
2021-12-13,30.19219842143635,30.237113995761902,28.063202482925423,28.108118057250977,598344000
2021-12-14,27.646984365520247,28.624146025020703,27.198828121818575,28.28378677368164,667035000
2021-12-15,28.346672107086977,30.44272925630748,27.78572711681189,30.401805877685547,698297000
2021-12-16,31.09350158478168,31.101485983221526,28.040245918442288,28.33369255065918,707366000
2021-12-17,27.93244904695444,28.8676897779906,27.70787118188826,27.748794555664062,713758000
2021-12-20,27.25372618139717,28.09114947961292,27.09402678635236,27.666948318481445,461847000
2021-12-21,28.320717191267374,29.065316571908873,27.349542904554657,29.020401000976562,524385000
2021-12-22,28.83675022926519,29.49950295143825,28.39557886127162,29.34479331970215,395184000
2021-12-23,29.699124872385887,30.002554870487856,29.37573387738273,29.584341049194336,343022000
2021-12-27,29.60430539650839,31.02862587436844,29.5843424948647,30.886892318725586,403686000
2021-12-28,31.253205067033612,31.27117091775834,29.95564496237045,30.265064239501953,420591000
2021-12-29,30.216156432483913,30.490639678133004,29.31085803394105,29.944665908813477,343139000
2021-12-30,29.770995628276605,30.39981378819072,29.484535756637086,29.53044891357422,308864000
2021-12-31,29.61827480180098,29.973607165814922,29.275918512372314,29.35576820373535,266530000
2022-01-03,29.759014616950886,30.65333203753287,29.729070264899562,30.06443977355957,391547000
2022-01-04,30.220144778217474,30.410786093739684,28.295765774578836,29.23499870300293,527154000
2022-01-05,28.89463969212421,29.360763730610284,27.481300160033374,27.552165985107422,498064000
2022-01-06,27.588095999920164,28.38459782174444,27.0141768979601,28.125085830688477,454186000
2022-01-07,28.088157358592493,28.36862983168805,27.006191363941724,27.19583511352539,409939000
2022-01-10,26.53108283341497,27.417415742831537,25.595842154471903,27.34854507446289,594681000
2022-01-11,27.27169293480433,28.012300188933875,26.788602534334327,27.7647647857666,404089000
2022-01-12,28.014297595146566,28.541306039513945,27.556159832090902,27.946426391601562,383413000
2022-01-13,28.32571023755515,28.426520414405754,26.448241820891543,26.52509880065918,540171000
2022-01-14,26.25061424198298,27.14593115848473,26.160783087768532,26.891408920288086,395832000
2022-01-18,26.210686707549606,26.58797712217777,25.721607104518082,25.85435676574707,424270000
2022-01-19,26.030030638861945,26.493158159840867,25.004958661314568,25.019929885864258,488315000
2022-01-20,25.256484737844872,25.530967959224068,24.032785197192773,24.104650497436523,435181000
2022-01-21,23.46285831524654,24.77638710347708,23.219317018447754,23.330108642578125,718958000
2022-01-24,22.28806850565007,23.33609604736274,20.848776866077028,23.32811164855957,913982000
2022-01-25,22.503664876174312,22.899920692891655,21.958690573174344,22.282081604003906,664616000
2022-01-26,23.196364012495675,24.0118294380018,22.258128436992838,22.7292423248291,755959000
2022-01-27,23.52375103707862,23.949949375142705,21.63430365816323,21.902799606323242,573353000
2022-01-28,21.970663459736492,22.815075451930607,21.25600841056538,22.797109603881836,543774000
2022-01-31,23.138469245849574,24.462979042497025,23.008714190792233,24.440021514892578,564680000
2022-02-01,25.05686040019819,25.097783776901416,23.845139319795777,24.59173583984375,518925000
2022-02-02,25.745562607975298,25.76851822880284,24.50689192905058,25.194599151611328,543419000
2022-02-03,24.412070997898297,25.029908072459417,23.735344703016967,23.90302848815918,410178000
2022-02-04,23.926984090983428,24.588739177218162,23.58762241066988,24.273332595825195,354829000
2022-02-07,24.326231959080804,25.13471034021345,24.156551123162412,24.681564331054688,376868000
2022-02-08,24.313257973169797,25.182622700517584,23.93496994796994,25.06085205078125,410359000
2022-02-09,25.573887273298517,26.67481672211375,25.305393294577186,26.65485382080078,524282000
2022-02-10,25.946187300267976,26.874439342581965,25.55192857628441,25.7755069732666,513200000
2022-02-11,25.86733526286818,26.102892162644004,23.728359741691555,23.904027938842773,605472000
2022-02-14,23.88905685535075,24.828289834461444,23.71039212787544,24.221431732177734,440424000
2022-02-15,24.902151144512242,26.495154907933625,24.73746196505149,26.445249557495117,699869000
2022-02-16,26.209688398698052,26.532081783903475,25.50401535915827,26.461214065551758,732676000
2022-02-17,25.58187381668559,25.73658345917886,24.119626392630053,24.460983276367188,810595000
2022-02-18,24.621679168224247,24.939082838737185,23.0566245770059,23.597606658935547,761255000
2022-02-22,22.99174593000933,24.018813057525925,22.95681180347932,23.346078872680664,633422000
2022-02-23,23.757307042781296,24.109644854532323,22.259126017978552,22.34496307373047,566511000
2022-02-24,20.97553927255784,23.755309692262692,20.850773986561148,23.703407287597656,735801000
2022-02-25,23.676460671744685,24.171527737456387,23.33709892420911,24.11164093017578,528866000
2022-02-28,23.946943199112745,24.61867962885337,23.662478586208806,24.339204788208008,477319000
2022-03-01,24.24538730545337,24.331226258379807,23.088563252009074,23.43291473388672,412056000
2022-03-02,23.715433912186374,24.367318703881534,23.37501661218391,24.178640365600586,389642000
2022-03-03,24.220562574439917,24.284454351715592,23.428917653559736,23.673500061035156,365095000
2022-03-04,23.344070277005358,23.639564355425264,22.443610104973835,22.896835327148438,431415000
2022-03-07,22.778030796160177,22.993663402666858,21.29357089740512,21.315532684326172,450821000
2022-03-08,21.27260696488277,22.334788966212706,20.614732056662337,21.477256774902344,557467000
2022-03-09,22.348765227754615,23.180342761598634,22.209004937727432,22.974695205688477,492742000
2022-03-10,22.492526435574025,22.749087554578587,21.844634493671357,22.61931037902832,428066000
2022-03-11,22.982686118608612,23.105477175893597,22.00835294083889,22.0622615814209,367209000
2022-03-14,21.831654410079558,22.223982944755804,21.122867770937503,21.293575286865234,385354000
2022-03-15,21.48125217835996,22.99865684779859,21.285587751365572,22.933767318725586,491996000
2022-03-16,23.45986707580395,24.55499375860864,23.132428112457045,24.454166412353516,671422000
2022-03-17,24.078808624027396,24.799573807869955,23.865173393211837,24.723705291748047,471941000
2022-03-18,24.75664887906933,26.523626588900953,24.58194849988739,26.40782356262207,730719000
2022-03-21,26.461731433617647,27.10563036248749,25.922652729236027,26.688343048095703,591727000
2022-03-22,26.681354978763657,27.19148387841612,26.02747480478171,26.478702545166016,547007000
2022-03-23,26.08138369887488,26.56655381048961,25.53132595965773,25.590225219726562,502120000
2022-03-24,26.12131570154282,28.27163656434752,25.862757228731745,28.101926803588867,877379000
2022-03-25,27.838373733696297,28.30956773611796,27.224424308491685,27.644704818725586,579016000
2022-03-28,27.7086001365783,28.20175598887805,27.159538258056838,28.170808792114258,425494000
2022-03-29,28.64599625005715,28.896567060285996,27.932217127992292,28.60706329345703,488984000
2022-03-30,28.25566142240635,28.447332948581966,27.456028828751474,27.642709732055664,463487000
2022-03-31,27.73455215306783,28.19975589980672,27.223427439555707,27.239398956298828,523440000
2022-04-01,27.32824968844568,27.449043337221056,26.222142099994546,26.6663818359375,517235000
2022-04-04,26.68235376250026,27.510936187528703,26.567550391428444,27.313274383544922,397120000
2022-04-05,27.20745547738951,27.27234500388807,25.775904439568993,25.886714935302734,436615000
2022-04-06,24.891418735507823,25.256792918597675,23.96200890348851,24.365318298339844,703833000
2022-04-07,24.399258366527572,24.679778597123818,23.437903683306743,24.166656494140625,557992000
2022-04-08,23.87615883921642,23.882149111451874,23.022619305237257,23.07952117919922,524781000
2022-04-11,22.176069474387717,22.281887470108128,21.623014596837645,21.879575729370117,575207000
2022-04-12,22.49851442665196,22.686193106585748,21.245656512359055,21.46727752685547,662258000
2022-04-13,21.690893748355325,22.461574693624115,21.4183592594677,22.165081024169922,516943000
2022-04-14,22.466569095536702,22.738105886263995,21.12686167069094,21.221698760986328,569097000
2022-04-18,21.163795480742376,22.050277541011962,21.043001834669003,21.745800018310547,525701000
2022-04-19,21.682910795695168,22.334795627664,21.277603933860497,22.16009521484375,512781000
2022-04-20,22.47854873024521,22.63128733580839,21.16379828719763,21.445316314697266,468974000
2022-04-21,21.671925898282147,22.35376006262199,19.965844823683895,20.14853286743164,656209000
2022-04-22,20.268322703249144,20.45101070943924,19.46669470105987,19.48166847229004,624713000
2022-04-25,19.16920802436078,19.91093921882449,19.063390048047005,19.868013381958008,641566000
2022-04-26,19.684326774794854,19.754206926852167,18.638116173473357,18.75591468811035,653143000
2022-04-27,18.566238691083928,19.134267220532678,18.258766021013585,18.38355255126953,499460000
2022-04-28,18.934609751166647,20.002784147792735,18.458425023872113,19.748218536376953,570327000
2022-04-29,19.368866880032883,20.093626894168178,18.485378000301736,18.51532745361328,500435000
2022-05-02,18.509336841963925,19.54057176926046,18.35959338634097,19.499643325805664,572049000
2022-05-03,19.366868713389604,19.79114404991853,19.100324492263415,19.568523406982422,475751000
2022-05-04,19.88897889531669,20.36516363203167,18.718979373432905,20.29927635192871,648855000
2022-05-05,19.833072767192327,19.890972377380162,18.468406678635336,18.811819076538086,626331000
2022-05-06,18.704003108603505,19.47867694269655,17.95927682251405,18.64310646057129,633297000
2022-05-09,18.00319924304466,18.223820552455635,16.79826000636627,16.921051025390625,644455000
2022-05-10,17.658792192210925,18.166923764745487,16.995926527237735,17.564952850341797,761474000
2022-05-11,17.317371240083144,17.722677924361513,16.539702451564008,16.601594924926758,670167000
2022-05-12,16.191302499421468,16.75933105562915,15.540416452473458,16.147377014160156,708728000
2022-05-13,16.759336036022134,17.897388974455605,16.564669286457672,17.67576789855957,670437000
2022-05-16,17.479102434662938,17.757625344440065,17.076790718721913,17.234519958496094,521446000
2022-05-17,18.043135103647145,18.339628811214656,17.6038878463426,18.145959854125977,585830000
2022-05-18,17.674767172797246,18.087062047786777,16.835203645867455,16.909076690673828,545161000
2022-05-19,16.908076154672674,17.65679534404285,16.70542180682351,17.094757080078125,621310000
2022-05-20,17.302402048560108,17.38026796074348,15.7280945497096,16.665491104125977,739105000
2022-05-23,16.24620764301638,16.88611369799627,16.151370568247856,16.869142532348633,639889000
2022-05-24,16.48180630730602,16.568657631861445,15.753052424141993,16.126413345336914,588550000
2022-05-25,15.992643408404739,17.081779932453724,15.972677105041479,16.946012496948242,781132000
2022-05-26,16.008615436483225,18.06110426597355,15.994639404503166,17.82051658630371,996575000
2022-05-27,18.15494457145089,18.848757414573335,18.06909099199113,18.77887725830078,738379000
2022-05-31,18.947586503994447,19.167212018261754,18.318663222436633,18.640113830566406,664100000
2022-06-01,18.692030600545692,19.02046741700619,18.09105729841284,18.288719177246094,544514000
2022-06-02,18.26076299307135,19.585496570829648,18.166923651785705,19.558542251586914,648656000
2022-06-03,19.049415398458525,19.29898848654268,18.4903703102041,18.688032150268555,598779000
2022-06-06,19.10631744480604,19.303979286674377,18.5322985753373,18.75391960144043,422406000
2022-06-07,18.440459121476394,18.967557437888473,18.1569436563537,18.89368438720703,388914000
2022-06-08,18.77086740097569,19.151297758938583,18.507262533456842,18.620094299316406,363252000
2022-06-09,18.45333901757023,18.90466214050548,18.013997064897136,18.020986557006836,395574000
2022-06-10,17.573657531236456,17.670512468100352,16.84375075862806,16.94859504699707,465248000
2022-06-13,15.976055199133983,16.28758854976426,15.582644786529471,15.623583793640137,604153000
2022-06-14,15.707455432559659,16.04195407771658,15.38893263459224,15.812298774719238,469680000
2022-06-15,16.070911354071416,16.842755189557263,15.902164608969189,16.50226593017578,563936000
2022-06-16,15.836263223408565,15.91814123168446,15.377950538825912,15.577651023864746,545749000
2022-06-17,15.624577645793398,15.9710583738311,15.305056930431597,15.856230735778809,630334000
2022-06-21,16.450341054941436,16.98254231536579,16.382442043197987,16.54120445251465,483089000
2022-06-22,16.20171385370156,16.637062101149265,16.155783175702975,16.335514068603516,437135000
2022-06-23,16.49427470172325,16.56017590264097,15.82927210712029,16.200716018676758,463680000
2022-06-24,16.475305926435098,17.11434748626478,16.285589749175383,17.10036849975586,472153000
2022-06-27,17.28608771084689,17.304060418059763,16.60111369139191,16.84375,427968000
2022-06-28,16.874704592898766,17.17625262097862,15.921134062571024,15.95807933807373,461149000
2022-06-29,15.790331967796002,15.796322553618783,15.147295762714824,15.518738746643066,482352000
2022-06-30,15.33800982366456,15.54370183870061,14.839757062154757,15.136312484741211,686070000
2022-07-01,14.876699317391791,15.040453400052009,14.3704582263826,14.501261711120605,577610000
2022-07-05,14.153784970740077,14.948593153459884,14.033964684753286,14.941603660583496,651397000
2022-07-06,14.987536727697348,15.296074303109172,14.766866799066642,15.107357025146484,529066000
2022-07-07,15.432866034375019,15.92113347471678,15.365965930384968,15.834263801574707,492903000
2022-07-08,15.40690642464294,16.01299828607396,15.365967423146218,15.814295768737793,467972000
2022-07-11,15.502762850377351,15.503761757468185,15.01549330517654,15.12932300567627,437321000
2022-07-12,15.245147788988149,15.407903930924364,14.854733210647337,15.059426307678223,458483000
2022-07-13,14.568162782764913,15.351987693110564,14.443349874690844,15.141303062438965,521918000
2022-07-14,15.085387539536947,15.449841012627651,14.705956174255292,15.348992347717285,456235000
2022-07-15,15.63556256771924,15.7583776582345,15.42188217437437,15.738408088684082,385935000
2022-07-18,16.277601777662408,16.871710589683683,15.978051532247012,16.076902389526367,670517000
2022-07-19,16.46132482497789,17.084391408456785,16.147795623704503,16.966567993164062,702366000
2022-07-20,16.921636264091354,17.90616059839603,16.775854870810626,17.78034782409668,760538000
2022-07-21,17.858231499167427,18.116842722788554,17.518740229558066,18.02298355102539,557049000
2022-07-22,17.86621772155527,17.94010636545341,17.11134877104996,17.29307746887207,536671000
2022-07-25,16.99352440778803,17.098368687167735,16.624079304524674,16.998517990112305,480748000
2022-07-26,16.863723101025418,16.89367888729215,16.453338922989442,16.508256912231445,397865000
2022-07-27,17.006509340230103,17.90915763959867,16.887687954750817,17.763376235961914,569776000
2022-07-28,17.948101158887994,18.112853249405923,17.413901927869283,17.95708656311035,474646000
2022-07-29,17.7863400183586,18.21669472131402,17.665520822716793,18.13581657409668,435460000
2022-08-01,18.154785619332486,18.817793251673763,17.96307355568242,18.41339874267578,476469000
2022-08-02,18.094875397521523,18.909654023480293,18.064919614801017,18.49827003479004,489527000
2022-08-03,18.156781033376305,18.939607887838186,18.10985050231707,18.86471939086914,418146000
2022-08-04,18.820789717458855,19.245152860108632,18.731922222497296,19.186241149902344,409652000
2022-08-05,18.781847869240536,19.200221406229684,18.63806428278374,18.960580825805664,386068000
2022-08-08,17.475807814431278,18.211704353740807,17.216196694462386,17.76637077331543,981859000
2022-08-09,17.226178614679633,17.4208864407512,16.69896902858045,17.060426712036133,668263000
2022-08-10,17.671514620967237,18.090886160589402,17.29108427539348,18.069917678833008,597422000
2022-08-11,18.10386408188988,18.67900220334982,17.849244670616443,17.915145874023438,509327000
2022-08-12,18.132816048104914,18.689981338699482,17.926125176168384,18.680994033813477,478094000
2022-08-15,18.673013135310004,19.13531957512626,18.58514548730983,19.003517150878906,457666000
2022-08-16,18.891683249998234,19.11335111314313,18.473309726284572,18.850744247436523,451240000
2022-08-17,18.495278320268334,18.660030383145802,18.117843793893357,18.307558059692383,446799000
2022-08-18,18.273608015579168,18.836763008676165,18.155784605197837,18.744901657104492,415447000
2022-08-19,18.37845412710885,18.492283837200684,17.743406270511077,17.822288513183594,441588000
2022-08-22,17.463821727849037,17.53172074156126,16.940605853841493,17.00850486755371,409593000
2022-08-23,16.96357469855967,17.43886215261442,16.944602128257042,17.15528678894043,369986000
2022-08-24,16.9865394102526,17.379950765567372,16.869715834968854,17.196226119995117,522661000
2022-08-25,16.818788307961942,17.920138013113437,16.80780509236145,17.886188507080078,770691000
2022-08-26,17.83027221223721,17.8971713637303,16.2126961703549,16.23566246032715,769127000
2022-08-29,15.996024432382622,16.313547391578,15.743402820952463,15.777351379394531,496132000
2022-08-30,15.936113234567129,16.014994517950544,15.159277763293133,15.444849967956543,530181000
2022-08-31,15.36097515498697,15.516741812619589,14.936611046484066,15.071409225463867,573710000
2022-09-01,14.187733782213392,14.358478335570249,13.25013995615082,13.916141510009766,1178865000
2022-09-02,14.078896568766249,14.149789448130205,13.570657624383497,13.626574516296387,743157000
2022-09-06,13.710448779444814,13.758377273107302,13.331017410608663,13.444847106933594,535751000
2022-09-07,13.546725262384383,13.821395856950085,13.329985636577405,13.69754409790039,512657000
2022-09-08,13.442849287095138,13.991191244731048,13.352958084191979,13.973212242126465,624873000
2022-09-09,14.140012160343346,14.45663217073669,14.109050173580943,14.369736671447754,486612000
2022-09-12,14.351759064678815,14.529544979461525,14.180963767581938,14.487595558166504,484159000
2022-09-13,13.785439270824538,13.90529517065022,13.083282719468324,13.115243911743164,714956000
2022-09-14,13.238094763310873,13.274051814379163,12.897504363348427,13.1122465133667,588507000
2022-09-15,12.999382771846772,13.217120637994404,12.774652383419461,12.913485527038574,523625000
2022-09-16,12.726710080303743,13.196146378501451,12.601860071928924,13.18216323852539,670751000
2022-09-19,12.996386103706838,13.446845131626862,12.994388648426849,13.365942001342773,569685000
2022-09-20,13.19914238617269,13.466820440382488,13.041331990997975,13.160188674926758,524818000
2022-09-21,13.197145836696041,14.01416414721641,13.09426878771303,13.245087623596191,807679000
2022-09-22,13.054315095432624,13.133220764262274,12.413086279296454,12.545926094055176,759162000
2022-09-23,12.405096807170457,12.595867603171111,12.24229229089388,12.500981330871582,663309000
2022-09-26,12.476011349742599,12.643809975766143,12.199343314704796,12.213326454162598,547343000
2022-09-27,12.491992692614524,12.720718004620997,12.2432918741277,12.39810562133789,553854000
2022-09-28,12.395108402179584,12.807612927319292,12.339175843524695,12.720717430114746,542414000
2022-09-29,12.433062663982527,12.485000310997714,11.931665196277407,12.205336570739746,532763000
2022-09-30,12.072494920524539,12.617840174725137,12.06050923727058,12.124432563781738,565638000
2022-10-03,12.332186300155612,12.662789496943546,12.090476070484216,12.496988296508789,547478000
2022-10-04,12.86354576862045,13.204137147620418,12.86354576862045,13.151200294494629,584182000
2022-10-05,12.895506835206982,13.305014675934647,12.605854878165715,13.193148612976074,507131000
2022-10-06,13.204137576052528,13.639614289691051,13.087277385326294,13.114245414733887,644157000
2022-10-07,12.489994237550277,12.654796201075285,12.007574030916151,12.061509132385254,672478000
2022-10-10,12.022553589658685,12.109449070593177,11.394308768749429,11.655994415283203,698699000
2022-10-11,11.547126254028573,11.83178409135809,11.26945998596596,11.572096824645996,667482000
2022-10-12,11.565106967607235,11.720918969690699,11.331387535687021,11.486201286315918,492590000
2022-10-13,10.957834660470665,12.063506625372144,10.800024266039834,11.945648193359375,850103000
2022-10-14,12.042531591650091,12.096466691832878,11.190555515991965,11.21352767944336,713432000
2022-10-17,11.504178571709462,11.93366289601578,11.503180320321372,11.873734474182129,580774000
2022-10-18,12.329188017829315,12.477010193051902,11.604059329307598,11.952640533447266,659362000
2022-10-19,11.864743657139131,12.335179078027345,11.819797585684464,12.036537170410156,523131000
2022-10-20,12.098464887612497,12.753677855723845,12.090474113843353,12.179368019104004,652398000
2022-10-21,12.083482766993896,12.483003364755136,11.87273646370664,12.451041221618652,609494000
2022-10-24,12.49298907940194,12.694746316754093,12.049521695686348,12.583879470825195,517457000
2022-10-25,12.678768538595111,13.284041337515678,12.64880385018628,13.245087623596191,505482000
2022-10-26,12.85355946462014,13.371935839245463,12.692752390254322,12.880526542663574,532953000
2022-10-27,13.613644355412672,13.821394941977852,13.106253573034632,13.160188674926758,583113000
2022-10-28,13.088276375463284,13.833381526744795,13.045327750919178,13.817399978637695,521040000
2022-10-31,13.761465456417449,13.821393871952449,13.281042738443825,13.480802536010742,486341000
2022-11-01,13.794427679959076,13.90829120834188,13.502778241501344,13.526749610900879,432817000
2022-11-02,13.833380731930072,14.192948398140635,13.195147576701615,13.203137397766113,672628000
2022-11-03,13.027349108120536,13.76446345186093,12.94045361155459,13.404894828796387,500065000
2022-11-04,13.969217209960792,14.211925646505437,13.680563492193205,14.139013290405273,612576000
2022-11-07,14.210925918682676,14.39470513173906,13.937255506819714,14.283838272094727,410061000
2022-11-08,14.78323899130467,14.87313114705052,14.198940931486579,14.584478378295898,595292000
2022-11-09,14.145006498501635,14.193948441801954,13.742490186400374,13.759469985961914,454414000
2022-11-10,14.782240267933439,15.75407224629037,14.529543607521711,15.731100082397461,700819000
2022-11-11,15.788031870821106,16.36933325391358,15.463422059049066,16.30740737915039,655487000
2022-11-14,16.198540572389145,16.520154710286672,15.90289526017533,16.275447845458984,527852000
2022-11-15,16.70193246037485,16.97760030988361,16.362340333620516,16.645999908447266,545876000
2022-11-16,16.142606655252838,16.342365517165717,15.853952937545785,15.890908241271973,649547000
2022-11-17,15.69614237342874,16.246481775556962,15.516358066087552,15.658187866210938,710894000
2022-11-18,15.946842389528584,15.98280039800406,15.101857766255701,15.390511512756348,492072000
2022-11-21,15.128824145184344,15.458428074052856,15.061904155522589,15.298620223999023,404739000
2022-11-22,15.309610546797689,16.038735236339452,15.10385736431831,16.01875877380371,472866000
2022-11-23,16.07868356360315,16.507169659451346,16.028744320687604,16.499177932739258,427241000
2022-11-25,16.298419573569657,16.467215497315987,16.152594861603074,16.250476837158203,167934000
2022-11-28,16.006768811275037,16.33737291090951,15.70613130428347,15.808008193969727,303741000
2022-11-29,15.808007666207146,15.912882164186339,15.501376850924105,15.620233535766602,298384000
2022-11-30,15.682173912135513,16.91401011224117,15.582268932663492,16.90701675415039,565298000
2022-12-01,16.98294514663755,17.24869275346434,16.619288621222157,17.118816375732422,470977000
2022-12-02,16.643265644067263,16.917007013380566,16.429467070023797,16.86005973815918,371389000
2022-12-05,16.66325157264435,16.978953171836746,16.45644630234314,16.594316482543945,352255000
2022-12-06,16.514390276290545,16.557348936719006,15.804061280138294,15.971902847290039,352694000
2022-12-07,15.757102657258699,16.170712118663413,15.652201340982169,16.104774475097656,372388000
2022-12-08,16.257630719193045,17.1627751311084,15.943926212713347,17.15278434753418,515456000
2022-12-09,17.143789773308654,17.56639052468684,16.958965065820742,16.984939575195312,465338000
2022-12-12,17.020911352868033,17.52143767261398,16.781138231333195,17.51844024658203,457328000
2022-12-13,18.51349970864757,18.772255889974957,17.69427441056782,18.054933547973633,656589000
2022-12-14,17.970012708973496,18.23476374050765,17.40354874404559,17.65730857849121,496888000
2022-12-15,17.129804471678664,17.303639904704802,16.684226599412334,16.93598747253418,478542000
2022-12-16,16.848073812047673,17.02490669744335,16.39450210101548,16.555349349975586,478232000
2022-12-19,16.556347895867603,16.593311698540127,16.129751160735065,16.2386474609375,354039000
2022-12-20,16.04882697825247,16.29459492471564,15.837028268444671,16.069807052612305,403260000
2022-12-21,16.09878088961092,16.61129685665048,16.08679118681269,16.485414505004883,325025000
2022-12-22,16.07879951913216,16.122758587352745,14.867944326757812,15.324512481689453,565045000
2022-12-23,15.181648162416543,15.324512754745045,14.868944051199282,15.191638946533203,349326000
2022-12-27,15.059762106752427,15.085737571138246,14.042723063576428,14.107662200927734,464902000
2022-12-28,13.913846916256627,14.248530569045922,13.870887305866372,14.022744178771973,351066000
2022-12-29,14.388399166814343,14.669132974621009,14.213564246396047,14.589208602905273,354923000
2022-12-30,14.320463429293953,14.615184924489753,14.219558975570724,14.600199699401855,310490000
2023-01-03,14.836973349478153,14.981836857108386,14.082686318071687,14.30147933959961,401277000
2023-01-04,14.55324290716645,14.838972099538859,14.227550577248294,14.73507022857666,431324000
2023-01-05,14.477315142006633,14.550246156419023,14.13463865328627,14.2515287399292,389168000
2023-01-06,14.460329337176837,14.99582333867336,14.020745334784726,14.844965934753418,405044000
2023-01-09,15.26956434067943,16.040834530369764,15.126698804998767,15.613239288330078,504231000
2023-01-10,15.492352637833052,15.946922785644603,15.45738584996655,15.893973350524902,384101000
2023-01-11,15.825039338857813,16.012861499247272,15.548300537353844,15.985886573791504,353285000
2023-01-12,16.084794083982377,16.621285642542368,15.477367579612611,16.495405197143555,551409000
2023-01-13,16.262623866935215,16.90601655808953,16.149731642049844,16.883037567138672,447287000
2023-01-17,16.883044257913486,17.711261994871638,16.883044257913486,17.685285568237305,511102000
2023-01-18,17.650315114393536,17.856119943115402,17.265678479463602,17.3605899810791,439624000
2023-01-19,17.019910464206095,17.180759619770345,16.7152001075131,16.74916648864746,452932000
2023-01-20,16.994934054525242,17.83913723437092,16.809110800053677,17.822153091430664,564967000
2023-01-23,18.04694164648841,19.226828109758845,17.80117555604074,19.174877166748047,655163000
2023-01-24,18.809219120213985,19.476589423278178,18.802225761623806,19.24680519104004,496204000
2023-01-25,18.89513781742045,19.351706937761307,18.562452134690616,19.304750442504883,449537000
2023-01-26,19.682397842537483,20.14695892577359,19.25979691850488,19.783302307128906,489535000
2023-01-27,19.44362084967976,20.608520097219472,19.386675470641812,20.345767974853516,542142000
2023-01-30,19.931159638223047,20.12097882695284,19.13191402868899,19.143903732299805,488611000
2023-01-31,19.151893127242506,19.66840499507916,18.932101613384226,19.51854705810547,498017000
2023-02-01,19.67240320696615,21.171985068230896,19.592478837615094,20.923221588134766,660477000
2023-02-02,20.980163802319638,21.928266800569993,20.680447938791012,21.688493728637695,564276000
2023-02-03,20.980166467238757,21.724463687493483,20.769365304933352,21.0800724029541,429366000
2023-02-06,20.78634860687831,21.54962695222601,20.766367039433767,21.069082260131836,452197000
2023-02-07,21.361808070267557,22.237980691163425,21.13002680675863,22.152061462402344,664150000
2023-02-08,22.365855944634315,22.85639335249941,21.987214177175577,22.18402862548828,559651000
2023-02-09,22.5846477166342,22.998256218293538,22.099106721693722,22.315900802612305,523876000
2023-02-10,21.669514747583833,22.057146871352533,20.791345235745542,21.244915008544922,550737000
2023-02-13,21.51765784303239,22.027176385632682,20.94220165152023,21.76742172241211,474919000
2023-02-14,21.55762050476707,23.027231939405723,21.34582082769537,22.94930648803711,675474000
2023-02-15,22.52770321112583,22.8334139631762,22.08512271870245,22.74250030517578,420575000
2023-02-16,22.11209513056643,22.52870109732028,21.906290319529802,21.981220245361328,412026000
2023-02-17,21.610574136631595,21.719470459806168,20.95519346715814,21.3678035736084,465888000
2023-02-21,20.98016579111472,21.47369869665402,20.59852661530796,20.6354923248291,410015000
2023-02-22,20.687445203336978,21.084069639386776,20.401714095187934,20.734399795532227,513184000
2023-02-23,23.417859897378552,23.86543668590284,23.00325097776771,23.641647338867188,1117995000
2023-02-24,23.203066260241904,23.451831648820107,22.925328930554357,23.264007568359375,589716000
2023-02-27,23.6476427244117,23.85744345555054,23.43184714222687,23.478801727294922,452994000
2023-02-28,23.349927442998144,23.8025006554153,23.18408384597794,23.194074630737305,455963000
2023-03-01,23.170096195793,23.23403683456975,22.48674217124683,22.676563262939453,460026000
2023-03-02,22.466760694671414,23.35791648305723,22.410811925677443,23.29197883605957,389415000
2023-03-03,23.297975982991947,23.877428147206164,23.108154887916523,23.8674373626709,412393000
2023-03-06,23.86843706344506,24.22509834243002,23.464817383551697,23.531755447387695,437429000
2023-03-07,23.581713193015354,24.106305999392774,23.222990216472642,23.269954681396484,515154000
2023-03-08,23.46880135031706,24.181250154987797,23.40585043832707,24.162263870239258,513573000
2023-03-09,24.156268710129314,24.435053778962832,23.364882526093854,23.417842864990234,501257000
2023-03-10,23.390862722726986,23.608694224451664,22.70839135809084,22.947206497192383,474866000
2023-03-13,22.734372955848883,23.279949451928704,22.279725558137223,22.948205947875977,421890000
2023-03-14,23.477795275750477,24.20023465879967,23.44182196451992,24.044355392456055,474910000
2023-03-15,23.742589391877125,24.267182234844768,23.341901021216625,24.209228515625,524486000
2023-03-16,24.008384707139463,25.568174187780844,23.875486426840148,25.521211624145508,583253000
2023-03-17,25.961871359937923,26.37854811527238,25.648113542090044,25.70507049560547,848547000
2023-03-20,25.59515337288159,26.0038368777567,25.110528539041603,25.879932403564453,432747000
2023-03-21,26.159718926782208,26.371554585822363,25.36133811736534,26.17870330810547,547408000
2023-03-22,26.404528551029856,27.56762829745491,26.21667446366204,26.44749641418457,797295000
2023-03-23,27.093990085842137,27.477693326309833,26.669320153605067,27.169931411743164,564889000
2023-03-24,27.01005482554401,27.145949124040417,26.33457803804841,26.758249282836914,454920000
2023-03-27,26.816211175391807,26.979085017597196,26.344576678293613,26.510448455810547,361026000
2023-03-28,26.42650979990374,26.492458648935738,25.82997222376829,26.389537811279297,356104000
2023-03-29,26.80421750216044,27.05701983815986,26.576393509814775,26.963092803955078,393694000
2023-03-30,27.207903966277037,27.47769523664997,27.08100155357142,27.361783981323242,364516000
2023-03-31,27.11897230037396,27.812434858242728,27.08399956957691,27.75547981262207,433933000
2023-04-03,27.487686609279088,27.97830540140123,27.314820315472883,27.94333267211914,398716000
2023-04-04,27.944331375396246,27.978305428409012,27.285841576213635,27.43172836303711,368592000
2023-04-05,26.80821442088673,26.97708220560241,26.37455065173421,26.86017417907715,515015000
2023-04-06,26.563402211324938,27.05901819761364,26.406524267417176,27.01605224609375,397654000
2023-04-10,26.802217671680346,27.599599722003898,26.648337660725947,27.557632446289062,395279000
2023-04-11,27.702519492015778,27.768468337867095,27.10498136250291,27.14794921875,314378000
2023-04-12,27.34879408048613,27.446717721444895,26.427507578002256,26.474472045898438,446259000
2023-04-13,26.713285279016276,26.866166609946806,26.30860029990406,26.442495346069336,353615000
2023-04-14,26.483465526083034,26.862171603134502,26.19968516091452,26.737268447875977,395660000
2023-04-17,26.544419300210514,26.985077620218803,26.412521597702874,26.981081008911133,321471000
2023-04-18,27.511668078538015,28.088220677251833,27.335803850613633,27.64556312561035,604812000
2023-04-19,27.339800915924755,27.97830576142074,27.210901154073433,27.909358978271484,358660000
2023-04-20,27.649558365783953,28.008281349677112,26.979078769754505,27.082998275756836,427713000
2023-04-21,26.93112149167153,27.161943448754613,26.70130011692587,27.097991943359375,345103000
2023-04-24,26.992070732318915,27.344795961333663,26.650334754413183,27.021047592163086,339282000
2023-04-25,27.05701824520363,27.22588792391112,26.20468044143942,26.220666885375977,378527000
2023-04-26,26.98107969934481,27.30882468111703,26.68430893017137,26.93511390686035,406337000
2023-04-27,27.34179944259382,27.473697135730493,26.604370391400188,27.204904556274414,377161000
2023-04-28,27.203906737499796,27.736492814146462,27.050024820075873,27.727500915527344,292216000
2023-05-01,27.818429302087736,29.03548598905162,27.758476324633243,28.88759994506836,570329000
2023-05-02,28.657779853563685,28.81365912640652,28.06124227027244,28.188142776489258,402730000
2023-05-03,27.8184291138181,28.345021209649484,27.450714217743126,27.780458450317383,383387000
2023-05-04,27.62957543882547,27.83741446612487,27.2188945775801,27.540645599365234,321850000
2023-05-05,27.804441261887433,28.732720441787755,27.70951555183905,28.657779693603516,361494000
2023-05-08,28.499899899156308,29.197359027968076,28.32803419001098,29.1284122467041,344979000
2023-05-09,28.87660934582165,28.950551416305693,28.42795782373757,28.54886245727539,314869000
2023-05-10,28.982527268973705,29.090445302633547,28.43895001875839,28.862621307373047,369350000
2023-05-11,28.873611109189465,28.927570123485957,28.224115114379536,28.555856704711914,322149000
2023-05-12,28.506895497489484,28.757702383519174,28.02426991669217,28.318042755126953,274222000
2023-05-15,28.48591187164364,28.94655513827334,28.130188701131114,28.930566787719727,293926000
2023-05-16,28.8186533259383,29.846857282079426,28.80966142749833,29.190364837646484,449405000
2023-05-17,29.561081422975946,30.175604764450416,29.40720139496846,30.154621124267578,432535000
2023-05-18,30.38643851725128,31.8033391347446,30.29650809578211,31.65345573425293,748725000
2023-05-19,31.511567149468043,31.55553368610552,30.89204855454389,31.239778518676758,473908000
2023-05-22,30.877057472880523,31.495579269125198,30.656229935125022,31.151845932006836,372000000
2023-05-23,30.975983181421253,31.263760164158064,30.60726957743284,30.66422462463379,356253000
2023-05-24,30.186592557912466,30.583286230185738,29.78290624556208,30.514339447021484,721419000
2023-05-25,38.49314765474181,39.449406815163826,36.60661016251731,37.95056915283203,1543911000
2023-05-26,37.86063958166922,39.13964652884735,37.52090288485736,38.91582107543945,714397000
2023-05-30,40.563551734657395,41.905509800536095,39.9180522909101,40.079925537109375,923401000
2023-05-31,39.45740538202882,40.26377936076244,37.792695760283166,37.8046875,1002580000
2023-06-01,38.45917585173872,40.0189671601438,38.31029304006884,39.73918533325195,635873000
2023-06-02,40.06593169963198,40.46861932052468,39.02773528594731,39.29652786254883,482731000
2023-06-05,38.87885366395156,39.534343625841366,38.6770105091887,39.14065170288086,396094000
2023-06-06,38.79992010783334,39.12966247370084,38.11844543645541,38.624053955078125,388729000
2023-06-07,38.88887231517685,39.4724798355732,37.33091714927566,37.44983673095703,511998000
2023-06-08,37.69867447040822,38.83790856539692,37.47982353092405,38.48414611816406,417772000
2023-06-09,39.010787982924306,39.68433522296949,38.541106149128304,38.74396896362305,427717000
2023-06-12,39.173685553174,39.503462039764756,38.59207552154446,39.45549392700195,388701000
2023-06-13,40.15902373494629,41.07341040519784,39.71332399118058,40.99446105957031,613208000
2023-06-14,40.79659433055989,42.97113217286291,40.524773764652764,42.968135833740234,740465000
2023-06-15,42.573402308118794,43.25994139693394,42.11870592148791,42.624366760253906,568622000
2023-06-16,43.420828202870155,43.69164616054712,42.63235647777839,42.66333770751953,655709000
2023-06-20,42.96912984549919,43.960464340884656,42.645346085772815,43.77858352661133,451153000
2023-06-21,43.471793147749,43.58571883513906,42.0517495771643,43.01609802246094,551603000
2023-06-22,42.22463174963578,43.39684459011098,42.205647311041446,42.996116638183594,417737000
2023-06-23,42.43549394435148,42.780259748123754,41.98679405380195,42.1806640625,358140000
2023-06-26,42.43248772308976,42.73528567393262,40.07307297637483,40.60471725463867,594322000
2023-06-27,40.77161225013015,41.91184516121733,40.420849943071936,41.8478889465332,462175000
2023-06-28,40.63270349711572,41.816909341318976,40.490800534066345,41.08939743041992,582639000
2023-06-29,41.53009977760553,41.572071399017275,40.572742722962666,40.794593811035156,380514000
2023-06-30,41.65201747661018,42.521432314666136,41.47313679846607,42.273597717285156,501148000
2023-07-03,42.48845174872612,42.86919645813437,42.17366461675994,42.384521484375,198209000
2023-07-05,42.10671245240927,43.14801275888201,42.05674678060165,42.28859329223633,323618000
2023-07-06,41.81591253990793,42.15068674468522,41.31824574169724,42.074737548828125,303582000
2023-07-07,42.293586172904085,43.18498944249767,42.151683210929725,42.474464416503906,355881000
2023-07-10,42.62836091679516,42.782256847848465,41.62103447108327,42.15167999267578,353908000
2023-07-11,42.45247506207122,42.72928949696264,42.03875539127137,42.37652587890625,298244000
2023-07-12,43.00410823370412,43.90550305041173,42.748279595768494,43.87252426147461,481277000
2023-07-13,44.48811258488501,46.12401074310035,44.46212906513595,45.94613265991211,478204000
2023-07-14,46.55172710271844,48.055717801832095,45.02975074452843,45.4384765625,772075000
2023-07-17,46.25792796050985,46.464785922555656,45.231616951942435,46.4298095703125,510488000
2023-07-18,46.66964932293247,47.86384680143078,45.70329942598688,47.46211624145508,569164000
2023-07-19,47.432136125010175,47.78589856143542,46.71062071194178,47.04539489746094,427502000
2023-07-20,46.47577391693099,47.05538631913264,45.03174443382623,45.489437103271484,537865000
2023-07-21,45.757254315991084,45.83520487140858,44.07038798081477,44.27924728393555,963769000
2023-07-24,44.70096609238762,45.07871446418964,44.01043195894875,44.58204650878906,382516000
2023-07-25,44.910830992402,46.151993949696525,44.892841521253494,45.64833450317383,348081000
2023-07-26,45.990100289718285,46.022080298497244,44.60003539984157,45.42148208618164,364237000
2023-07-27,46.487774181270936,47.36318559950191,45.71928938176142,45.86919021606445,455976000
2023-07-28,46.63666699267924,46.99542712373659,46.34986093104817,46.71861267089844,331194000
2023-07-31,46.722612762047206,47.09835978102498,46.474778161903316,46.697628021240234,251055000
2023-08-01,46.42881115307115,46.86851822714573,45.996103161636334,46.47578048706055,237858000
2023-08-02,45.80023626472473,45.8092290948943,43.357876606802805,44.23928451538086,530142000
2023-08-03,43.77059490108069,45.087710878582755,43.77059490108069,44.48511505126953,324176000
2023-08-04,44.95480089030669,45.61135750960015,44.363199262281455,44.65000534057617,362666000
2023-08-07,45.08071461988879,45.509427463028686,44.53308218630117,45.38650894165039,322154000
2023-08-08,44.822890242775706,45.21162904106204,44.02642439474419,44.63401794433594,353843000
2023-08-09,44.24427528699449,44.28225178882451,42.105712567799486,42.52543258666992,586449000
2023-08-10,42.13169907067991,43.54475135763228,41.80691647126187,42.35954666137695,492705000
2023-08-11,41.72297025505574,41.989793111065566,40.611717275210765,40.827571868896484,533085000
2023-08-14,40.4588166311825,43.77059069571262,40.283934893491555,43.7236213684082,690286000
2023-08-15,44.53008608139681,45.23761094961256,43.68065444037462,43.910499572753906,676512000
2023-08-16,44.49011241407516,44.64500713653826,43.37685806021179,43.45680618286133,527451000
2023-08-17,43.9404785824408,44.032415865763284,42.97212742620197,43.31489944458008,452395000
2023-08-18,42.606376093632456,43.54874382071952,41.632032166940185,43.26993179321289,583768000
2023-08-21,44.464127494140655,47.03340054502666,44.192310747529035,46.93546676635742,692573000
2023-08-22,48.102679385462835,48.15464642329009,45.30256257251268,45.63733673095703,755293000
2023-08-23,45.835212564193235,47.168316721303135,45.17765331579734,47.084373474121094,779046000
2023-08-24,50.18228804118617,50.23225371220406,47.127341093273124,47.1313362121582,1156044000
2023-08-25,46.980438460258725,47.77290532972233,44.993770374089465,45.98710632324219,925341000
2023-08-28,46.45079089513967,46.94845764081992,44.85786313408847,46.80355453491211,685192000
2023-08-29,46.63466937521741,49.04804888819601,46.35985248205318,48.75124740600586,701397000
2023-08-30,49.01106919330039,49.89347574273386,48.392485325821596,49.23092269897461,735206000
2023-08-31,49.34684600627132,49.71060002102523,48.925128464014456,49.321861267089844,528570000
2023-09-01,49.72859768878448,49.76657038149354,48.109682388761954,48.476436614990234,463830000
2023-09-05,48.19062498907006,48.81820554561382,47.827869726570036,48.51540756225586,382653000
2023-09-06,48.4124675938394,48.52040187168578,46.55256375973415,47.03327941894531,468670000
2023-09-07,45.49819008210968,46.31670798515735,45.12540865832907,46.213768005371094,433330000
2023-09-08,45.914939369305465,46.57854589398362,45.24433318600193,45.5451545715332,473069000
2023-09-11,46.12081222472613,46.13580277797443,44.285895308094744,45.15138626098633,473966000
2023-09-12,44.711644683644934,45.64609526594391,44.50476589129932,44.84356689453125,349256000
2023-09-13,44.57372912057882,45.90294758191361,44.47678613148132,45.45820999145508,398355000
2023-09-14,45.92293942337167,45.959916382473324,45.10442151314497,45.55415725708008,370097000
2023-09-15,45.31429093296798,45.5721383754204,43.7821930198778,43.874141693115234,506831000
2023-09-18,42.722820575587484,44.21594002292978,41.97526008372968,43.940101623535156,500271000
2023-09-19,43.80718104995943,43.94010212892765,42.97666925633851,43.49436569213867,373064000
2023-09-20,43.57431736743093,43.877140298495235,42.1981295407641,42.21411895751953,367108000
2023-09-21,41.5585083375795,42.07520212333516,40.95586285623428,40.99283981323242,450736000
2023-09-22,41.54750773927353,42.09019092808113,41.20670902536928,41.585487365722656,479236000
2023-09-25,41.56650323994468,42.510946346658756,41.152745614643074,42.1971321105957,419091000
2023-09-26,41.97626153603217,42.794779402172175,41.63046465348833,41.886314392089844,402282000
2023-09-27,42.3050663366097,42.84674687562001,41.60447906383656,42.4429817199707,444935000
2023-09-28,42.434982863983606,43.4204020019038,42.09018872060994,43.06361389160156,424663000
2023-09-29,43.8011831331208,44.11799774453881,43.28148898443914,43.4733772277832,397830000
2023-10-02,44.00405561016142,45.14838141561169,43.8351564686077,44.755615234375,433298000
2023-10-03,44.78160339586175,45.103416123255286,43.22052325615126,43.491363525390625,470850000
2023-10-04,43.71623295909225,44.11699771323821,43.266497283456516,44.01505661010742,361821000
2023-10-05,44.02405737101078,44.87355907762935,43.862154026315785,44.66168212890625,393483000
2023-10-06,44.166970312257135,45.762030910222144,44.00006886129196,45.73504638671875,434436000
2023-10-09,44.81558061204782,45.57813158236599,44.341860842790076,45.2463264465332,409675000
2023-10-10,45.28331506648563,46.23175363141103,45.06144569619613,45.771026611328125,368582000
2023-10-11,46.16878585483191,46.83139730559126,46.02287195248952,46.77842712402344,378137000
2023-10-12,46.749446645978935,47.58095729211939,46.302711352295894,46.9173469543457,481325000
2023-10-13,46.93233691107498,47.088247061466205,45.25332622388591,45.43421936035156,474115000
2023-10-16,45.036458356873474,46.197772707429415,44.88554631741198,46.06785202026367,375099000
2023-10-17,43.97408457640043,44.72764209675683,42.45497937899436,43.9121208190918,812333000
2023-10-18,42.565910351376075,43.19354257835518,41.80036274107,42.171142578125,627294000
2023-10-19,42.78578325627493,43.27149704183871,41.85732962426039,42.076202392578125,501233000
2023-10-20,41.86532335952727,42.444983530451566,41.05380140770334,41.36262130737305,477266000
2023-10-23,41.20471789682862,43.222529794895785,40.92088476471772,42.94968795776367,478530000
2023-10-24,43.05162238085588,43.67125606240389,42.66585200550872,43.63727569580078,401463000
2023-10-25,43.37244053929943,43.62429484406004,41.530527426974515,41.75439453125,398379000
2023-10-26,41.82834703800738,42.231109527965074,39.85650966502812,40.30224609375,541001000
2023-10-27,41.105772840082615,41.181728284669475,39.99142796964453,40.47614288330078,416784000
2023-10-30,41.062806789213255,41.741403986227084,40.45716084007077,41.13676071166992,388028000
2023-10-31,40.42617778091217,40.85492597583814,39.206895078542935,40.7559814453125,517969000
2023-11-01,40.85991856143589,42.35603848881298,40.844928006293706,42.300071716308594,437593000
2023-11-02,43.302473031096746,43.85814522748643,42.86873060709395,43.480369567871094,409172000
2023-11-03,43.99406856905828,45.28230687928524,43.69724264528921,44.97848892211914,424610000
2023-11-06,45.25832352062085,45.907942145910646,44.87254931814996,45.72404861450195,400733000
2023-11-07,45.69207169045335,46.190774498668894,45.13140131544397,45.92793273925781,343165000
2023-11-08,46.07284239178855,46.83939268029924,45.94092017940282,46.546566009521484,346719000
2023-11-09,47.43903795369881,48.201588985861626,46.722461258073324,46.92234420776367,540496000
2023-11-10,47.47201897601796,48.443446517904555,47.25514775060462,48.30652618408203,421245000
2023-11-13,48.29153187815876,49.0870643467763,48.07066140972394,48.59135437011719,384136000
2023-11-14,49.650731250983476,49.80463985063808,49.01110891803197,49.62674331665039,416954000
2023-11-15,49.90558359837123,49.93056658286776,48.171605113904064,48.85919952392578,475497000
2023-11-16,48.65033211773849,49.495834550251864,48.30153863182137,49.45085906982422,339756000
2023-11-17,49.49482766776376,49.68771478002095,48.97813389873992,49.26896286010742,325205000
2023-11-20,49.28295659470337,50.51822867897837,49.152033232319226,50.379310607910156,414120000
2023-11-21,50.09647330080843,50.48724182772053,49.19300646271815,49.914581298828125,565747000
2023-11-22,49.822637922413506,50.305351326686875,47.66190879748864,48.68730545043945,899420000
2023-11-24,48.44145141892708,48.89218598438888,47.71687617098167,47.747859954833984,294645000
2023-11-27,47.77184390637924,48.50141346161061,47.62393227136599,48.213584899902344,395662000
2023-11-28,48.20758404305151,48.2945345904846,47.44503304136884,47.79282760620117,401491000
2023-11-29,48.35050236578872,48.7332761674738,47.83180709342431,48.11164093017578,382005000
2023-11-30,47.99571376977162,48.08166546718563,46.394659915888205,46.742454528808594,526247000
2023-12-01,46.49760075768486,47.172202455851924,46.15979857134605,46.737457275390625,369317000
2023-12-04,46.04985595451796,46.04985595451796,44.9834831764298,45.48318862915039,437543000
2023-12-05,45.44321259326519,46.57664311757359,45.24831062993343,46.54266357421875,371718000
2023-12-06,47.19132998991205,47.36324464620392,45.38923247970496,45.480186462402344,380590000
2023-12-07,45.67709999626113,46.6056353183363,45.581147431853395,46.57265090942383,350823000
2023-12-08,46.57165024032382,47.7170758334867,46.52667080932443,47.48219299316406,359224000
2023-12-11,47.467203152590486,47.50718021067466,45.80703618949346,46.603633880615234,509728000
2023-12-12,46.02292498477765,47.642112036749815,46.02292498477765,47.63311767578125,372387000
2023-12-13,47.60513418472511,48.5696507647958,47.584144799570055,48.06390380859375,447792000
2023-12-14,48.36574075015795,48.64559916182658,47.39822751782859,48.32575988769531,391232000
2023-12-15,48.169843491403206,49.379236076134234,48.0958792715529,48.86549377441406,479948000
2023-12-18,49.375247684193205,50.40772719111452,49.125372956667505,50.05190658569336,412587000
2023-12-19,49.39922581544832,49.675088445454506,48.870491649793216,49.57913589477539,464444000
2023-12-20,49.63011224279049,49.97394160292545,48.07389338703891,48.08688735961914,397894000
2023-12-21,48.78653913884223,49.07039720846896,48.39473348540278,48.965450286865234,300425000
2023-12-22,49.17034549223245,49.35825100102085,48.44270969078598,48.8055305480957,252507000
2023-12-26,48.94345801373731,49.57514125413187,48.935462602509865,49.254302978515625,244200000
2023-12-27,49.486189463877416,49.65510348950808,49.06040044987627,49.392234802246094,233648000
2023-12-28,49.61812249458572,49.85899903094536,49.38723545621996,49.4971809387207,246587000
2023-12-29,49.78803546733378,49.97194517562977,48.726567424201626,49.4971809387207,389293000
2024-01-02,49.21931693922932,49.27029006493009,47.57114520519551,48.143856048583984,411254000
2024-01-03,47.461200853543446,48.159848009515486,47.29628263742881,47.54515838623047,320896000
2024-01-04,47.743062379627034,48.47569678347226,47.48419329239884,47.97394943237305,306535000
2024-01-05,48.43771146509866,49.522166721608514,48.281787612444646,49.072391510009766,415039000
2024-01-08,49.48718324562039,52.24879878540604,49.45419884123399,52.226806640625,642510000
2024-01-09,52.37474091414494,54.29777651370217,51.66409487363166,53.11336898803711,773100000
2024-01-10,53.58913578901618,54.57264008297959,53.462196710132666,54.3227653503418,533796000
2024-01-11,54.971434569987615,55.318260772566724,53.53315663291465,54.79452133178711,596759000
2024-01-12,54.59262018659447,54.942447033748536,54.30276844931097,54.68257522583008,352994000
2024-01-16,54.990429652443055,56.80651660434578,54.87248875685251,56.35374450683594,449580000
2024-01-17,56.318761351488625,56.442699756892196,54.71256826860131,56.02490997314453,474394000
2024-01-18,57.23130379027645,57.57113355960741,56.07888171171816,57.0783805847168,491650000
2024-01-19,57.95993551231964,59.470179816121735,57.19631847450879,59.461185455322266,543501000
2024-01-22,60.01890220827391,60.30076235969842,59.04039280818686,59.62409973144531,452955000
2024-01-23,59.54014893601341,59.879978713200884,58.555641913303255,59.84299850463867,294654000
2024-01-24,60.27377702467032,62.81749966312902,59.90795933203634,61.33124542236328,560271000
2024-01-25,62.31875115055073,62.687569516767255,60.81950289051068,61.58612060546875,482777000
2024-01-26,60.92944842366768,61.75203783033358,60.54264514796327,61.00041198730469,390309000
2024-01-29,61.20130919891072,62.45767916479008,60.8764751379027,62.433692932128906,348733000
2024-01-30,62.86847856975012,63.461179887339625,62.22879610932244,62.74253845214844,410735000
2024-01-31,61.40920802958089,62.23779495619412,60.66958101504,61.49616622924805,453795000
2024-02-01,62.068873584965374,63.15933018552209,61.61910217787421,62.99541091918945,369146000
2024-02-02,63.941944610064006,66.56662829382361,63.65808651280487,66.1268539428711,476578000
2024-02-05,68.19080896214494,69.46217469854224,67.17132346877767,69.29725646972656,680078000
2024-02-06,69.59510487406826,69.71904328530657,66.26677937017486,68.18881225585938,683111000
2024-02-07,68.28475157553528,70.1847995704641,67.56611024482635,70.06385803222656,495575000
2024-02-08,70.03887599609345,70.75851634793179,69.42019057387394,69.60609436035156,414422000
2024-02-09,70.49766579276313,72.14883870113421,70.17682744191819,72.09687042236328,436637000
2024-02-12,72.56361295434608,74.57360667156944,71.21429106971823,72.2117919921875,613710000
2024-02-13,70.36473436037795,73.41320187519852,69.58512632462431,72.09186553955078,602580000
2024-02-14,73.1653277390137,74.19880626705748,71.9019610905451,73.86297607421875,504917000
2024-02-15,73.8319812576461,73.93792331267274,72.36371572931519,72.62158203125,420122000
2024-02-16,74.06285322156347,74.36470378549747,72.46465575310286,72.57659912109375,495327000
2024-02-20,71.91094295214619,71.91994112607156,67.70005682448759,69.41719818115234,704833000
2024-02-21,67.97191561607241,68.85347738557593,66.21480102707116,67.43818664550781,673755000
2024-02-22,74.98740205219113,78.53561836150196,74.1828051803666,78.49864196777344,865100000
2024-02-23,80.74950699510057,82.35269930987084,77.53111971760488,78.77749633789062,829388000
2024-02-26,79.66005756473585,80.60559027528652,78.46565670997347,79.0523681640625,503973000
2024-02-27,79.34120423128547,79.44016125360511,77.12332243829638,78.66154479980469,391705000
2024-02-28,77.58110675234951,78.89344471041017,77.08635205553938,77.62408447265625,393110000
2024-02-29,79.05435319922906,79.94990014432358,78.31072286040303,79.07234191894531,507289000
2024-03-01,79.95989790136245,82.25874801625466,79.39517868225165,82.23775482177734,479135000
2024-03-04,84.08783505356324,87.6510508748539,83.67704554275812,85.19428253173828,615616000
2024-03-05,85.23127220389335,86.05790010828508,83.3791168960246,85.92495727539062,520639000
2024-03-06,87.98201274018054,89.68323533367624,86.99045903620946,88.65969848632812,582520000
2024-03-07,90.11703886606277,92.7248547713437,89.56129169773,92.62689971923828,608119000
2024-03-08,95.09478711569938,97.3557607121787,86.46670414122495,87.48824310302734,1142269000
2024-03-11,86.38974768743492,88.7566684384213,84.12777497843307,85.73504638671875,678364000
2024-03-12,88.00901063110172,91.9182296909345,86.11087110664366,91.87125396728516,668075000
2024-03-13,91.0136265107917,91.46241999176601,88.39481424748416,90.8467025756836,635713000
2024-03-14,89.53630642599725,90.60482099682989,86.56065394827854,87.90404510498047,602318000
2024-03-15,86.89051814443762,89.50532731640718,86.21782728727133,87.79710388183594,642086000
2024-03-18,90.34693832973477,92.36302032319799,87.04543743889901,88.4148178100586,668976000
2024-03-19,86.66061131736247,90.50286685393166,84.97138422754449,89.35739135742188,672171000
2024-03-20,89.7562045087411,90.36893262675873,88.18292203943432,90.33094787597656,479063000
2024-03-21,92.25806799689252,92.60590946151324,90.3639246898217,91.3934555053711,480372000
2024-03-22,91.0995900463856,94.73493865721083,90.7927303211633,94.24616241455078,586719000
2024-03-25,93.89832441902517,96.72203796887115,93.46752046670314,94.9588394165039,552136000
2024-03-26,95.80745785714453,96.33122190575376,92.45998010784325,92.51895141601562,513648000
2024-03-27,93.06970681708792,93.19764703060397,89.0825202595378,90.2090072631836,586067000
2024-03-28,89.95910797996004,91.25852036781959,89.15247543816959,90.31494903564453,435212000
2024-04-01,90.25797890351257,92.18309875741171,89.16347516442184,90.32194519042969,452441000
2024-04-02,88.40781996760923,90.0530759828404,87.580200789575,89.41136932373047,433064000
2024-04-03,88.44381388856061,90.3329548866708,88.35985240535257,88.92359161376953,370067000
2024-04-04,90.36492116364104,90.59282202260623,85.84097663074387,85.865966796875,434965000
2024-04-05,86.82653804838375,88.44080991811138,85.88697023320091,87.96802520751953,399678000
2024-04-08,88.65970382216,88.78964964856534,86.69260311937641,87.09342193603516,283220000
2024-04-09,87.40226463843116,87.59517772557601,82.98427507127602,85.3152084350586,501700000
2024-04-10,83.88788099023252,87.36030202720293,83.67097669028665,86.99946594238281,431929000
2024-04-11,87.3802819466206,90.69777431894295,86.88651070979101,90.5748291015625,431637000
2024-04-12,89.65825596730527,90.13404531847848,87.49024241419995,88.14594268798828,426805000
2024-04-15,89.0575066724164,90.57181753123821,85.88994818794089,85.9619140625,443077000
2024-04-16,86.39373376393459,88.07796585968008,86.02490572525448,87.37528991699219,370453000
2024-04-17,88.29985504936586,88.73466257299502,83.91185045527357,83.99681854248047,495400000
2024-04-18,84.93139797129201,86.15084492565727,82.36456386223763,84.63253021240234,447260000
2024-04-19,83.11222985815499,84.28569253115833,75.57165807203599,76.1653823852539,875198000
2024-04-22,78.06850598367505,80.03661304339266,76.3652855243631,79.48186492919922,596341000
2024-04-23,80.73230354195947,82.7313949346547,80.22753571063816,82.38555145263672,438559000
2024-04-24,83.91186206206669,84.04380588258387,79.14702921409854,79.64080810546875,512208000
2024-04-25,78.83216944223621,83.28514753299602,78.18746579696108,82.59446716308594,424641000
2024-04-26,83.77993152652552,88.29088225677599,83.34912752628662,87.69515228271484,551011000
2024-04-29,87.55521122388173,87.95202643323648,85.22726679197825,87.7171401977539,388971000
2024-04-30,87.20037162224358,88.77865678653,86.26080377564183,86.36275482177734,363709000
2024-05-01,85.0383433055248,85.96092040406639,81.21807385271738,83.00326538085938,559863000
2024-05-02,84.41063276835533,86.19782250273573,83.16219963332766,85.77801513671875,377898000
2024-05-03,87.74911915331617,89.24043810826264,87.00045887297132,88.74866485595703,398341000
2024-05-06,89.34938632493116,92.17810238522513,89.01453944248995,92.09813690185547,376203000
2024-05-07,91.05660706952696,91.73929539036573,88.97055735995299,90.51285552978516,437342000
2024-05-08,89.44235467047578,91.15257599630715,89.37937974936176,90.37093353271484,325721000
2024-05-09,90.4878761275282,91.03062873527097,88.1909234816851,88.7066879272461,378013000
2024-05-10,90.26398145980926,91.35948429960405,89.18646818667818,89.83717346191406,335325000
2024-05-13,90.43689190742707,90.95665993755156,88.48877985590597,90.3579330444336,289680000
2024-05-14,89.55830082348145,91.60937070385219,88.89360196869727,91.31450653076172,296507000
2024-05-15,92.42999634545237,94.81891011999194,91.55739179218557,94.5870132446289,417735000
2024-05-16,94.86689143447046,95.7754751109485,94.06025117593339,94.3161392211914,323952000
2024-05-17,94.32614512249134,94.69697120125089,91.7643055838333,92.43699645996094,359691000
2024-05-20,93.70742273768889,95.1567611589933,93.3975659668004,94.73695373535156,318764000
2024-05-21,93.55647591838027,95.35666020460762,93.13766755607001,95.34266662597656,328946000
2024-05-22,95.4156317928307,95.97637393636285,93.20663672986655,94.9068603515625,548648000
2024-05-23,101.9816621796603,106.27171271407624,101.47388966284153,103.75186157226562,835065000
2024-05-24,104.40155233715765,106.4266330182304,102.95321303565972,106.42063903808594,429494000
2024-05-28,110.1939294149145,114.88679659596102,109.8330933235607,113.8492660522461,652728000
2024-05-29,112.99863970593697,115.43952391941134,110.85061401228768,114.7728271484375,557442000
2024-05-30,114.59792263255132,115.76639034201462,109.61318842752371,110.4498062133789,484553000
2024-05-31,112.46887260592086,112.66578932071855,106.891413703224,109.58319091796875,613263000
2024-06-03,113.5693901392368,114.94776153564453,111.95212126824974,114.94776153564453,438392000
2024-06-04,115.66343635588582,116.54702983384996,113.99319020529364,116.38410186767578,403324000
2024-06-05,118.31722487581986,122.39336749547275,117.41463524122511,122.3843765258789,528402000
2024-06-06,123.99164111050369,125.52994340194898,118.26624653202215,120.94303131103516,664696000
2024-06-07,119.71558814229236,121.63671972354634,117.96838874257641,120.83308410644531,412386000
2024-06-10,120.31531947295237,123.04407498199869,116.95684528802722,121.73467254638672,313434100
2024-06-11,121.7246784169854,122.8242751394822,118.6958072896019,120.86500549316406,222551200
2024-06-12,123.01420123899119,126.83277933516129,122.52438572610106,125.15340423583984,299595000
2024-06-13,129.34184822861945,129.75169931207168,127.11268237111577,129.561767578125,260704500
2024-06-14,129.9116488754234,132.7905668615139,128.27225972601377,131.8309326171875,309320400
2024-06-17,132.94052101290185,133.68023590303568,129.53178618492996,130.93125915527344,288504400
2024-06-18,131.09119107562512,136.2792618770274,130.64136160940566,135.529541015625,294335100
2024-06-20,139.74798663394793,140.70762089792785,129.47181280958608,130.73133850097656,517768400
2024-06-21,127.07268651484108,130.5813821684496,124.25373647196925,126.52288818359375,649445800
2024-06-24,123.19411994547033,124.41366700261213,117.99605877326907,118.06603240966797,476060900
2024-06-25,121.15488851140898,126.45291899832442,119.27559095881188,126.0430679321289,414192600
2024-06-26,126.08305489542055,128.0723121328984,122.55436989135586,126.35295867919922,362975900
2024-06-27,124.0538073233716,126.3629527063705,122.8742462250665,123.94384765625,252571700
2024-06-28,124.53363237537093,127.6624646242392,122.7043116824408,123.4940185546875,315516700
2024-07-01,123.42405307864779,124.79353836567705,118.78578041896601,124.25374603271484,284885500
2024-07-02,121.0849085676254,123.36406628074265,120.9849473163218,122.62433624267578,218374000
2024-07-03,121.61472281837746,128.2322540283203,121.31483142526585,128.2322540283203,215749000
2024-07-05,127.33259117942191,128.80205294716893,125.63322690650442,125.78317260742188,214176700
2024-07-08,127.44254788203128,130.72133351853034,126.99271841631584,128.15228271484375,237677300
2024-07-09,130.30150022676182,133.77021018974597,128.60212062869667,131.33111572265625,285366600
2024-07-10,133.98010966299657,135.0497187053357,132.3707083327198,134.8597869873047,248978600
2024-07-11,135.6994755480004,136.09932057175976,127.00271662980028,127.35258483886719,374782700
2024-07-12,128.21224836439907,131.87088955135133,127.17264222679036,129.19189453125,252680500
2024-07-15,130.51140270339172,131.34109560506872,127.13266349593106,128.39219665527344,208326200
2024-07-16,128.3922007361648,128.9919682814133,124.53363670793642,126.31297302246094,214769500
2024-07-17,121.30484096444897,121.80465490136599,116.67656665415736,117.94609069824219,390086200
2024-07-18,121.80464878579994,122.35444713942657,116.51661668353269,121.04492950439453,320979500
2024-07-19,120.30519809175082,121.55473277825956,117.32631166998449,117.88610076904297,217223800
2024-07-22,120.3052034521371,124.02382006512462,119.81538796863644,123.4940185546875,258068900
2024-07-23,122.73429664640844,124.64358935199353,122.05454945627272,122.54436492919922,173911000
2024-07-24,119.12564855531016,119.90535705479644,113.39778526966548,114.20748138427734,327776900
2024-07-25,112.99793187881421,116.58659216144551,106.26044237682176,112.23821258544922,460067000
2024-07-26,116.14675363558489,116.15674442221705,111.53846898200278,113.01791381835938,293399100
2024-07-29,113.64768638350331,116.23671871019991,111.2585765650607,111.5484619140625,248152100
2024-07-30,111.4784845370564,111.94831080491622,102.50183151527264,103.69139099121094,486833300
2024-07-31,112.85797146215744,118.29594108970943,110.83871919064549,116.97643280029297,473174200
2024-08-01,117.4862607613273,120.11528690507727,106.77024891874801,109.16935729980469,523462300
2024-08-02,103.72138389300983,108.67953692460011,101.3322740328123,107.23007202148438,482027500
2024-08-05,92.02573599453234,103.37151801623692,90.65625074239716,100.41261291503906,552842400
2024-08-06,103.8013534449751,107.66991601333109,100.51258449303656,104.2112045288086,409012100
2024-08-07,107.76987337493198,108.75951041282163,98.65327249174283,98.8731918334961,411440400
2024-08-08,101.9620427269347,105.46074027148637,97.48370651422417,104.93093872070312,391910000
2024-08-09,105.60068194063821,106.5603237294343,103.39150538103131,104.71101379394531,290844200
2024-08-12,106.28043141146973,111.02866364109283,106.22045618169847,108.97942352294922,325559900
2024-08-13,112.3981514576694,116.18674170739067,111.53847094577725,116.09677124023438,312646700
2024-08-14,118.4858936518909,118.55586729976085,114.02755413739949,118.03606414794922,339246400
2024-08-15,118.71580500966671,123.1941334844724,117.42628417440801,122.81427764892578,318086700
2024-08-16,121.89461364819915,124.95347220733727,121.13489440174322,124.53363037109375,302589900
2024-08-19,124.23374212691918,129.9516143798828,123.37406160628171,129.9516143798828,318333600
2024-08-20,128.35221027833737,129.8316704836438,125.84314985736411,127.20264434814453,300087400
2024-08-21,127.27261778490315,129.30186873034427,126.61286736853016,128.45217895507812,257883600
2024-08-22,129.9716080659365,130.70133207356452,123.05417804069894,123.69393920898438,376189100
2024-08-23,125.81315043381734,129.5517637458536,125.1733892777955,129.32183837890625,323230300
2024-08-26,129.5217841101186,131.2111423152786,124.32371486411647,126.41293334960938,331964700
2024-08-27,125.00346773520825,129.15191727923408,123.83389733541988,128.25225830078125,303134600
2024-08-28,128.0723157316594,128.28224429229948,122.59435936439931,125.5632553100586,448101100
2024-08-29,121.31483536128766,124.38369252727087,116.66656437657561,117.54623413085938,453023300
2024-08-30,119.48551326917712,121.70468827145996,117.17637542296369,119.32557678222656,333751600
2024-09-03,115.96682960430755,116.16675212470322,107.25007348768284,107.95980834960938,477155100
2024-09-04,105.3707810731414,113.22784938600932,104.08126016116134,106.17047882080078,372470300
2024-09-05,104.95092237696757,109.60919166518133,104.72101224991617,107.17009735107422,306850700
2024-09-06,107.99978491199205,108.10974457653745,100.91242007486422,102.7917251586914,413638100
2024-09-09,104.840969477339,106.51035383580418,103.6514174842849,106.43038177490234,273912000
2024-09-10,107.7698680771714,109.3592802066297,104.910932028029,108.05976104736328,268283700
2024-09-11,109.34928767526075,117.14638779715078,107.38001963060195,116.86649322509766,441422400
2024-09-12,116.80649893712271,120.75537106961634,115.346918426563,119.10584259033203,366052700
2024-09-13,119.04586602282129,119.92561101375162,117.56628692781244,119.06585693359375,238358300
2024-09-16,116.75651263492436,118.14611345715065,114.32720910628294,116.74651336669922,248772300
2024-09-17,118.13612413784692,118.76594842655497,114.7970852268969,115.5568618774414,231925900
2024-09-18,115.85676793047314,117.66624647223807,113.18753538354541,113.33749389648438,310318900
2024-09-19,117.31635695887289,119.62569992209964,117.21638715198857,117.83621215820312,293506400
2024-09-20,117.02644483175867,118.58600287786223,115.35692533181683,115.96675109863281,382462400
2024-09-23,116.51659472951452,116.9564634197924,114.82707671663402,116.22667694091797,206228500
2024-09-24,116.48659840876869,121.76509140434464,115.34692577819862,120.83535766601562,354966800
2024-09-25,121.98501577990396,124.90418446690079,121.57513728542474,123.47459411621094,284692900
2024-09-26,126.76365118817954,127.63339688941237,121.76508462125145,124.00444030761719,302582900
2024-09-27,123.93446689659378,123.99444725769884,119.22581786965418,121.36520385742188,271009200
2024-09-30,118.27607446992181,121.46516224022741,118.11612431295472,121.40518188476562,226553700
2024-10-01,121.7350904738439,122.4049042106216,115.7568089513518,116.96646118164062,302094500
2024-10-02,116.40662795721522,119.34578009653441,115.10699751736388,118.81593322753906,221845900
2024-10-03,120.88533415502995,124.3243504544059,120.30549859251518,122.81478118896484,277118000
2024-10-04,124.90418432860164,125.00415413490973,121.79507530101387,124.88418579101562,243678100
2024-10-07,124.95416700886946,130.60254885006705,124.91417756039569,127.68338775634766,346250200
2024-10-08,130.2226473652744,133.44172537204778,129.38289186465897,132.85189819335938,285722500
2024-10-09,134.0715571884807,134.48144332062452,131.34234403030248,132.61196899414062,246191600
2024-10-10,131.87218458812737,134.9612950129192,130.96244182735123,134.77134704589844,242311300
2024-10-11,133.97158567859756,135.74108264717918,133.62169514533127,134.76136779785156,170209500
2024-10-14,136.43089368651033,139.56000161928338,136.26094423310064,138.0304412841797,232347700
2024-10-15,137.8304782609884,138.53028982768672,128.70310551155586,131.56228637695312,377831000
2024-10-16,133.9415846620271,136.58082718354044,131.54227882589296,135.68109130859375,264879700
2024-10-17,139.30005999950754,140.84961880375567,136.83076670766295,136.8907470703125,306435900
2024-10-18,138.63024003343975,138.86016981880368,137.24063917112105,137.96043395996094,176090200
2024-10-21,138.090405825162,143.66880798339844,137.96043821210023,143.66880798339844,264554500
2024-10-22,142.86904559419827,144.37860733596548,141.73936457126644,143.54884338378906,226311600
2024-10-23,141.9892821435429,142.3891613712536,137.42060018656866,139.51998901367188,285930000
2024-10-24,140.77963709898057,141.30948393843238,138.42031305269128,140.3697509765625,172354900
2024-10-25,140.88959441527413,144.0886893234089,140.7596420534019,141.49942016601562,205122100
2024-10-28,142.95902137870084,143.09898064959424,140.00986979275078,140.479736328125,173586700
2024-10-29,140.2497716969522,142.2192081120129,138.86017082456863,141.20950317382812,157593600
2024-10-30,139.49998843906093,140.28977049571748,136.77077537646986,139.300048828125,179418100
2024-10-31,137.56056330274592,137.57055494467397,132.07213151004177,132.72193908691406,270039600
2024-11-01,134.6613944536623,137.2706470867555,134.53144208222884,135.36119079589844,207127800
2024-11-04,137.17067271068436,138.9201710380497,135.53114345978716,136.01100158691406,187528200
2024-11-05,137.41058693125512,140.32974787080795,137.29062621937655,139.86988830566406,160537400
2024-11-06,142.91903343153805,146.44802048986534,141.91932003814412,145.56826782226562,242043900
2024-11-07,146.3480493601011,148.88731477688594,146.12811118371621,148.83734130859375,207323300
2024-11-08,148.72733415894703,149.72704733961325,146.21804431265082,147.58766174316406,175665800
2024-11-11,148.6373710400852,148.80733573059373,143.52885055228916,145.21835327148438,182325600
2024-11-12,146.73790556674717,149.60707763368606,145.96812211424654,148.24746704101562,198634700
2024-11-13,149.02727349633594,149.28719347067064,145.8581688148386,146.2280731201172,191903300
2024-11-14,147.59766330614426,148.9572739334313,145.50826627914395,146.71791076660156,194463300
2024-11-15,144.8284560077565,145.19836028928967,140.03983617411208,141.9392852783203,250132900
2024-11-18,139.45999475223928,141.50940991238423,137.1106625740026,140.10980224609375,221205300
2024-11-19,141.2794937524248,147.08782570288798,140.94958652618317,146.9678497314453,227834900
2024-11-20,147.36774356025674,147.5176944558783,142.68907730947365,145.84817504882812,309871700
2024-11-21,149.30720000657334,152.84617867409492,140.65967008206871,146.62796020507812,400946600
2024-11-22,145.888140786496,147.11779901269117,141.05953942682146,141.90928649902344,236406200
2024-11-25,141.9492922301626,142.0092725854583,135.78106320516017,135.9810028076172,344941900
2024-11-26,137.66052777043362,139.26007526155422,135.63111085304342,136.88075256347656,190287700
2024-11-27,134.97128602051475,137.18065910710888,131.76221489663718,135.3011932373047,226370900
2024-11-29,136.74079305563075,139.31006372977,136.0110065692894,138.2103729248047,141863200
2024-12-02,138.79019534076207,140.40972595950504,137.78049042793322,138.5902557373047,171682800
2024-12-03,138.22037595856943,140.4997214017946,137.91046723010535,140.2198028564453,164414000
2024-12-04,141.95930442882306,145.74821154635353,140.2497877832653,145.09840393066406,231224300
2024-12-05,145.0784040292141,146.50808533514203,143.91865294893697,145.02841186523438,172621200
2024-12-06,144.56853006182772,145.66828146425675,141.27923767487087,142.40899658203125,188505600
2024-12-09,138.93972344033872,139.91950565348523,137.1001279875636,138.77975463867188,189308600
2024-12-10,138.97971741196267,141.78911819403848,133.76085313448985,135.04058837890625,210020900
2024-12-11,137.33007570041752,140.1394610798945,135.18055019628483,139.27964782714844,184905200
2024-12-12,137.05013599112348,138.40984029596007,135.77041608721427,137.31007385253906,159211400
2024-12-13,138.90974525213795,139.56960518418134,132.51112983721956,134.22076416015625,231514900
2024-12-16,134.1507548377073,134.37070812011547,130.39157963416955,131.9712371826172,237951100
2024-12-17,129.06188284882555,131.5613383936032,126.8323727744144,130.36160278320312,259410300
2024-12-18,133.83084634553458,136.67022414162827,128.2520598203989,128.88192749023438,277444500
2024-12-19,131.7312862928068,134.0007959707685,129.52177635647746,130.65151977539062,209719200
2024-12-20,129.7817201303188,135.25052978203578,128.19207015255643,134.670654296875,306528600
2024-12-23,136.25031123897003,139.75954112073697,135.09056027465786,139.6395721435547,176053500
2024-12-24,139.9695150682445,141.8690952419841,138.61980292789985,140.18946838378906,105157000
2024-12-26,139.6695752314167,140.81933395538283,137.70000300728188,139.89952087402344,116205600
2024-12-27,138.51983681592935,138.98973570413628,134.6806765533369,136.98016357421875,170582600
2024-12-30,134.80062832550155,140.23944563051566,133.99080722961983,137.46005249023438,167734700
2024-12-31,137.99994871496077,138.0399485497518,133.80086613446198,134.26075744628906,155659200
2025-01-02,135.97038221662075,138.84975989825128,134.60068545398187,138.27987670898438,198247200
2025-01-03,139.97950221326124,144.86843662681642,139.69956441393234,144.43853759765625,229322500
2025-01-06,148.55763229845726,152.12686204773377,147.78781099429082,149.39744567871094,265377400
2025-01-07,152.99665754898407,153.09664186378797,139.97948999458222,140.10946655273438,351782200
2025-01-08,142.54894625810496,143.91864297451565,137.5300354006173,140.07948303222656,227349900
2025-01-10,137.42007490895548,139.88953842521914,134.19078233209814,135.8804168701172,207602500
2025-01-13,129.96170394882952,133.46094192558937,129.4817974709377,133.20098876953125,204808900
2025-01-14,136.02036676060487,136.35029670610186,130.021673763493,131.73129272460938,195590500
2025-01-15,133.6208947252083,136.42028814155947,131.26140794998662,136.21034240722656,185217300
2025-01-16,138.6097963703303,138.7197730168145,133.46092441099125,133.54090881347656,209235600
2025-01-17,136.66022586007293,138.46982912838536,135.4304980750839,137.6800079345703,201188800
2025-01-21,139.1296971907641,141.79911388356058,137.0601406758009,140.79933166503906,197749000
2025-01-22,144.6285153116103,147.7578236263026,143.63872531436203,147.03799438476562,237651400
2025-01-23,145.0184168760411,147.19793483530896,143.68870466698334,147.1879425048828,155915500
2025-01-24,148.3376757009225,148.93755110518853,141.8490991802554,142.58892822265625,234657600
2025-01-27,124.77282637681094,128.3720332810038,116.67458414531102,118.39421081542969,818830900
2025-01-28,121.78346978934897,128.97190639273322,116.22468308647471,128.9619140625,579666400
2025-01-29,126.47245082309266,126.86236527865272,120.02385855553806,123.67305755615234,467120600
2025-01-30,123.07319063695674,124.97277839409357,118.07427950119299,124.62285614013672,392925500
2025-01-31,123.75304497053646,127.8221583994493,119.16404813082586,120.04385375976562,388161100
2025-02-03,114.72501007137596,118.54417785753162,112.98539113939225,116.63459777832031,371235700
2025-02-04,116.93452639047727,121.17360082598954,116.67458088005824,118.62416076660156,256550000
2025-02-05,121.73347969845142,124.97277180794829,120.73369752398783,124.80281066894531,262230800
2025-02-06,127.3922271289814,128.74193900024156,125.18270971123121,128.65194702148438,251483600
2025-02-07,129.19184651154228,130.3415898450845,124.97276475304243,129.81170654296875,228186300
2025-02-10,130.06165595495793,134.97058996230598,129.93169464945112,133.54090881347656,216989100
2025-02-11,132.55113432807275,134.45071452657314,130.991476437857,132.77108764648438,178902400
2025-02-12,129.9916837727306,132.21120144058102,129.05188607934784,131.11143493652344,160278600
2025-02-13,131.53134519031366,136.4702717517269,131.1414307383845,135.26052856445312,197430000
2025-02-14,136.45026901957874,139.21966995740726,135.47048674490975,138.81976318359375,195479600
2025-02-18,141.239247408195,143.408773131914,137.89996298841217,139.36964416503906,219176600
2025-02-19,139.47961431944915,141.32921755912488,137.1901197103136,139.19967651367188,167536000
2025-02-20,139.9994986264957,140.62936628696042,136.7601988439899,140.07948303222656,143903600
2025-02-21,140.00948969645043,141.42919381606555,134.00080428998024,134.4007110595703,228217600
2025-02-24,136.53026411475935,138.55982089892026,130.05167928786804,130.2516326904297,251381100
2025-02-25,129.9516936613149,130.17164697857655,124.41290666278033,126.60242462158203,271428700
2025-02-26,129.96170661334043,133.7008826502409,128.46203316398234,131.2514190673828,322553800
2025-02-27,134.97060540054449,134.98059773119874,119.98387142553824,120.12384033203125,443175800
2025-02-28,117.99429297871988,125.06275289296238,116.37465068149442,124.89279174804688,389091100
2025-03-03,123.48310269608358,123.67305612882248,112.25554513947324,114.03515625,411381400
2025-03-04,110.62590357369604,119.28401358591904,110.0860202624711,115.96473693847656,398163300
2025-03-05,117.55439764571528,118.25424216283551,114.48506647308832,117.27445983886719,284337900
2025-03-06,113.50527582346177,115.32487918451908,110.1959990692751,110.5459213256836,321181900
2025-03-07,111.22576986878714,113.45528753337068,107.53657110597264,112.66545867919922,341755500
2025-03-10,109.87605754375717,111.82562964494369,105.43702244846195,106.95669555664062,366487400
2025-03-11,106.96669412251354,112.2155506077548,104.74717644545998,108.73631286621094,354865700
2025-03-12,114.10564961231475,116.74531696319002,112.8658000774832,115.7254409790039,323857500
2025-03-13,117.01527472285696,117.74518623487266,113.77568449740161,115.56546020507812,299033100
2025-03-14,118.59508095437823,121.86466627272753,118.13513973204245,121.65469360351562,277593500
2025-03-17,122.72455649146468,122.87453914631989,118.01514995099303,119.51496124267578,255501500
2025-03-18,117.98515020944649,119.00501849033903,114.52558655092061,115.41547393798828,299686900
2025-03-19,117.25523471702526,120.43483472433577,115.66543852758707,117.50520324707031,273426200
2025-03-20,116.53533674228605,120.18487133427746,116.4553449784264,118.51508331298828,248829700
2025-03-21,116.92528940681295,117.97515272195331,115.40547637665556,117.68518829345703,266498500
2025-03-24,119.86491568880827,122.20462527069279,119.32498270837338,121.39472961425781,228452500
2025-03-25,120.53483816820751,121.27474294212928,118.90503833586045,120.67481994628906,167447200
2025-03-26,118.7150653108018,118.82504445296345,112.69581844673802,113.74568939208984,293463300
2025-03-27,111.33598571474475,114.43559407181797,110.6460777346271,111.41597747802734,236902100
2025-03-28,111.47596724864877,112.85579846281165,109.05627362776653,109.65619659423828,229872500
2025-03-31,105.11677236112796,110.94604080353734,103.63696281055644,108.36636352539062,299212700
2025-04-01,108.50634668924769,110.18613567920701,106.45660912113902,110.13614654541016,222614000
2025-04-02,107.27650160670082,111.96591394846298,106.77656451707789,110.4061050415039,220601200
2025-04-03,103.49698496682684,105.61671347851724,101.58722150219326,101.78720092773438,338769400
2025-04-04,98.89756129670621,100.11740141914926,92.09841365005991,94.29813385009766,532273800
2025-04-07,87.44898959160196,101.73719167720878,86.60909899272106,97.6277084350586,611041300
2025-04-08,103.79693724960859,105.83668151314755,94.448115096381,96.28788757324219,476243400
2025-04-09,98.8775535578917,115.08551252786717,97.51772411084168,114.31561279296875,612918300
2025-04-10,109.3562417228181,110.84605211383005,99.13752639108027,107.55646514892578,437812400
2025-04-11,108.4863440509602,111.53596322542542,107.46647578597839,110.9160385131836,313417300
2025-04-14,114.09564149423704,114.27561914894163,109.0562747909433,110.6960678100586,264705000
2025-04-15,110.95604157012,113.6057097347757,110.48609947397975,112.18588256835938,228966900
2025-04-16,104.53685005598037,106.776566115048,100.43735975697352,104.47685241699219,397016900
2025-04-17,104.43685285244638,104.45685460754896,100.03741265575106,101.47722625732422,292517500
2025-04-21,98.75757087400713,99.42749238220217,95.02804439894429,96.89781188964844,288501100
2025-04-22,98.7675690784311,99.79743825075411,97.26775782667495,98.87755584716797,241004800
2025-04-23,104.50684469329865,104.78681586825162,102.0071592730487,102.69707489013672,247526000
2025-04-24,103.4669774804407,106.52658985205171,103.09702130913817,106.4166030883789,220815000
2025-04-25,106.83655988818872,111.90592192622726,105.71670563343305,110.99604034423828,251064700
2025-04-28,109.67619446115806,110.35610916663857,106.0066506499314,108.71631622314453,207708500
2025-04-29,107.65645038374015,110.18613082106049,107.42648359585715,109.00627899169922,170444300
2025-04-30,104.45685864823317,108.90629577636719,104.06690832142748,108.90629577636719,235044600
2025-05-01,113.06577112138011,114.92553765737502,111.28599634849851,111.59595489501953,236121500
2025-05-02,114.1656362648126,115.38548400726445,113.35574060530446,114.485595703125,190194800
2025-05-05,112.89579778060671,114.65557085202862,112.64582923459892,113.80567932128906,133163200
2025-05-06,111.46598025800552,114.72556468927546,110.8060596179303,113.52571868896484,158525600
2025-05-07,113.03578272910664,117.66519758488604,112.2658753138673,117.04527282714844,206758800
2025-05-08,118.23512643493164,118.66507265437788,115.83542678286972,117.35523986816406,198428100
2025-05-09,117.33523143311392,118.21512557823269,115.19550133583151,116.63532257080078,132972200
2025-05-12,121.95465837416761,122.98452758789062,120.26486852149502,122.98452758789062,225023300
2025-05-13,124.96428378706925,131.20349680462547,124.45434579721417,129.9136505126953,330430100
2025-05-14,133.18323739959362,135.4229610498005,131.66342437777934,135.32296752929688,281180800
2025-05-15,134.27309347043854,136.28285028501523,132.64330897356982,134.8130340576172,226632600
2025-05-16,136.20286928250525,136.3328578150344,133.44322189103337,135.38296508789062,226542500
2025-05-19,132.3733402168265,135.85289804232983,132.3733402168265,135.55294799804688,193154600
2025-05-20,134.27309787247168,134.56306993057714,132.60330981084104,134.36309814453125,161514200
2025-05-21,133.04325269152105,137.3827028648009,130.57356230685332,131.78341674804688,270608700
2025-05-22,132.21336282687446,134.23311300774128,131.53345568577518,132.81329345703125,187344000
2025-05-23,129.98365220977007,132.66330787048915,129.14376150329426,131.2734832763672,198821300
2025-05-27,134.13310453484723,135.64292419162265,133.2932139517279,135.48294067382812,192953600
2025-05-28,136.01289284806998,137.23274065219468,134.773043287045,134.7930450439453,304021100
2025-05-29,142.2321134030903,143.47196297724966,137.89266277883826,139.17250061035156,369241900
2025-05-30,138.7025513364048,139.6024320207408,132.9032778793795,135.11300659179688,333170900
2025-06-02,135.4729551269194,138.10261378714853,135.38295485750098,137.3627166748047,197663100
2025-06-03,138.76252943263086,141.9821253260672,137.93263208053457,141.2022247314453,225578800
2025-06-04,142.17211569309742,142.37208748278405,139.52243989492337,141.9021453857422,167120800
2025-06-05,142.15211531599257,143.98188696027037,138.81253909953503,139.97239685058594,231397900
2025-06-06,142.4920575502711,143.2519716576077,141.49218341482276,141.70216369628906,153986200
2025-06-09,143.17198765195985,144.98175749406252,141.9221449149421,142.612060546875,185114500
2025-06-10,142.6720500430919,144.27183958658884,141.51219232566982,143.94189453125,155881900
2025-06-11,144.6018435649776,144.9818270127783,141.8619926278542,142.8219451904297,167694000
2025-06-12,141.9619934165529,144.9918212890625,141.84200506767834,144.9918212890625,162365000
2025-06-13,142.47195608609783,143.57190012016565,140.84205843661482,141.9619903564453,180820600
2025-06-16,143.3419182543515,146.17174515794912,143.19191756263837,144.6818389892578,183133700
2025-06-17,144.48185167828373,145.2118062109318,143.77188503129375,144.1118621826172,139108000
2025-06-18,144.00186822839106,145.64177507521472,143.1119190601379,145.47178649902344,161494100
2025-06-20,145.4417889825313,146.1917466588846,142.6419439392267,143.84188842773438,242956200
2025-06-23,142.49196127355907,144.77183143330174,142.02198656661903,144.161865234375,154308900
2025-06-24,145.55178305584516,147.9516567694991,145.4917888831412,147.8916473388672,187566100
2025-06-25,149.2615908362584,154.44129154756814,149.2515816348226,154.30130004882812,269146500
2025-06-26,155.9711982969104,156.71116205301092,153.99131424314706,155.01126098632812,198145700
2025-06-27,156.03119384319848,158.7010567029259,155.25123904977087,157.74110412597656,263234500
2025-06-30,158.39105963903748,158.65105473929458,155.95121007936535,157.98109436035156,194580300
2025-07-01,156.28118836420296,157.19114075936278,151.4814709885328,153.29136657714844,213143600
2025-07-02,152.97137110311218,157.5911210146133,152.9613771597412,157.2411346435547,171224100
2025-07-03,158.36106240246136,160.97091579811564,157.76110539966962,159.3310089111328,143716100
2025-07-07,158.19107281354107,159.3010108082469,157.33112071622008,158.2310791015625,140139000
2025-07-08,159.32102164925746,160.21097087662494,158.3810721884118,159.99098205566406,138133000
2025-07-09,161.2109090473586,164.41072552837133,161.15091487239096,162.87081909179688,183656400
2025-07-10,164.31074810125853,164.4907306346819,161.6008940928153,164.09075927734375,167704100
2025-07-11,163.71077623333997,167.88053943905462,163.4607903198708,164.91070556640625,193633300
2025-07-14,165.36067502496692,165.48067863727533,162.0108729824689,164.06076049804688,136975800
2025-07-15,171.18034650685541,172.39026971263084,169.19045325951484,170.69036865234375,230627400
2025-07-16,171.05035621730414,171.74031976856003,168.89047429804987,171.36033630371094,158831500
2025-07-17,172.01030913929756,174.15018791751396,170.82037376702192,172.99024963378906,160841100
2025-07-18,173.63021019833226,174.24017641906912,171.2503394915346,172.40028381347656,146456400
2025-07-21,172.7402639749064,173.37023335124513,170.99036260323587,171.37034606933594,123126100
2025-07-22,171.33033873133073,171.38033896465845,164.5707252526767,167.0205841064453,193114300
2025-07-23,169.52044095634585,171.25033914956657,167.96053134785282,170.77037048339844,154082200
2025-07-24,172.43027959809626,173.82020061413024,171.29034448608226,173.73020935058594,128984600
2025-07-25,173.60021352539138,174.71015156060187,172.9502562716434,173.49021911621094,122316800
2025-07-28,174.0101941822023,176.9900219174052,173.96019394928393,176.7400360107422,140023500
2025-07-29,177.94996552058157,179.36988356772682,175.01012896550742,175.50009155273438,154077500
2025-07-30,176.50004870661488,179.87986313645385,176.03007396904806,179.25990295410156,174312200
2025-07-31,182.88968537366165,183.28967198380855,175.92007699286586,177.85997009277344,221685400
2025-08-01,174.08017933113513,176.53003812303805,170.88036283204175,173.710205078125,204529000
2025-08-04,175.150129411279,180.18983857913796,174.5101661001552,179.98985290527344,148174600
2025-08-05,179.6098628583566,180.24982614601393,175.8900714807458,178.24993896484375,156407600
2025-08-06,176.32005948301483,179.88985025482887,176.2400621628547,179.40988159179688,137192300
2025-08-07,181.5597693442696,183.86963665167795,178.78992126086553,180.7598114013672,151878400
2025-08-08,181.5397681998595,183.2896695438941,180.3898238761652,182.689697265625,123396700
2025-08-11,182.0397344504628,183.82962677132744,180.23983292857787,182.0497283935547,138323200
2025-08-12,182.94968779347354,184.46959107996432,179.4498851930147,183.14967346191406,145485700
2025-08-13,182.60969839497247,183.95962838065756,179.33989375414814,181.5797576904297,179871700
2025-08-14,179.73985890356857,183.0096786896392,179.44988197821397,182.00973510742188,129554000
2025-08-15,181.86974661621798,181.88973450248375,178.02995160113952,180.4398193359375,156602200
2025-08-18,180.58981649127065,182.92968080449612,180.5798072904055,181.99972534179688,132008000
2025-08-19,182.41970688751834,182.4897102645763,175.48011099603517,175.63009643554688,185229200
2025-08-20,175.1601234390134,175.99007848098316,168.79048741289236,175.39010620117188,215142700
2025-08-21,174.8401410010552,176.89001313294924,173.80019113380274,174.97012329101562,140040900
2025-08-22,172.60026380920357,178.57992220965232,171.19033968434712,177.97996520996094,172789400
2025-08-25,178.3399565343825,181.89975349617023,176.56005805348863,179.79986572265625,163012800
2025-08-26,180.04984011627135,182.379710508586,178.79991063056144,181.75975036621094,168688200
2025-08-27,181.96973565618129,182.47971666734583,179.0899084065932,181.5897674560547,235518900
2025-08-28,180.80980830742462,184.45959632874283,176.40005338826177,180.1598358154297,281787800
2025-08-29,178.099952232122,178.13994326196564,173.14022534545884,174.170166015625,243257900
2025-09-02,169.99041567915194,172.37028638119727,167.2105736316213,170.77037048339844,231164900
2025-09-03,171.0503597309562,172.40028977270214,168.8704898798795,170.61038208007812,164424900
2025-09-04,170.56039467979372,171.85031526705663,169.40045639085815,171.65032958984375,141670100
2025-09-05,168.02052717453523,169.02047080600087,164.06075893837155,167.01058959960938,224441400
2025-09-08,167.5405549408978,170.95036631358883,167.34056927044318,168.30050659179688,163769100
2025-09-09,169.08046220477644,170.97035502688004,166.7306038641957,170.7503662109375,157548400
2025-09-10,176.63004377208136,179.2798883121013,175.46011154547278,177.32000732421875,226852000
2025-09-11,179.67999267578125,180.27999877929688,176.47999572753906,177.1699981689453,151159300
2025-09-12,177.77000427246094,178.60000610351562,176.4499969482422,177.82000732421875,124911000
2025-09-15,175.6699981689453,178.85000610351562,174.50999450683594,177.75,147061600
2025-09-16,177.0,177.5,174.3800048828125,174.8800048828125,140737800
2025-09-17,172.63999938964844,173.1999969482422,168.41000366210938,170.2899932861328,211843800
2025-09-18,173.97999572753906,177.10000610351562,172.9600067138672,176.24000549316406,191763300
2025-09-19,175.77000427246094,178.0800018310547,175.17999267578125,176.6699981689453,237182100
2025-09-22,175.3000030517578,184.5500030517578,174.7100067138672,183.61000061035156,269637000
2025-09-23,181.97000122070312,182.4199981689453,176.2100067138672,178.42999267578125,192559600
2025-09-24,179.77000427246094,179.77999877929688,175.39999389648438,176.97000122070312,143564100
2025-09-25,174.47999572753906,180.25999450683594,173.1300048828125,177.69000244140625,191586700
2025-09-26,178.1699981689453,179.77000427246094,174.92999267578125,178.19000244140625,148573700
2025-09-29,180.42999267578125,184.0,180.32000732421875,181.85000610351562,193063500
2025-09-30,182.0800018310547,187.35000610351562,181.47999572753906,186.5800018310547,236981000
2025-10-01,185.24000549316406,188.13999938964844,183.89999389648438,187.24000549316406,173844900
2025-10-02,189.60000610351562,191.0500030517578,188.05999755859375,188.88999938964844,136805800
2025-10-03,189.19000244140625,190.36000061035156,185.3800048828125,187.6199951171875,137596900
2025-10-06,185.5,187.22999572753906,183.3300018310547,185.5399932861328,157678100
2025-10-07,186.22999572753906,189.05999755859375,184.0,185.0399932861328,140088000
2025-10-08,186.57000732421875,189.60000610351562,186.5399932861328,189.11000061035156,130168900
2025-10-09,192.22999572753906,195.3000030517578,191.05999755859375,192.57000732421875,182997200
2025-10-10,193.50999450683594,195.6199951171875,182.0500030517578,183.16000366210938,268774400
2025-10-13,187.97000122070312,190.11000061035156,185.9600067138672,188.32000732421875,153482800
2025-10-14,184.77000427246094,184.8000030517578,179.6999969482422,180.02999877929688,205641400
2025-10-15,184.8000030517578,184.8699951171875,177.2899932861328,179.8300018310547,214450500
2025-10-16,182.22999572753906,183.27999877929688,179.77000427246094,181.80999755859375,179723300
2025-10-17,180.17999267578125,184.10000610351562,179.75,183.22000122070312,173135200
2025-10-20,183.1300048828125,185.1999969482422,181.72999572753906,182.63999938964844,128544700
2025-10-21,182.7899932861328,182.7899932861328,179.8000030517578,181.16000366210938,124240200
2025-10-22,181.13999938964844,183.44000244140625,176.75999450683594,180.27999877929688,162249600
2025-10-23,180.4199981689453,183.02999877929688,179.7899932861328,182.16000366210938,111363700
2025-10-24,183.83999633789062,187.47000122070312,183.5,186.25999450683594,131296700
2025-10-27,189.99000549316406,192.0,188.42999267578125,191.49000549316406,153452700
2025-10-28,193.0500030517578,203.14999389648438,191.91000366210938,201.02999877929688,297986200
2025-10-29,207.97999572753906,212.19000244140625,204.77999877929688,207.0399932861328,308829600
2025-10-30,205.14999389648438,206.16000366210938,201.41000366210938,202.88999938964844,178864400
2025-10-31,206.4499969482422,207.97000122070312,202.07000732421875,202.49000549316406,179802200
2025-11-03,208.0800018310547,211.33999633789062,205.55999755859375,206.8800048828125,180267300
2025-11-04,203.0,203.97000122070312,197.92999267578125,198.69000244140625,188919300
2025-11-05,198.77000427246094,202.9199981689453,194.64999389648438,195.2100067138672,171350300
2025-11-06,196.4199981689453,197.6199951171875,186.3800048828125,188.0800018310547,223029800
2025-11-07,184.89999389648438,188.32000732421875,178.91000366210938,188.14999389648438,264942300
2025-11-10,195.11000061035156,199.94000244140625,193.7899932861328,199.0500030517578,198897100
2025-11-11,195.16000366210938,195.4199981689453,191.3000030517578,193.16000366210938,176483300
2025-11-12,195.72000122070312,195.88999938964844,191.1300048828125,193.8000030517578,154935300
2025-11-13,191.0500030517578,191.44000244140625,183.85000610351562,186.86000061035156,207423100
2025-11-14,182.86000061035156,191.00999450683594,180.5800018310547,190.1699981689453,186591900
2025-11-17,185.97000122070312,189.0,184.32000732421875,186.60000610351562,173628900
2025-11-18,183.3800048828125,184.8000030517578,179.64999389648438,181.36000061035156,213598900
2025-11-19,184.7899932861328,187.86000061035156,182.8300018310547,186.52000427246094,247246400
2025-11-20,195.9499969482422,196.0,179.85000610351562,180.63999938964844,343504800
2025-11-21,181.24000549316406,184.55999755859375,172.92999267578125,178.8800048828125,346926200
2025-11-24,179.49000549316406,183.5,176.47999572753906,182.5500030517578,256618300
2025-11-25,174.91000366210938,178.16000366210938,169.5500030517578,177.82000732421875,319741500
2025-11-26,181.6300048828125,182.91000366210938,180.52000427246094,180.72999572753906,32410647
