Date,Open,High,Low,Close,Volume
2020-11-26,2416.870726199582,2455.8228130957623,2411.7881571724142,2447.63671875,60434.0
2020-11-27,2428.87997391605,2445.0274838916566,2401.892418650316,2410.12353515625,110671.0
2020-11-30,,,,,
2020-12-01,2410.8880587975186,2460.3652391086616,2361.5009248461392,2453.12353515625,90136.0
2020-12-02,2446.871662564724,2477.187638870708,2430.904025796149,2473.094482421875,103473.0
2020-12-03,2490.546103552349,2490.7709998030605,2430.9485971138492,2436.48095703125,392788.0
2020-12-04,2434.2778252246885,2463.109578055314,2428.880313417095,2452.26953125,67094.0
2020-12-07,2445.972430759006,2467.562477959527,2434.547741373794,2461.265380859375,44595.0
2020-12-08,2469.36102448967,2523.2012789393034,2458.5660036175836,2515.599609375,97986.0
2020-12-09,2535.0306060305634,2554.821476624131,2513.305715479089,2527.654052734375,108846.0
2020-12-10,2536.8302957993765,2541.013279181693,2500.9817372798943,2504.580078125,50596.0
2020-12-11,2514.3409378343727,2525.1359615388496,2487.353378573181,2503.95068359375,55137.0
2020-12-14,2518.928535885745,2524.4158736770232,2480.1563270005477,2515.68994140625,57915.0
2020-12-15,2509.842420893246,2514.3403463787176,2479.256527592038,2483.934326171875,108436.0
2020-12-16,2496.3486820181283,2536.6051157191414,2483.9343635662813,2530.7578125,71532.0
2020-12-17,2531.3875967037857,2562.918100233327,2523.8311692706548,2552.9326171875,74645.0
2020-12-18,2573.7129197686013,2606.997567804756,2561.118728619786,2575.15234375,155614.0
2020-12-21,2577.3113783605872,2598.496651940229,2503.4553518845078,2535.70556640625,181011.0
2020-12-22,2545.826416596868,2593.59448420717,2535.93097822847,2582.529541015625,90096.0
2020-12-23,2598.901519840919,2624.9894894066465,2578.256084402753,2615.27392578125,84950.0
2020-12-24,2622.1551803157977,2628.5421014444173,2594.4028978064403,2616.397705078125,63577.0
2020-12-28,2620.356924529651,2653.6863815942206,2610.866256429996,2634.21044921875,80008.0
2020-12-29,2634.2107119894445,2655.485816946812,2630.567347520179,2636.36962890625,47486.0
2020-12-30,2642.0812879102614,2651.077138396847,2612.3949813045283,2616.758056640625,175469.0
2020-12-31,2610.5961095541734,2614.2394733426668,2559.3197559206146,2581.9892578125,834286.0
2021-01-01,2589.905256143807,2644.6898956640302,2588.376005544562,2634.164794921875,152353.0
2021-01-04,2653.7762331180083,2743.73474949489,2646.5795518078576,2734.064208984375,208783.0
2021-01-05,2738.4273908687906,2800.1838269016707,2734.7390037044665,2781.787353515625,188379.0
2021-01-06,2790.6479729953994,2801.7129142169756,2732.7598006217,2746.388427734375,118089.0
2021-01-07,2766.224371251541,2770.5424239512345,2699.6550693092277,2728.171875,160557.0
2021-01-08,2775.400200563733,2813.497721434108,2754.349994844215,2807.020751953125,210057.0
2021-01-11,2892.1661648726777,2900.2624309640787,2831.3991460060524,2856.227783203125,253600.0
2021-01-12,2860.635946657885,2885.959402112652,2834.5479755492497,2854.2490234375,132445.0
2021-01-13,2860.635511460467,2860.635511460467,2813.092572086039,2841.609375,653157.0
2021-01-14,2851.7044066627336,2944.538020406811,2812.047328946817,2929.35107421875,531550.0
2021-01-15,2924.123514735024,2950.711780824741,2893.254087156285,2914.4345703125,162323.0
2021-01-18,2928.31423895142,2934.172670023499,2872.073388676757,2902.897705078125,167704.0
2021-01-19,2910.288556708385,2955.35341512753,2910.288556708385,2942.870361328125,94206.0
2021-01-20,2942.735632200025,2998.616063806886,2942.735632200025,2981.671630859375,1574806.0
2021-01-21,2981.4911382724717,2983.2937326728784,2940.0314670631205,2951.568115234375,85349.0
2021-01-22,2928.404230359686,2995.8210712981854,2928.3591215001247,2977.344482421875,316515.0
2021-01-25,2969.773779614072,3015.063956374499,2954.1812966411403,2965.447509765625,107916.0
2021-01-26,,,,,
2021-01-27,2974.280528021426,2979.057446817503,2908.620944105231,2939.175048828125,586936.0
2021-01-28,2920.2029187908965,2949.6752931293004,2869.685166881556,2883.6552734375,555279.0
2021-01-29,2889.5585546159277,2897.6702286619484,2794.471708854237,2805.647705078125,96018.0
2021-02-01,2797.6267792738463,2852.6059137892153,2744.540457078779,2830.704345703125,158508.0
2021-02-02,2849.000015549387,2906.277487899749,2843.1415846411082,2886.8544921875,115905.0
2021-02-03,2890.4602480678086,2915.831677351126,2852.245333117211,2883.340087890625,101798.0
2021-02-04,2889.559048932374,2914.7502636316594,2863.421428090503,2872.704833984375,434127.0
2021-02-05,2876.1297147083983,2884.1511721386,2820.6097166274217,2846.341796875,69573.0
2021-02-08,2870.8118563768962,2906.638420812513,2844.043372995919,2897.8056640625,132081.0
2021-02-09,2884.150701137455,2924.8441769190217,2852.6504117071163,2862.33935546875,123700.0
2021-02-10,2863.4212670708166,2901.546183473897,2847.1528082461014,2894.020263671875,61444.0
2021-02-11,2904.880251344093,2904.880251344093,2871.532262110543,2889.423095703125,38475.0
2021-02-12,2881.446992758751,2925.430337751645,2869.189263483547,2876.17431640625,64320.0
2021-02-15,2889.5587997575662,2889.5587997575662,2821.96151030597,2830.028076171875,104489.0
2021-02-16,2847.1075276892016,2853.732149872017,2794.2465369571955,2802.4033203125,136791.0
2021-02-17,2802.1322728249047,2822.8169942267914,2746.251860822607,2770.13623046875,140215.0
2021-02-18,2769.685982485243,2792.894382761519,2732.7328014628238,2755.760986328125,175502.0
2021-02-19,2755.7608397706863,2781.2675902992787,2719.708957763693,2768.874755859375,129152.0
2021-02-22,2785.0078842878647,2785.0078842878647,2654.770460572785,2666.712646484375,233886.0
2021-02-23,2678.294183648313,2729.0370273956914,2676.852020468488,2685.864990234375,140264.0
2021-02-24,2686.0452883589587,2705.9189313135466,2434.403208752732,2660.087890625,720041.0
2021-02-25,2685.865542130227,2730.434642772026,2676.041491084032,2697.4921875,497914.0
2021-02-26,2675.500344539189,2678.564666551014,2596.9523931336776,2610.201416015625,202274.0
2021-03-01,2640.801439046398,2672.3017398482034,2613.7625164623055,2637.37646484375,210795.0
2021-03-02,2676.8525034803956,2726.784276975829,2655.356478692724,2713.400146484375,168724.0
2021-03-03,2730.9303660612873,2761.078711737373,2700.7369115190254,2756.75244140625,206125.0
2021-03-04,2730.9301423917354,2777.392050704109,2721.826953899804,2746.883056640625,371283.0
2021-03-05,2721.9173020114526,2761.078617861214,2701.5030102636633,2710.200439453125,63785.0
2021-03-08,2739.04215395814,2739.04215395814,2700.28637487943,2710.380859375,39194.0
2021-03-09,2711.146389575755,2764.1875841357014,2697.581826193837,2748.91064453125,85833.0
2021-03-10,2776.1756924048223,2786.8110437602973,2758.0597500518766,2768.739990234375,83120.0
2021-03-11,,,,,
2021-03-12,2771.489351302629,2808.1270005635056,2741.791647628225,2755.17578125,133299.0
2021-03-15,2752.5620053551934,2793.0301668599627,2742.647734870941,2763.693115234375,53492.0
2021-03-16,2762.3405581177853,2829.9827307400733,2760.6730704333972,2801.8623046875,294600.0
2021-03-17,2801.231720571415,2845.1699594317292,2781.4031820088117,2805.4677734375,263394.0
2021-03-18,2813.84955107566,2834.5793844115797,2691.5435784023834,2737.05908203125,94103.0
2021-03-19,2732.733143796417,2792.2187597233838,2707.9023616243107,2760.898681640625,202074.0
2021-03-22,2757.9695747868645,2829.172057273192,2720.1601992980322,2820.699951171875,136270.0
2021-03-23,2829.8476269163316,2855.7599190650203,2815.6521973044414,2831.920654296875,64888.0
2021-03-24,2816.553617809832,2840.618207911749,2804.3861061808934,2812.9033203125,49838.0
2021-03-25,2812.9028895580996,2820.78923848029,2749.857207040207,2765.224365234375,50991.0
2021-03-26,2778.6985569988788,2810.2439509317237,2743.5479751879943,2765.314208984375,112808.0
2021-03-29,,,,,
2021-03-30,2775.9957661018507,2873.3358773807468,2757.8347129870403,2848.054443359375,216943.0
2021-03-31,2843.5922680352965,2888.657121728407,2822.5468933433212,2863.961669921875,192113.0
2021-04-01,2875.1376068187565,2898.3008971346385,2835.480536379877,2853.416259765625,105274.0
2021-04-05,2858.013379611496,2940.527181079445,2840.2127601705224,2919.572021484375,1005721.0
2021-04-06,2954.4522420603903,2954.4522420603903,2911.099758422858,2941.698974609375,105514.0
2021-04-07,2940.03113086878,2954.4067755595065,2915.786326973024,2947.91748046875,68444.0
2021-04-08,2944.853431197973,3005.690990891515,2944.853431197973,2989.152099609375,73583.0
2021-04-09,3019.345411075513,3027.276869895346,2982.1669041480905,2994.289306640625,98999.0
2021-04-12,3001.319676712602,3013.8476197782716,2900.149065988581,2921.509765625,149202.0
2021-04-13,2911.189475140902,2911.189475140902,2771.0828925518213,2798.52734375,247729.0
2021-04-14,,,,,
2021-04-15,2834.5798258588156,2920.698821333546,2781.5835040248835,2901.230712890625,673685.0
2021-04-16,2910.2432140006567,2925.8356977694616,2867.9273593538474,2878.112060546875,106603.0
2021-04-19,2878.112195976478,2878.112195976478,2825.7467442196835,2850.89306640625,56293.0
2021-04-20,2897.670686446604,2902.177172739678,2818.356527688501,2833.768798828125,108317.0
2021-04-21,,,,,
2021-04-22,2835.6155038219626,2838.815152220425,2798.9778683332925,2811.235595703125,199595.0
2021-04-23,2798.5274896859655,2811.8216218833463,2786.8106274103075,2802.853759765625,67236.0
2021-04-26,2802.8539365521383,2840.843523617065,2783.2958322978157,2795.0126953125,96633.0
2021-04-27,2796.7250111756152,2825.656737239558,2796.7250111756152,2822.502197265625,43362.0
2021-04-28,2832.7767841323443,2839.536512379558,2804.836574043861,2815.471923828125,39238.0
2021-04-29,2831.875368138142,2844.763960130357,2798.8878076594074,2805.91796875,62825.0
2021-04-30,2803.935482961179,2823.4935874514863,2722.818738034626,2738.501220703125,69616.0
2021-05-03,2735.166474456001,2755.26544533115,2708.217777123155,2737.239501953125,110455.0
2021-05-04,2757.9693876742112,2785.0083032396446,2735.6171734648015,2748.010009765625,71115.0
2021-05-05,2774.0120969313384,2794.020847378111,2752.2907500683027,2790.731201171875,40810.0
2021-05-06,2801.2314860028946,2824.890535715757,2770.5873835176635,2804.205810546875,197177.0
2021-05-07,2821.059710623204,2848.0986215876437,2804.9714705820743,2822.8623046875,90326.0
2021-05-10,2830.0730073757227,2851.704138642289,2817.454847470226,2834.714599609375,36150.0
2021-05-11,2821.0602615084454,2821.0602615084454,2786.9911830317355,2814.931396484375,42943.0
2021-05-12,2829.1722523765075,2829.1722523765075,2767.433386722544,2783.65673828125,65098.0
2021-05-13,,,,,
2021-05-14,2794.0209614823198,2794.0209614823198,2740.4388938264105,2749.632080078125,78135.0
2021-05-17,2757.9694893414544,2773.291542060018,2736.022814047852,2766.80224609375,101499.0
2021-05-18,2789.5150931983603,2814.7514171432886,2774.8239034646203,2784.4228515625,71234.0
2021-05-19,2775.995688099187,2810.2449855497616,2763.422634754278,2777.753173828125,63943.0
2021-05-20,2770.5876434525635,2782.80026474449,2751.660401906531,2757.969482421875,44081.0
2021-05-21,2762.475824497726,2783.1154416618265,2753.778394829415,2776.355712890625,25700.0
2021-05-24,2776.4911114375204,2798.5277837940093,2771.48886800856,2777.662841796875,34002.0
2021-05-25,2802.252267960952,2832.1405436050086,2792.1537420623363,2820.321044921875,89880.0
2021-05-26,2828.5181379665887,2866.5577671035076,2811.989013401142,2860.39892578125,63167.0
2021-05-27,2866.9199778437287,2914.5601735408277,2864.7010436881455,2880.324462890625,89498.0
2021-05-28,2889.199711699601,2896.12826832847,2841.1973340444038,2847.6279296875,90237.0
2021-05-31,2852.9721056222093,2871.0862142293345,2833.952291584728,2861.078125,81654.0
2021-06-01,2871.0863127796556,2871.0863127796556,2836.6695052447576,2856.051513671875,39525.0
2021-06-02,2856.5950015810276,2858.134656628748,2822.3139617033494,2834.22412109375,69364.0
2021-06-03,2852.971852309627,2857.455049567934,2827.974296203507,2845.22802734375,42074.0
2021-06-04,2834.8583710142234,2859.2670913586367,2830.4205022677916,2846.768310546875,60938.0
2021-06-07,2857.5007310483907,2889.155092704092,2838.4809163567847,2881.773681640625,38418.0
2021-06-08,2898.2568641618495,2926.8319096558353,2889.3809082914636,2898.709716796875,65874.0
2021-06-09,2900.0687068719235,2917.0960127101835,2887.2077343445453,2897.804443359375,88982.0
2021-06-10,2907.313895962944,2920.899474916042,2891.55471282513,2912.79345703125,40366.0
2021-06-11,2911.8428375204826,2996.97914443399,2910.031426735089,2963.1962890625,110175.0
2021-06-14,2979.7712394923074,2995.7117455130824,2961.702458115034,2967.408447265625,61546.0
2021-06-15,2988.827886263521,2988.827886263521,2944.94650288455,2954.818603515625,567462.0
2021-06-16,2957.1286008943416,2983.665817555061,2946.395901751099,2967.408447265625,166257.0
2021-06-17,2952.599729541522,3020.572966925571,2952.599729541522,3007.03271484375,106664.0
2021-06-18,3034.1134762959223,3041.2233530389276,2966.1855626475062,2986.111083984375,132596.0
2021-06-21,2968.9024418539157,2976.102755901139,2946.2598057812042,2963.875732421875,1452171.0
2021-06-22,3006.0362867989866,3013.2819301537293,2977.4612365948215,2989.41650390625,47420.0
2021-06-23,3011.4702420270924,3011.4702420270924,2949.5200854960362,2954.50146484375,506938.0
2021-06-24,2972.524853263065,3063.095385050483,2964.0113117228325,3055.487548828125,214740.0
2021-06-25,3070.341562177939,3078.4929114580577,3035.0190486307592,3061.91845703125,206177.0
2021-06-28,3075.775811634344,3075.775811634344,3018.218184127357,3021.0712890625,43234.0
2021-06-29,3032.9356341391886,3048.604381810895,3013.281871148202,3024.69384765625,52691.0
2021-06-30,3024.105534187766,3063.096202754839,3024.105534187766,3029.8115234375,34105.0
2021-07-01,3042.264612192738,3045.8421045029745,3018.716270449061,3025.9619140625,25777.0
2021-07-02,3023.2447384284187,3023.2447384284187,2985.2504396993295,3011.96875,51771.0
2021-07-05,3022.338561531735,3055.758998382281,2991.9521047398516,3008.345458984375,75811.0
2021-07-06,3002.4138231926067,3015.1843595761634,2949.067856079011,2954.728515625,177251.0
2021-07-07,2973.431163533219,2973.838686785282,2936.2972379453845,2966.457275390625,106869.0
2021-07-08,2984.2995376986664,2986.0656191495805,2927.5118486862366,2949.973388671875,98504.0
2021-07-09,2952.5994722254695,2971.619284776615,2898.2571506507675,2905.2763671875,232383.0
2021-07-12,2929.957274720926,2933.48943770169,2888.2494924751086,2891.872314453125,496574.0
2021-07-13,2911.843046192581,2912.3865579149415,2876.0223511204963,2887.29833984375,51763.0
2021-07-14,2881.048759906806,2917.231644937321,2881.048759906806,2910.80126953125,372510.0
2021-07-15,2934.5373091714823,2934.5373091714823,2899.9545197946363,2905.9453125,87671.0
2021-07-16,2920.4681708905714,2921.8296945133643,2895.5069044727034,2899.7275390625,71188.0
2021-07-19,2893.691084665524,2904.583271935281,2881.891215123287,2890.42333984375,433962.0
2021-07-20,2890.0608512101044,2918.0629427592053,2864.645743222076,2909.39453125,114292.0
2021-07-21,,,,,
2021-07-22,2894.599261828606,2927.1397655013134,2894.599261828606,2919.60595703125,85259.0
2021-07-23,2927.2759278890367,2941.707990334508,2910.302310240004,2915.521484375,103816.0
2021-07-26,2913.660380854327,2926.367933917243,2896.4144159832267,2903.99365234375,49985.0
2021-07-27,2908.2146338949146,2913.20688747994,2869.1842876847145,2889.19873046875,63248.0
2021-07-28,2900.952929534793,2907.5790553275638,2843.9504309043555,2902.314453125,97773.0
2021-07-29,2912.57148428266,2928.183578072222,2896.41469238328,2901.497802734375,44904.0
2021-07-30,2912.75280374408,2924.234897392833,2870.0917312056035,2875.083984375,52954.0
2021-08-02,2880.5759554720316,2926.9584000846844,2873.768336454327,2920.83154296875,134570.0
2021-08-03,2922.737589502373,2986.229934742713,2922.737589502373,2980.96533203125,166466.0
2021-08-04,2997.6211479207527,2999.890353937347,2960.542232968746,2971.2529296875,126809.0
2021-08-05,2971.752232428511,3008.9672115151234,2963.5376622365234,2981.872802734375,63832.0
2021-08-06,2972.659992267509,3016.954939678828,2963.583167863639,3004.56494140625,167196.0
2021-08-09,3009.7386956085356,3028.527676474479,3004.428665067182,3015.683837890625,86883.0
2021-08-10,3015.6837843153435,3040.009715884515,3008.9670234919936,3025.5322265625,90574.0
2021-08-11,3040.736001516638,3049.676761684344,3020.1316556178353,3032.158447265625,67042.0
2021-08-12,3037.1050148644845,3056.6656130015053,3024.533526206935,3044.321044921875,73888.0
2021-08-13,3043.459374163872,3158.1451448583052,3043.459374163872,3142.305908203125,301314.0
2021-08-16,3142.305821155054,3170.080993085372,3119.704616530973,3151.24658203125,62836.0
2021-08-17,3162.7734729121635,3231.575833984508,3144.2114146260333,3224.450439453125,160065.0
2021-08-18,3226.8111484962283,3262.755462588697,3210.4728642000446,3229.988037109375,69366.0
2021-08-19,,,,,
2021-08-20,3198.6727364002495,3243.2400303070704,3180.156104319608,3229.03466796875,55131.0
2021-08-23,3240.426288717458,3333.4637381834355,3234.027083238635,3300.197265625,127876.0
2021-08-24,3315.7639566597327,3330.0599551041323,3263.8899938023474,3278.73046875,59758.0
2021-08-25,3279.2748526104942,3355.701662491247,3275.7801869069963,3321.66357421875,70032.0
2021-08-26,3330.195810850125,3346.715807524775,3312.1330200448624,3332.1474609375,94445.0
2021-08-27,3320.256798517882,3384.747677509005,3314.039307024643,3376.714599609375,80952.0
2021-08-30,3374.7631731659803,3394.732186024951,3347.1697167653538,3359.695556640625,69850.0
2021-08-31,3361.1474763324054,3451.8702757223314,3361.1474763324054,3436.984375,248659.0
2021-09-01,3440.1161657238936,3463.4889866387725,3363.8708470112797,3371.177734375,290870.0
2021-09-02,3391.1012337404704,3501.8384795960214,3380.753743670232,3483.639404296875,68034.0
2021-09-03,3481.870128262247,3501.2944454464055,3452.824287776222,3486.726318359375,73148.0
2021-09-06,3491.8546032462104,3518.177395940294,3462.8087630320492,3495.53076171875,42444.0
2021-09-07,3501.8385610797313,3513.6384318143187,3457.4075536726186,3462.581298828125,33828.0
2021-09-08,3462.8084486846706,3462.8084486846706,3409.2551856512773,3425.684326171875,53706.0
2021-09-09,3448.285531563695,3457.9976891879155,3417.560392845594,3441.704833984375,38234.0
2021-09-10,,,,,
2021-09-13,3413.7939787536234,3496.3022316891156,3413.7939787536234,3489.040771484375,82516.0
2021-09-14,3494.123147006449,3535.9673912719277,3475.197881689382,3526.48193359375,31541.0
2021-09-15,3530.8391004163514,3612.57594469142,3509.5085640595053,3589.702392578125,130664.0
2021-09-16,3574.4529467038356,3613.982555734508,3532.6541318918635,3542.230224609375,117036.0
2021-09-17,3567.191859178893,3580.26239719762,3455.4560662467043,3476.83203125,109563.0
2021-09-20,3466.4389442520205,3514.092268308902,3459.1774853481147,3470.387451171875,65057.0
2021-09-21,3490.49235176161,3513.0029175548448,3470.06949961894,3508.146728515625,48497.0
2021-09-22,3504.561816216626,3537.1929548262624,3496.6650234997387,3505.92333984375,141321.0
2021-09-23,3529.9767778952614,3529.9767778952614,3481.551834252935,3511.55078125,947615.0
2021-09-24,3529.9765774339094,3580.3529466927375,3500.023060577309,3513.91064453125,49192.0
2021-09-27,3531.928275257748,3543.5920827159484,3452.8238428922814,3482.73193359375,59914.0
2021-09-28,3498.208514829072,3498.208514829072,3406.2602290576274,3430.13232421875,101477.0
2021-09-29,3403.8089278353145,3454.1398715278106,3379.3923604338333,3441.568603515625,90622.0
2021-09-30,3459.1772792754005,3459.1772792754005,3404.4894201632665,3426.046875,39114.0
2021-10-01,3430.1320378969513,3459.1778767994924,3381.117184748913,3385.020263671875,97631.0
2021-10-04,3383.839981624228,3433.5355929423417,3365.731762094496,3422.961181640625,92760.0
2021-10-05,3417.424245685572,3485.5004258785116,3397.0922485088067,3479.781982421875,108583.0
2021-10-06,3489.1310123771655,3501.8385654919625,3444.6545764753755,3458.178955078125,60822.0
2021-10-07,3469.1619225681743,3539.6433680161267,3468.526589247105,3533.244384765625,47233.0
2021-10-08,3571.730580621402,3621.653117326403,3539.0085826970544,3572.0029296875,97634.0
2021-10-11,3446.4700470281136,3446.4700470281136,3322.117559157992,3346.171142578125,1280463.0
2021-10-12,3366.594202109342,3366.594202109342,3296.1127486111413,3316.580810546875,266211.0
2021-10-13,3323.1160669251935,3335.7327634303715,3308.5477203318237,3318.5322265625,184950.0
2021-10-14,3319.3963108826224,3338.494207465783,3281.564198364126,3284.20166015625,330478.0
2021-10-15,,,,,
2021-10-18,3284.8379880520088,3322.124355026021,3280.336385713034,3317.031494140625,123363.0
2021-10-19,3337.584619987396,3356.0459635170264,3296.660557889458,3305.39111328125,212142.0
2021-10-20,3287.65753045596,3300.753142223101,3254.0996645083655,3281.064208984375,1033300.0
2021-10-21,3290.294501149259,3290.294501149259,3193.9866331686385,3213.357177734375,89945.0
2021-10-22,3241.1854216649385,3241.1854216649385,3169.3409636650704,3183.02783203125,135071.0
2021-10-25,3183.028057694947,3196.623895862227,3137.5113629373213,3176.161865234375,121831.0
2021-10-26,3182.073378168674,3209.49241263636,3160.247210384722,3167.568115234375,59363.0
2021-10-27,3180.8908059207665,3193.804576329234,3166.3400286656506,3172.933349609375,116096.0
2021-10-28,3196.623975537671,3196.6694911234267,3106.591038531062,3114.184814453125,60853.0
2021-10-29,3101.134229573928,3146.4235656605415,3079.3080649083054,3090.94873046875,178291.0
2021-11-01,3126.598473736716,3172.9790793680636,3103.5444956561146,3162.3388671875,89540.0
2021-11-02,3178.4356057420614,3195.669139227544,3152.1533514897455,3168.20458984375,185781.0
2021-11-03,3190.2580701038796,3201.1256379953907,3152.5169897420465,3176.20751953125,39055.0
2021-11-04,3196.624161130793,3196.71519230759,3188.166476697313,3191.213134765625,33702.0
2021-11-05,,,,,
2021-11-08,3218.4496046115296,3218.4496046115296,3165.930400128253,3185.3466796875,129083.0
2021-11-09,3186.6199952739335,3214.7210930652022,3180.7997735911727,3187.07470703125,83427.0
2021-11-10,3182.9823895882664,3200.6251174510917,3166.021729380353,3168.75,53691.0
2021-11-11,3166.6130715914837,3190.940153631999,3124.7795847180755,3172.16064453125,95676.0
2021-11-12,3182.9827923286994,3214.9036514283853,3170.296376747584,3205.263671875,144937.0
2021-11-15,3214.6313589810657,3246.188321086801,3211.1755040642934,3232.001220703125,56987.0
2021-11-16,3240.276271067486,3251.1893542145,3220.4963078635237,3233.13720703125,93911.0
2021-11-17,3236.638771079511,3239.685429118601,3195.532866495698,3204.763427734375,46814.0
2021-11-18,3193.9415346435517,3202.4445129813325,3139.3305973155034,3160.83837890625,134098.0
2021-11-19,,,,,
2021-11-22,3164.7943695828817,3197.533621682015,3129.3268464754874,3147.74267578125,53969.0
2021-11-23,3132.9645249999735,3167.886304914758,3099.361364993598,3149.970703125,91067.0
2021-11-24,3162.9753512656453,3177.1169329661448,3120.232441113407,3131.645751953125,47809.0
2021-11-25,3148.424925004081,3148.424925004081,3122.9610607926097,3133.41943359375,56004.0
2021-11-26,3128.4170215190093,3170.2505049462984,3105.3630456454684,3133.55517578125,80166.0
2021-11-29,3133.555567521635,3210.26554259831,3098.906659045926,3183.619384765625,85268.0
2021-11-30,3182.982672651384,3240.2763607591087,3178.299229815383,3212.084228515625,131810.0
2021-12-01,3214.948740403718,3264.2396769872084,3214.948740403718,3254.053955078125,159108.0
2021-12-02,3260.283609860435,3317.577296728275,3249.552366962279,3311.34765625,188193.0
2021-12-03,3313.030300564676,3333.901528571512,3301.889861041778,3309.983642578125,76061.0
2021-12-06,3312.120798679367,3325.625828143861,3202.5352533084547,3214.221435546875,51174.0
2021-12-07,3244.7326242625268,3271.3332666172446,3206.264180632899,3260.010986328125,24002.0
2021-12-08,3296.6607668540173,3314.8492400504533,3276.289765684913,3298.02490234375,263196.0
2021-12-09,3285.7479571955837,3303.3906888578504,3243.9144653519643,3277.199462890625,77990.0
2021-12-10,3260.2834775028837,3311.0748723719475,3251.280273028624,3307.164306640625,78298.0
2021-12-13,3316.6682414991033,3328.490749626191,3276.6535986074223,3283.110595703125,52114.0
2021-12-14,3274.834432925316,3305.2090928119187,3252.2351673140292,3294.659912109375,87750.0
2021-12-15,3283.018942100181,3294.5685765215144,3236.2746614861558,3246.2783203125,70817.0
2021-12-16,3255.736056679262,3280.5178464961646,3247.0965336238282,3256.9638671875,19480.0
2021-12-17,3274.834759494734,3319.396521009658,3249.5072205166693,3262.28466796875,82484.0
2021-12-20,3246.733150849421,3278.4719443849995,3191.9403811825146,3234.91064453125,160727.0
2021-12-21,3260.2836796443567,3309.93829813687,3244.868993681614,3281.609619140625,104021.0
2021-12-22,3284.8381383974693,3306.6643054300107,3278.8358536526193,3301.207763671875,68470.0
2021-12-23,3310.756916845483,3338.494339167633,3301.2534837667895,3331.037109375,62978.0
2021-12-24,3343.0411974873987,3368.4140274495944,3315.1219370063245,3337.81201171875,141802.0
2021-12-27,3337.584980828069,3364.8676918430124,3322.261102663768,3360.82080078125,37807.0
2021-12-28,3378.5086207197437,3387.1481447834954,3359.4562410056556,3371.506103515625,34438.0
2021-12-29,3364.8675804061336,3382.5558263895728,3350.6804823373,3358.637939453125,75965.0
2021-12-30,3358.5013794405095,3400.880608322334,3347.1790999428895,3395.0146484375,45572.0
2021-12-31,3397.652055392806,3419.2508657034145,3393.5596492286904,3398.379638671875,51482.0
2022-01-03,3404.8822412380423,3482.183253659312,3404.8367256488123,3472.31591796875,67010.0
2022-01-04,3482.228073059947,3535.838543609696,3464.9035110990076,3531.0185546875,342652.0
2022-01-05,3514.922256983479,3519.560406211097,3465.8133819829336,3511.330078125,54550.0
2022-01-06,3470.360443736485,3487.4121361683665,3429.7547689695966,3462.039306640625,111898.0
2022-01-07,3464.0862444541795,3514.422717972953,3452.172704004049,3505.6923828125,41904.0
2022-01-10,3614.0492641262476,3619.4147743738185,3512.0574996478226,3527.972412109375,244605.0
2022-01-11,3509.466027774472,3570.2610904015814,3504.7370689810587,3561.121337890625,80161.0
2022-01-12,3572.0343971512975,3574.1714095963644,3489.2768417513607,3507.87451171875,122701.0
2022-01-13,3577.6726286259986,3587.1305457474064,3507.8743636928402,3544.614990234375,368315.0
2022-01-14,3528.563438858097,3617.9598198717276,3510.4659986913434,3609.7294921875,280512.0
2022-01-17,3635.8755264929414,3676.7995881968386,3604.045700723243,3655.064453125,295249.0
2022-01-18,3679.0732922362517,3679.0732922362517,3620.4154681479467,3628.82763671875,110328.0
2022-01-19,3660.485782852011,3660.485782852011,3563.6897115657925,3567.37939453125,138761.0
2022-01-20,3566.6505933398025,3566.6505933398025,3474.637385184676,3487.255126953125,289388.0
2022-01-21,3474.6376719826253,3508.345483692997,3436.1469950971336,3493.632568359375,231443.0
2022-01-24,3499.2347159488722,3507.5704764093753,3408.132536413624,3435.918701171875,288622.0
2022-01-25,3435.4631411840055,3470.264128785704,3391.7796912045437,3434.643310546875,229135.0
2022-01-26,,,,,
2022-01-27,3407.2215726104473,3407.2215726104473,3303.592841625303,3325.32080078125,408154.0
2022-01-28,3333.4287621440153,3397.2002880664204,3325.229565953992,3361.898193359375,213927.0
2022-01-31,3409.225299050127,3423.6650816986144,3390.549354540897,3405.307861328125,140447.0
2022-02-01,3443.662342647761,3470.081974377069,3403.213064415377,3462.474853515625,142772.0
2022-02-02,3482.836536362964,3520.1884322538567,3462.4751090261952,3513.811279296875,72720.0
2022-02-03,3502.878883591197,3537.4521170354824,3475.5482291028393,3484.658447265625,114933.0
2022-02-04,3470.9928417671235,3484.658167915813,3433.8231101592046,3475.22900390625,107911.0
2022-02-07,3461.882985403123,3491.400003995899,3421.8892156703105,3442.38720703125,81224.0
2022-02-08,3457.2370995080933,3463.477688815288,3390.049230881769,3409.408447265625,85663.0
2022-02-09,3427.263588531281,3441.8399355319457,3414.5092849056996,3426.580322265625,43296.0
2022-02-10,3448.2174086147743,3451.497175962461,3423.8931717746095,3435.645263671875,67626.0
2022-02-11,3418.153508930132,3418.153508930132,3362.2168640356076,3366.77197265625,172871.0
2022-02-14,,,,,
2022-02-15,3448.6271179535856,3491.9462451283944,3416.285846964267,3478.007568359375,280664.0
2022-02-16,3509.2557927020744,3512.899879714226,3467.257600920058,3474.22705078125,171784.0
2022-02-17,3489.2133948885066,3493.905068058267,3443.6623061823907,3447.71630859375,253743.0
2022-02-18,3433.641101319452,3476.4135295626706,3421.7978181363387,3457.1455078125,340554.0
2022-02-21,3472.815257816175,3488.211437961762,3376.0647827875755,3389.22900390625,581891.0
2022-02-22,3324.3181607167094,3337.026868861893,3253.0763087441624,3267.515869140625,333134.0
2022-02-23,3283.9603331021394,3315.9828837501873,3239.4570503334835,3248.066162109375,208645.0
2022-02-24,3165.800512514122,3179.465838467421,3090.2313044758653,3099.523681640625,414928.0
2022-02-25,3145.0748211049263,3215.906761822113,3145.0748211049263,3206.523193359375,231297.0
2022-02-28,3182.199266702414,3246.7906257770073,3149.12912963911,3238.272705078125,75954.0
2022-03-01,,,,,
2022-03-02,3243.3290632684825,3252.94016610722,3194.9081172048486,3228.98046875,137462.0
2022-03-03,3250.5258976969867,3260.0916269362856,3216.6815255934907,3229.0712890625,87974.0
2022-03-04,3188.5762311659655,3244.5128795114492,3174.9109044609686,3211.533935546875,107978.0
2022-03-07,3160.334383339513,3231.80399361907,3052.833819132519,3175.18408203125,244599.0
2022-03-08,3150.3133153096273,3286.9665823126475,3150.3133153096273,3279.6328125,191722.0
2022-03-09,3288.7883452999763,3328.8733002011395,3278.767106574686,3310.060791015625,137528.0
2022-03-10,3357.11496547394,3357.11496547394,3292.9791267422966,3297.98974609375,126839.0
2022-03-11,3292.432796574722,3317.668056038419,3274.212360511774,3280.316162109375,43118.0
2022-03-14,3265.1024060254285,3323.4078061330256,3261.458318518704,3318.579345703125,138512.0
2022-03-15,3331.150819073689,3333.155022313977,3266.923789743812,3275.4873046875,37001.0
2022-03-16,3328.600211900082,3340.716845980387,3279.678387109188,3329.101318359375,80789.0
2022-03-17,3363.4924664959303,3379.526539051832,3335.250790856338,3348.187255859375,79044.0
2022-03-18,,,,,
2022-03-21,3370.7802681172852,3383.4889762663,3293.343424119996,3302.681396484375,90739.0
2022-03-22,3307.100236739683,3381.712831198124,3302.909447604741,3371.64599609375,50288.0
2022-03-23,3378.9796530276667,3398.1111096773243,3361.3059201373308,3378.29638671875,133080.0
2022-03-24,3370.7806966145836,3423.255641831557,3370.735101040602,3416.331787109375,52182.0
2022-03-25,3419.0645222736225,3441.8856608905858,3346.137188952409,3378.02294921875,104788.0
2022-03-28,3368.9584666805576,3382.1682821935024,3334.9317149957637,3376.292236328125,127823.0
2022-03-29,3361.6707944891346,3389.9124732504256,3361.6707944891346,3375.29052734375,139652.0
2022-03-30,3405.399957541329,3405.399957541329,3377.2038734304115,3398.703857421875,70417.0
2022-03-31,3403.577268436819,3419.9756599871034,3389.0465159632454,3406.128173828125,52924.0
2022-04-01,3412.8241546380377,3427.673854146218,3397.2002200667557,3422.572265625,84280.0
2022-04-04,3426.352837080724,3442.7512287498153,3405.4449321861166,3434.369873046875,56385.0
2022-04-05,3454.5945427284973,3494.2239896189744,3439.6082791350086,3474.6826171875,127222.0
2022-04-06,3473.4077995218763,3473.4077995218763,3400.2073182188205,3421.93505859375,76724.0
2022-04-07,3407.266967872308,3410.2277885835324,3348.915979833777,3357.069580078125,172534.0
2022-04-08,3361.670166577293,3375.3354924576884,3319.626602918908,3358.800537109375,138607.0
2022-04-11,3368.958700445839,3381.0297395969765,3331.4702414075823,3367.5009765625,168596.0
2022-04-12,3352.559812949304,3405.9457728507305,3325.274757868157,3362.990966796875,283042.0
2022-04-13,3373.5137346020138,3379.9364827930194,3331.606731687703,3335.524169921875,106056.0
2022-04-14,,,,,
2022-04-18,3297.8987140729882,3297.8987140729882,3210.440626627959,3214.49462890625,183837.0
2022-04-19,3234.12689283117,3246.5168763734823,3133.914510236402,3165.16259765625,207746.0
2022-04-20,3179.238254257365,3251.4367302656456,3171.3124092610774,3239.5478515625,183652.0
2022-04-21,3269.6575652521897,3318.8527473429162,3250.9816164955246,3306.9638671875,42124.0
2022-04-22,3261.4579882923895,3295.1657943166406,3253.440952105839,3290.47412109375,303745.0
2022-04-25,3244.239562880625,3264.190849746607,3219.5507850975464,3232.03173828125,76976.0
2022-04-26,3247.792309960971,3268.108138038317,3206.796334098911,3229.2529296875,71786.0
2022-04-27,3225.017552170293,3250.571761156151,3194.04280731894,3244.42236328125,94285.0
2022-04-28,3266.012828350067,3283.1400809710613,3224.1058297157288,3265.101806640625,85289.0
2022-04-29,3276.9460804155915,3299.6760344604163,3222.64908113646,3234.21923828125,47354.0
2022-05-02,,,,,
2022-05-03,,,,,
2022-05-04,3225.0172408172534,3229.7545097948537,3157.19171084344,3172.587890625,1062687.0
2022-05-05,3194.088694084895,3218.5950966608875,3176.3693608542258,3200.693603515625,74099.0
2022-05-06,3159.833273486462,3165.527159296352,3120.295019389553,3127.53759765625,134551.0
2022-05-09,3091.0968236711196,3148.035683523594,3050.7841108955677,3139.47216796875,185666.0
2022-05-10,3133.9154665793876,3156.599823867584,3120.250137510001,3131.41015625,95068.0
2022-05-11,3128.4489679623453,3140.7477626820573,3081.075832745676,3109.226318359375,66515.0
2022-05-12,3097.474121523197,3141.5674876979074,3052.014222647814,3107.495361328125,158049.0
2022-05-13,3134.8259898032334,3135.0993408246272,3082.123290109694,3109.727294921875,142500.0
2022-05-16,3110.228660063317,3124.3494990296267,3067.274067916651,3076.201904296875,32081.0
2022-05-17,3070.097756603076,3157.9657614718963,3053.061694058172,3145.029296875,37639.0
2022-05-18,3152.135007995977,3184.0207667473815,3136.6932350269917,3142.11376953125,59292.0
2022-05-19,3075.6093430462097,3099.8426098938116,2943.5567885147193,2979.6787109375,494805.0
2022-05-20,3014.571215775729,3019.1263248959704,2980.088950768527,3000.814697265625,137393.0
2022-05-23,3020.0372285144376,3040.9907296474184,2976.3537782445997,3025.457763671875,88129.0
2022-05-24,3016.393012085891,3025.4576340084036,2984.9627617334404,2995.485107421875,105893.0
2022-05-25,3013.782804284897,3014.2872862385548,2893.6350418499237,2904.274169921875,235534.0
2022-05-26,2925.735050338217,2973.4272831336993,2917.480625431307,2961.137451171875,110339.0
2022-05-27,2979.8478985622705,3007.225168729354,2962.421887459567,2991.954345703125,146145.0
2022-05-30,3002.638861802654,3105.3146911591134,3002.638861802654,3095.913818359375,117464.0
2022-05-31,3077.0664902267927,3102.7010232087455,3048.726384696768,3086.0546875,72520.0
2022-06-01,3104.581399022885,3107.3328744134515,3065.6021643231884,3078.4423828125,121714.0
2022-06-02,3078.9011360087156,3147.917314288327,3072.5269291102077,3139.3876953125,104828.0
2022-06-03,3168.5072905108746,3189.4185482053126,3147.275161704463,3153.924560546875,65791.0
2022-06-06,3137.5988045525564,3167.039677990811,3098.1609943813314,3146.08251953125,34827.0
2022-06-07,3136.6817600084582,3136.6817600084582,3078.167008708216,3083.486572265625,26386.0
2022-06-08,3092.658414696203,3130.674589156596,3069.7294525469133,3121.13623046875,79401.0
2022-06-09,3093.5755714456614,3151.723329857362,3076.287044428543,3142.689453125,46081.0
2022-06-10,3107.3326300299886,3109.3044310052287,3074.40673334533,3086.55908203125,116639.0
2022-06-13,3018.368710619941,3020.2030276728856,2929.4043335521396,2953.387939453125,168993.0
2022-06-14,2933.07274809021,2970.5844394485603,2915.554931979701,2945.22509765625,168330.0
2022-06-15,2948.618305961254,2966.090217983894,2935.915796674549,2941.1435546875,87160.0
2022-06-16,2969.208690949671,2973.1066143811877,2874.3745963232573,2882.032958984375,175120.0
2022-06-17,2842.869900613596,2852.867061366905,2772.8908949185416,2833.33154296875,276257.0
2022-06-20,2838.1465467220874,2878.59331998859,2815.4009745973235,2855.29736328125,94264.0
2022-06-21,2868.8712968458126,2969.1167485168016,2866.1198218168684,2945.91259765625,106881.0
2022-06-22,2935.8236604544927,2979.847257987081,2920.3694538377517,2955.083984375,94514.0
2022-06-23,2955.0841773855395,3042.214219859663,2955.0841773855395,3034.876953125,371935.0
2022-06-24,3066.977471920621,3066.977471920621,3006.4450218169245,3020.156494140625,107346.0
2022-06-27,3061.474909817613,3083.2115203258804,3032.4926131961643,3038.224853515625,38084.0
2022-06-28,3038.224786789257,3050.6982310167136,3002.776702998488,3044.0029296875,31985.0
2022-06-29,2999.1078342578166,3056.7970054789766,2999.1078342578166,3018.4140625,108986.0
2022-06-30,2999.1082117384294,3036.6658064876215,2984.4336761458258,2994.751708984375,41813.0
2022-07-01,2991.7705352666394,3056.3842961884634,2982.598951774099,3041.4345703125,34282.0
2022-07-04,3040.3802952738165,3041.8478383762526,2958.5698054148856,2966.6865234375,113323.0
2022-07-05,2982.5989665498905,3000.9421336258433,2943.1611573365926,2949.71875,138816.0
2022-07-06,2949.581025100064,2997.18145021128,2937.1075829401193,2990.211181640625,101238.0
2022-07-07,2999.0621155325816,3044.048780589255,2994.5222261596614,3014.65380859375,77239.0
2022-07-08,3023.8713193456642,3026.8520842191474,2980.810776187244,2994.384765625,76501.0
2022-07-11,2953.250169073215,2956.0475470910233,2848.5566229873857,2855.343505859375,202245.0
2022-07-12,2866.120226904802,2876.3923570149004,2825.7652541099824,2829.11279296875,188774.0
2022-07-13,2850.98672462524,2852.2706567461355,2782.383235414912,2786.83154296875,107114.0
2022-07-14,2813.9134854581757,2813.9134854581757,2729.3121649803484,2757.543212890625,167339.0
2022-07-15,2772.532555141135,2784.4870902047624,2715.518618683838,2752.8076171875,120629.0
2022-07-18,2780.2564665617424,2829.040202114381,2772.532088853192,2814.235107421875,1742719.0
2022-07-19,2782.6476280227794,2831.3393187142333,2782.6476280227794,2827.799072265625,103279.0
2022-07-20,2859.386816745505,2915.849140359203,2848.8576749527897,2909.50390625,217944.0
2022-07-21,2912.4002971727864,2927.52733490579,2891.2499688694447,2922.147705078125,51548.0
2022-07-22,2924.262787702519,2939.8956390833187,2889.4108147209504,2915.986572265625,81444.0
2022-07-25,2914.1474687821355,2928.860740950174,2895.1582416929473,2912.584228515625,61457.0
2022-07-26,2909.5033655021834,2912.2621038612633,2847.5238001708713,2865.271728515625,96329.0
2022-07-27,2852.5356261450493,2937.228988406781,2852.5356261450493,2931.94140625,44030.0
2022-07-28,2956.356185361067,3001.5076307613,2943.896062148795,2998.01318359375,80279.0
2022-07-29,3025.600755108889,3049.877791253656,3012.5427696898473,3035.348388671875,55026.0
2022-08-01,3059.4868422302084,3061.279977249456,3007.944369355053,3033.87646484375,1310532.0
2022-08-02,3017.14065039112,3045.141804150062,3008.864434038325,3025.462890625,75259.0
2022-08-03,3024.9568086180557,3079.6717896524906,3013.1861459479596,3071.02783203125,47351.0
2022-08-04,3082.430952561535,3115.48979571048,3040.727926094556,3084.407958984375,128302.0
2022-08-05,3084.2697205990917,3105.420049631226,3084.2697205990917,3094.614990234375,25229.0
2022-08-08,3090.7069678579833,3107.1673525345095,3067.2576885719436,3102.615478515625,86210.0
2022-08-09,,,,,
2022-08-10,3105.5125958552944,3108.455205900308,3066.7982019144815,3086.109375,72060.0
2022-08-11,3120.133272127864,3152.3185549231703,3105.4199999928665,3147.21484375,124557.0
2022-08-12,3144.9621814702023,3145.0542292314185,3110.0181572316446,3126.38671875,112772.0
2022-08-15,,,,,
2022-08-16,3129.374755905594,3138.984315838153,3115.3511699039736,3120.0869140625,22937.0
2022-08-17,3112.7768822480652,3142.2034288453883,3099.9027681117363,3127.168212890625,111891.0
2022-08-18,3125.6506608133086,3125.6506608133086,3091.3503012169576,3109.328125,137979.0
2022-08-19,3115.5356798334687,3145.8818065850933,3099.9488505396635,3113.0068359375,140465.0
2022-08-22,3098.0637996571513,3112.2712601593944,3077.833047626146,3084.5,96277.0
2022-08-23,3056.9124064328967,3072.223316575186,3011.2093463933647,3019.66943359375,122593.0
2022-08-24,3030.0147072345,3041.831394605619,2989.553205832886,2993.553466796875,53777.0
2022-08-25,3007.2090326445,3016.1749333557937,2955.0689164863234,2959.299072265625,91523.0
2022-08-26,2974.7018615339803,2995.070457835394,2959.298904773543,2962.563232421875,28323.0
2022-08-29,2892.077817731651,2892.077817731651,2833.5006426045384,2881.6865234375,114608.0
2022-08-30,2894.836428066775,2967.43718875497,2890.4224013183143,2953.32177734375,117816.0
2022-08-31,,,,,
2022-09-01,2933.0901174002865,2933.0901174002865,2870.190760885508,2879.70849609375,431542.0
2022-09-02,2905.870995392325,2907.1583167901367,2870.4671873788425,2877.961669921875,108411.0
2022-09-05,2877.962438873309,2894.331001982905,2863.111316930891,2880.9052734375,224678.0
2022-09-06,2882.146178384497,2888.3533403419915,2856.30612775437,2877.2265625,67799.0
2022-09-07,2866.3295029033293,2906.698955987213,2852.5358094341123,2897.687255859375,105750.0
2022-09-08,2909.549812973276,2927.6654859339938,2906.2852605384096,2914.929443359375,96753.0
2022-09-09,2933.734827491897,2972.0812517107033,2914.009890076043,2958.5634765625,197742.0
2022-09-12,2973.78247789612,3005.8296911596917,2967.2533731559806,2980.63330078125,90748.0
2022-09-13,2997.829410305193,3000.725996159697,2965.6441252252293,2969.690185546875,129890.0
2022-09-14,2882.8823241207347,2889.319381941738,2864.260835424261,2869.870361328125,373125.0
2022-09-15,2875.5254096247563,2888.077581363915,2851.6163400212245,2854.697021484375,192170.0
2022-09-16,2839.6618473915137,2848.8116196474016,2759.658420991558,2766.693115234375,352662.0
2022-09-19,2781.728367349752,2798.2347767273877,2748.025863875303,2784.992919921875,855360.0
2022-09-20,2804.7170660997076,2832.2123993384716,2787.2450581469557,2796.80859375,112804.0
2022-09-21,2785.4061966457066,2796.2572792229867,2758.7383921878904,2760.34765625,124329.0
2022-09-22,2746.002135748148,2786.279761306565,2740.3468118284327,2765.727294921875,148264.0
2022-09-23,2764.348369060672,2778.9235712470295,2740.439299082725,2742.922119140625,145153.0
2022-09-26,2738.507445484024,2781.267887463543,2690.6893168187557,2753.910400390625,181320.0
2022-09-27,2772.0267265325842,2781.7283363756724,2736.668935224463,2775.888916015625,152031.0
2022-09-28,2740.3469853595207,2803.7979726044223,2740.3469853595207,2793.0849609375,129003.0
2022-09-29,2797.361141261984,2807.0167270552943,2750.1866629133187,2756.302001953125,116665.0
2022-09-30,2754.1404533348195,2776.210360139506,2712.851425823733,2762.968505859375,167509.0
2022-10-03,2762.968565594721,2777.5437654914103,2734.691496889867,2745.58837890625,161101.0
2022-10-04,2777.1302862267585,2848.3977025123786,2777.1302862267585,2843.7998046875,113230.0
2022-10-05,,,,,
2022-10-06,2853.4553143698863,2872.8585324784744,2843.7997291939646,2855.0185546875,185886.0
2022-10-07,2849.776814147802,2855.1564439191093,2812.9936348751617,2818.465087890625,190047.0
2022-10-10,2770.7854712919857,2878.192192406097,2770.7394474091643,2870.19189453125,227444.0
2022-10-11,2850.696790616128,2891.6641071374597,2809.0858132692315,2822.143798828125,1428966.0
2022-10-12,2844.994954036857,2859.8920962607335,2816.901756871605,2851.385986328125,77306.0
2022-10-13,2854.9266615654496,2859.892301160275,2807.752187387732,2851.662109375,123897.0
2022-10-14,2883.8016118254973,2895.756146568396,2824.07496199213,2848.53564453125,127684.0
2022-10-17,2841.4828036460135,2883.432014407173,2832.7703202747684,2868.81884765625,1207533.0
2022-10-18,2899.5660249440857,2907.4488329229866,2884.7223695665516,2898.41357421875,41737.0
2022-10-19,2894.8182789401003,2907.2647478956924,2869.6487078122923,2877.208740234375,50767.0
2022-10-20,2869.14160039733,2913.3957124857207,2862.2268953835187,2908.647705078125,35915.0
2022-10-21,2908.647547800536,2912.4735943327396,2883.570038902673,2894.403076171875,93476.0
2022-10-24,2913.395337179986,2929.990627075315,2908.7855344312834,2915.193115234375,42704.0
2022-10-25,2931.8343232000843,2935.4760220745084,2904.95926527262,2915.0546875,142516.0
2022-10-26,,,,,
2022-10-27,2912.473625091761,2925.7038501444104,2889.9778757942026,2909.845947265625,42161.0
2022-10-28,2909.8458572782038,2930.359480625549,2901.456150872112,2916.115234375,36819.0
2022-10-31,2943.8208003022924,2949.629198292632,2930.4062258000536,2943.866943359375,80343.0
2022-11-01,2958.571603396278,3007.112739574466,2954.9299039971156,3005.222900390625,52959.0
2022-11-02,3014.8114167542017,3014.8114167542017,2970.695508281154,2989.68798828125,146673.0
2022-11-03,2973.3228087024186,2973.7376459371903,2945.66399187728,2956.86572265625,1567293.0
2022-11-04,2956.866170631173,2968.7134556680544,2920.771499241117,2965.30224609375,112298.0
2022-11-07,2973.322695215878,2988.9960241518993,2946.7240440157157,2981.850830078125,121301.0
2022-11-08,,,,,
2022-11-09,2983.4643580645206,2992.3152694339155,2952.1176991726193,2964.97900390625,107468.0
2022-11-10,2927.2246438714765,2973.4608738016727,2924.827456490107,2955.805419921875,114990.0
2022-11-11,3007.435320663436,3080.500694410394,2999.6909420617444,3057.3134765625,308454.0
2022-11-14,3061.8311620838754,3087.646058963836,3049.2003468423595,3073.86279296875,145040.0
2022-11-15,3065.5191126588893,3080.4086868851573,3034.910064581679,3072.572021484375,132868.0
2022-11-16,3073.8168895478143,3104.2415918138845,3062.799504502409,3092.30224609375,196455.0
2022-11-17,3082.114020100334,3096.5426122112744,3059.341640261079,3089.8583984375,46877.0
2022-11-18,3084.8802462417298,3099.078349808462,3061.9694347124578,3081.008056640625,138271.0
2022-11-21,3070.1285957522073,3072.156863920986,3019.1441329132526,3026.151123046875,26113.0
2022-11-22,3016.6555569699026,3059.941568920423,3001.0283673632384,3055.6083984375,23411.0
2022-11-23,3070.128867815518,3070.128867815518,3033.9419134426175,3052.058349609375,73213.0
2022-11-24,3056.299014924916,3127.2899724359922,3048.969474069621,3114.843505859375,150131.0
2022-11-25,3114.3833547659237,3136.51041234863,3086.7245327875407,3124.38671875,80720.0
2022-11-28,3107.9291294396635,3149.6017028292576,3102.3973659342832,3132.268798828125,95814.0
2022-11-29,3116.4575484878314,3160.481170391624,3116.4575484878314,3131.99267578125,166776.0
2022-11-30,3125.446320222637,3146.78961730045,3111.663054772004,3127.658935546875,32178.0
2022-12-01,3154.027597142337,3208.1005028897475,3154.027597142337,3203.90576171875,261887.0
2022-12-02,3189.9839556112343,3197.3596410577343,3147.5737642938598,3170.853271484375,83358.0
2022-12-05,3156.793615419708,3167.7189403681164,3141.3969158761347,3157.715576171875,77725.0
2022-12-06,3134.6658973858443,3141.9033778017842,3105.024955479598,3120.2373046875,50436.0
2022-12-07,3104.24127536355,3129.733395385896,3092.301930860527,3116.780029296875,45278.0
2022-12-08,3110.695148354614,3110.695148354614,3078.4726695325685,3088.8447265625,106443.0
2022-12-09,3103.3192567429796,3108.851020123983,3021.2647665914274,3035.693359375,68806.0
2022-12-12,2996.3722873594247,3037.860519030555,2983.78761378774,3028.179931640625,80179.0
2022-12-13,3024.21529440594,3078.795320144343,3013.8893800913315,3071.880615234375,36869.0
2022-12-14,3080.270427957545,3114.4291139077563,3080.270427957545,3102.120849609375,39334.0
2022-12-15,3101.4755533936586,3101.4755533936586,3042.470073186407,3046.6650390625,56212.0
2022-12-16,3024.030692911199,3034.2645453523,2973.415147263233,2985.400634765625,66727.0
2022-12-19,2981.620455591892,2992.6839823287823,2945.663993696999,2951.7490234375,90877.0
2022-12-20,2951.1956277980485,2994.5739153298346,2917.0830885201576,2989.82568359375,28562.0
2022-12-21,2995.4503410712973,3026.797005151452,2986.5535102720078,3012.183837890625,91096.0
2022-12-22,3031.4063116050147,3034.126050230729,2991.3933134639306,3004.392822265625,41242.0
2022-12-23,2982.6346967583563,3010.9849839694893,2967.514408526269,2975.443359375,88714.0
2022-12-26,2973.3228075334946,3016.608810830214,2973.3228075334946,3001.765380859375,18484.0
2022-12-27,3010.201441014351,3018.4529435915597,2978.4860855454663,3004.7158203125,34548.0
2022-12-28,2991.762219870511,3011.999210515817,2974.982581559416,3002.180419921875,41409.0
2022-12-29,2980.6985578508547,3015.7330599227175,2977.056858574149,3014.11962890625,52967.0
2022-12-30,3028.6406324157924,3041.5942241260773,2993.375638750677,3004.900146484375,182089.0
2023-01-02,3010.2015368509233,3012.045458159867,2983.3264738082858,3006.19091796875,72106.0
2023-01-03,3005.5916014182185,3060.494400995475,2994.251440849247,3052.473388671875,45996.0
2023-01-04,3046.1575914984946,3067.2244796468203,3030.346058442238,3055.42333984375,42280.0
2023-01-05,3070.1291330443387,3075.7531833533085,3026.889266220771,3052.0126953125,54074.0
2023-01-06,3042.470184744221,3042.5163277949337,2950.2741185398504,2961.337646484375,91907.0
2023-01-09,2990.747671077486,3068.100294541579,2964.379734991291,3060.63232421875,169062.0
2023-01-10,3033.250076985797,3035.5549782601024,2978.8544069121913,3029.74658203125,94932.0
2023-01-11,3032.328383927504,3087.6460193898483,3016.65505387984,3069.068603515625,72414.0
2023-01-12,3072.8948900913288,3088.568221363922,3057.221558818736,3074.3701171875,83856.0
2023-01-13,3087.646517190164,3115.3976254897775,3047.2645917745417,3110.8798828125,98757.0
2023-01-16,3130.4921223204315,3161.04261601051,3110.4550868989527,3144.070068359375,64489.0
2023-01-17,3143.6931291488227,3189.8961775376324,3130.256528341873,3185.983154296875,121563.0
2023-01-18,3180.985508327627,3213.138918918639,3178.5810180279764,3197.01513671875,107557.0
2023-01-19,3187.0674021870145,3193.7622216522745,3168.727666875177,3179.901123046875,77208.0
2023-01-20,3177.354950299435,3200.0793963036426,3164.625540425976,3169.764404296875,46357.0
2023-01-23,3182.635775635291,3222.8983864407132,3166.323224595645,3219.126708984375,46966.0
2023-01-24,3227.612400184691,3254.7213270048223,3221.1063498298117,3239.72900390625,55283.0
2023-01-25,3229.499124514456,3239.8240464773894,3211.300733041897,3235.67529296875,39744.0
2023-01-26,,,,,
2023-01-27,3234.2132442140805,3250.2428725381737,3189.09446299636,3215.73193359375,91518.0
2023-01-30,3218.7022826737602,3260.567808293747,3193.8090745658697,3239.304931640625,59893.0
2023-01-31,3245.57551037865,3248.2157305310334,3156.610979935749,3165.804443359375,79115.0
2023-02-01,3187.067289002642,3222.898223021015,3164.060149767546,3213.138916015625,43182.0
2023-02-02,3212.5731790769073,3270.3269849789194,3212.5731790769073,3264.33935546875,48456.0
2023-02-03,3293.2401425585654,3298.331814856309,3255.3817933531463,3283.103759765625,125650.0
2023-02-06,3276.644521724282,3276.644521724282,3240.813588824851,3262.500732421875,21416.0
2023-02-07,3266.272403445692,3292.6741434273545,3262.6420721162517,3272.542724609375,80033.0
2023-02-08,3273.8160532506467,3337.463110737518,3273.8160532506467,3317.850341796875,50900.0
2023-02-09,3317.8500626490504,3345.430451906215,3303.9891951146365,3339.0185546875,32844.0
2023-02-10,3311.5798231009408,3339.0186370180973,3306.4879206818923,3333.64404296875,48411.0
2023-02-13,3345.477383230296,3345.477383230296,3276.644280362254,3283.951904296875,26143.0
2023-02-14,3299.274913940453,3323.036436299382,3296.540539817672,3299.416259765625,141270.0
2023-02-15,3290.7882990109074,3323.790473929355,3262.924988145923,3318.03857421875,30042.0
2023-02-16,3328.505262664733,3370.936632868674,3324.7335853132713,3351.088134765625,57676.0
2023-02-17,3323.790547617556,3334.869849442948,3290.741179961257,3299.887451171875,50874.0
2023-02-20,3305.874840553297,3320.9615483253597,3276.8328820510974,3287.11083984375,43050.0
2023-02-21,3289.845310148632,3307.7135841498753,3248.35686255719,3252.505615234375,102243.0
2023-02-22,3229.4045291186567,3250.761791440918,3201.305715439808,3206.444580078125,41593.0
2023-02-23,3215.8263456266286,3256.6076062770762,3213.4690473231344,3219.220947265625,41914.0
2023-02-24,3225.915552053456,3237.984965467176,3189.471812185711,3205.972900390625,35329.0
2023-02-27,3203.9454072776884,3203.9454072776884,3127.9462495860453,3141.665771484375,30683.0
2023-02-28,3141.665685446498,3198.3821878813606,3111.68080639413,3124.975830078125,56090.0
2023-03-01,3136.6211419422602,3195.6007918998184,3130.4921663154378,3192.58349609375,48789.0
2023-03-02,3177.590924997204,3177.590924997204,3128.6063122315472,3131.576416015625,48727.0
2023-03-03,3168.208716625533,3168.208716625533,3140.8640580594197,3151.943359375,15677.0
2023-03-06,3164.4369977430297,3209.6971216678407,3164.4369977430297,3179.05224609375,57870.0
2023-03-07,,,,,
2023-03-08,3169.1521262533392,3201.2113860845243,3141.524541593125,3196.2138671875,30873.0
2023-03-09,3196.213331529714,3196.213331529714,3138.978179170085,3146.94580078125,48171.0
2023-03-10,3122.006284309543,3146.522189894577,3106.919573180291,3140.911865234375,54663.0
2023-03-13,3140.9112460445494,3176.9307157238795,3085.2318177186417,3095.0380859375,81352.0
2023-03-14,3088.5792962097316,3115.405303707027,3026.7708913134256,3033.22998046875,240605.0
2023-03-15,3057.462749493406,3075.048100787618,3008.855217873803,3016.162841796875,95877.0
2023-03-16,3013.5700000367965,3035.2571433411913,2990.4212858165597,3002.962158203125,52784.0
2023-03-17,2971.1386165356694,3036.2000460948443,2965.481100921828,2997.4931640625,269767.0
2023-03-20,2992.3542875196586,2992.3542875196586,2919.3724284895898,2961.89794921875,52684.0
2023-03-21,2965.481027555451,2974.910220011907,2920.2209037644616,2928.61279296875,34240.0
2023-03-22,2943.181400807373,2964.1613563135293,2928.801880741356,2951.99755859375,33080.0
2023-03-23,2939.079740048065,2964.538563590349,2923.804491963681,2945.68017578125,26541.0
2023-03-24,2965.4814320706046,2988.7714945740217,2931.3477967631143,2943.275634765625,34882.0
2023-03-27,2945.5388774587323,2972.0347746348702,2928.566328156819,2942.0029296875,77555.0
2023-03-28,2943.79425907885,2965.811518345153,2932.4792266928966,2937.665283203125,31013.0
2023-03-29,2946.6227629519935,2969.252825771465,2927.764377269101,2958.97509765625,25771.0
2023-03-30,,,,,
2023-03-31,3008.855782103315,3030.542928135398,2973.0248451807433,3022.81103515625,39813.0
2023-04-03,3040.914446959004,3040.914446959004,2993.768486541035,3016.63427734375,29210.0
2023-04-04,,,,,
2023-04-05,3007.9125901450852,3077.3115432410546,3003.9051830892495,3052.041259765625,188173.0
2023-04-06,3043.2722009250774,3070.9939377221795,3033.088625908109,3037.80322265625,139159.0
2023-04-10,3033.371498960764,3084.289143021653,3032.004311966779,3076.934326171875,101932.0
2023-04-11,3088.0606670369257,3088.0606670369257,3010.929823266595,3030.7783203125,103589.0
2023-04-12,3034.314370673547,3073.8697900924017,3017.341822919624,3057.038818359375,126563.0
2023-04-13,3026.8179184873497,3041.857434155853,2999.473260833748,3007.77099609375,232961.0
2023-04-14,,,,,
2023-04-17,2970.1959174799113,2982.78398273596,2895.0452922119584,2960.3896484375,191858.0
2023-04-18,2968.357130602145,2975.664755133315,2933.7048465349853,2952.563232421875,151970.0
2023-04-19,2947.565711074303,2953.270418840172,2896.9781830669704,2912.394775390625,185687.0
2023-04-20,2923.0496608675157,2935.2604190549996,2903.248356713252,2927.24560546875,76175.0
2023-04-21,2923.9929409909623,2985.0469696685386,2923.9929409909623,2981.180908203125,58734.0
2023-04-24,2971.139037211458,2999.0495436068104,2948.131895872942,2992.967529296875,122196.0
2023-04-25,2998.483188066088,3008.7139539186483,2969.158307572541,2994.051513671875,76223.0
2023-04-26,2994.711454191376,3023.9419501233447,2994.711454191376,3017.05859375,40943.0
2023-04-27,3017.3415445350756,3017.3415445350756,2989.9968867877265,3005.177978515625,80128.0
2023-04-28,3024.885112401858,3042.9891169089174,3014.6543459216527,3032.428466796875,51644.0
2023-05-01,,,,,
2023-05-02,3033.3716683112334,3047.6098431384644,3027.7141519886136,3035.446044921875,69567.0
2023-05-03,3025.8755342013214,3032.1930481144254,2992.873355336669,2998.7666015625,53799.0
2023-05-04,3009.751469062171,3040.4435409233,2999.426547891772,3036.530517578125,74186.0
2023-05-05,3036.483063561132,3057.7929015882223,3026.770948743808,3046.430908203125,23445.0
2023-05-08,3046.43129519921,3067.316868236027,3046.43129519921,3064.44091796875,53011.0
2023-05-09,3061.659247583834,3109.93667412563,3061.1877878906425,3096.452880859375,23799.0
2023-05-10,3100.3187728648495,3117.574242732909,3081.4603861685914,3098.3857421875,62216.0
2023-05-11,3117.291220222507,3120.1199781355945,3085.7034235263623,3094.189697265625,22830.0
2023-05-12,3094.189949423086,3102.2047641633258,3073.304377211374,3086.88232421875,19204.0
2023-05-15,3093.2466980620193,3104.7974592421015,3063.686086551848,3067.457763671875,20898.0
2023-05-16,3075.802975742152,3096.4528178014307,3065.195132861373,3071.08837890625,20043.0
2023-05-17,3065.4305891586077,3085.6561617388056,3016.0686726095737,3025.92236328125,21459.0
2023-05-18,,,,,
2023-05-19,3021.113038151335,3049.353421415176,3019.3215837999246,3037.849853515625,38600.0
2023-05-22,3038.887820316759,3119.1773135580866,3034.455915060398,3109.700927734375,37822.0
2023-05-23,3119.177055033018,3138.931168394377,3102.628775220625,3107.5791015625,32867.0
2023-05-24,3081.4597672186605,3127.9929191268757,3081.4597672186605,3112.623291015625,11292.0
2023-05-25,3102.204482954653,3116.961077850879,3081.3189126361763,3106.683349609375,30397.0
2023-05-26,3100.365773152485,3148.407464249423,3100.365773152485,3138.978271484375,66787.0
2023-05-29,,,,,
2023-05-30,3127.6634878597342,3136.43268386668,3113.5196975920535,3125.589111328125,39929.0
2023-05-31,3125.5889866412936,3137.6112078892284,3084.28907466623,3103.1474609375,28339.0
2023-06-01,3121.062643854937,3149.161682882887,3106.918855438676,3133.603515625,62779.0
2023-06-02,3126.908964583613,3146.2860024128872,3108.427884261277,3115.782470703125,22900.0
2023-06-05,3123.891611911414,3136.0082168859394,3097.489871756413,3101.827392578125,35207.0
2023-06-06,3101.2614498835137,3101.2614498835137,3037.520015748613,3049.542236328125,150482.0
2023-06-07,3052.2771697720996,3091.6440531738926,3052.2771697720996,3087.683837890625,109708.0
2023-06-08,3083.2989412674624,3083.3461332737847,3048.552502934402,3051.42822265625,63206.0
2023-06-09,3059.8204133519257,3064.4406259801567,3023.942286857273,3027.1953125,137471.0
2023-06-12,3026.817729125398,3068.541902417554,3026.817729125398,3063.1201171875,95226.0
2023-06-13,3070.1449256600918,3078.6311984890044,3055.624062012572,3058.641357421875,111746.0
2023-06-14,3056.0487486363704,3069.9096167831203,3041.85776664128,3066.137939453125,120224.0
2023-06-15,3077.8222587053942,3082.951790465078,3050.2267322313446,3055.2138671875,133137.0
2023-06-16,3043.5295585536664,3043.5295585536664,2998.17038046545,3016.2666015625,151310.0
2023-06-19,3016.3143624191202,3054.0265568781156,3014.12947588624,3048.9443359375,88241.0
2023-06-20,3053.0764430544177,3070.1751910242306,3041.2973983307465,3065.615478515625,55192.0
2023-06-21,3077.822376213946,3097.723373891654,3063.050910491763,3094.35107421875,34640.0
2023-06-22,3102.425349445817,3103.422822815353,3070.0328598054584,3076.682373046875,85493.0
2023-06-23,3073.9745253600986,3084.4237589135478,3048.3264066379966,3056.353271484375,169294.0
2023-06-26,3041.6773568919843,3049.5142832487486,3013.606865194433,3030.18310546875,115935.0
2023-06-27,3039.7772780131236,3048.9915565037804,3023.6284612236786,3036.547607421875,66914.0
2023-06-28,3042.6749220783636,3069.2254330624464,3033.3180139246306,3053.7890625,46412.0
2023-06-29,,,,,
2023-06-30,3054.0263101560136,3143.889820944665,3054.0263101560136,3135.245361328125,128775.0
2023-07-03,,,,,
2023-07-04,,,,,
2023-07-05,,,,,
2023-07-06,,,,,
2023-07-07,3135.5779616466016,3188.3464116515183,3135.5779616466016,3159.18359375,60304.0
2023-07-10,3159.5633288284475,3159.5633288284475,3101.5224935335154,3108.45703125,37435.0
2023-07-11,,,,,
2023-07-12,,,,,
2023-07-13,,,,,
2023-07-14,3192.051357916215,3347.5549271915934,3184.214431653635,3336.15576171875,392060.0
2023-07-17,3336.155525679984,3371.302950067842,3303.382927264278,3317.109375,76509.0
2023-07-18,,,,,
2023-07-19,3320.0546149676384,3339.955612406817,3273.6504176315707,3297.208740234375,94660.0
2023-07-20,3292.446559551808,3312.9231580563974,3272.446161012442,3297.5419921875,72310.0
2023-07-21,3260.969830096982,3271.4938962671904,3197.873332097651,3209.20703125,88718.0
2023-07-24,3213.3973104250754,3250.9217740357503,3210.5401106825516,3232.6357421875,71143.0
2023-07-25,,,,,
2023-07-26,3223.9214310926395,3258.8744620364573,3223.7784315913627,3225.778564453125,21902.0
2023-07-27,,,,,
2023-07-28,3228.493298715612,3228.493298715612,3172.444464567068,3195.635498046875,97335.0
2023-07-31,,,,,
2023-08-01,,,,,
2023-08-02,,,,,
2023-08-03,3261.9695424207,3269.3029748880817,3207.016116633308,3237.873779296875,89034.0
2023-08-04,3229.6834596930034,3304.9704873061473,3229.6834596930034,3278.4462890625,73311.0
2023-08-07,3279.113283001996,3321.733184080805,3278.1608829778884,3317.923583984375,48564.0
2023-08-08,3318.018657890032,3321.4948246987547,3292.5419592346366,3304.68505859375,81770.0
2023-08-09,3303.8752807899104,3303.8752807899104,3261.969684838698,3299.11328125,53047.0
2023-08-10,3280.1130368740514,3290.541769640064,3267.684171240249,3279.54150390625,85997.0
2023-08-11,3276.255612576475,3301.3988765954227,3252.445615392053,3285.16064453125,121004.0
2023-08-14,3262.017398328519,3290.0655295187335,3247.969499483418,3285.636962890625,88531.0
2023-08-15,,,,,
2023-08-16,3290.541792633521,3300.1134585342306,3270.541393893925,3292.970458984375,38718.0
2023-08-17,3292.970335853118,3296.256069019287,3251.493273513969,3277.54150390625,62318.0
2023-08-18,3248.9217595386676,3250.0645928916083,3190.539600347806,3207.349365234375,584952.0
2023-08-21,3206.730760563267,3246.7315600713328,3206.683094059947,3239.82666015625,62020.0
2023-08-22,3239.826675256058,3247.683975196049,3205.7783755160995,3222.207275390625,69816.0
2023-08-23,3222.254820035094,3239.969319718156,3215.20692084374,3237.635986328125,130854.0
2023-08-24,3242.9219975469227,3251.0650640446693,3217.540630573935,3227.4931640625,101202.0
2023-08-25,3214.349816905369,3223.873816362867,3190.539818261626,3219.683349609375,155554.0
2023-08-28,3224.8734296600023,3230.3497285785497,3200.0633680555557,3214.349365234375,82413.0
2023-08-29,3215.3500788027654,3228.06447933968,3205.7784122622475,3216.873779296875,63180.0
2023-08-30,3228.635683110147,3246.397848358982,3221.064150357198,3228.683349609375,116058.0
2023-08-31,3230.7309140729567,3253.874278288673,3185.7776850213995,3197.254150390625,25911.0
2023-09-01,3199.1590875966467,3227.683419497568,3197.254287703169,3218.349853515625,47394.0
2023-09-04,3210.5880343333406,3269.160633746434,3209.635634342884,3255.160400390625,36795.0
2023-09-05,3255.1605699119436,3282.922938071749,3243.874536429468,3264.6845703125,41368.0
2023-09-06,3266.3035889541306,3279.6848559596865,3238.160121395156,3266.58935546875,36225.0
2023-09-07,3281.922541355598,3297.2086069645798,3260.065009139156,3291.065673828125,37771.0
2023-09-08,3281.065196336367,3298.6369273144805,3271.5888641982056,3279.350830078125,189880.0
2023-09-11,3286.8748029744784,3318.6374324646154,3281.11296962822,3313.732666015625,93745.0
2023-09-12,3319.1612313638816,3418.972784782554,3318.2088314887405,3410.1630859375,102261.0
2023-09-13,3392.972634011737,3417.2111672757146,3376.305634171345,3395.829833984375,36826.0
2023-09-14,3398.0204410352,3426.4017750866224,3377.2580744822453,3389.734375,24854.0
2023-09-15,3392.448639015324,3434.830437004145,3392.448639015324,3428.4970703125,49097.0
2023-09-18,3413.353664560343,3446.687661933981,3403.9249983110335,3433.306396484375,85875.0
2023-09-19,,,,,
2023-09-20,3391.5439749973166,3452.4499068501195,3391.5439749973166,3434.878173828125,32742.0
2023-09-21,3419.1155814235003,3432.6872797620194,3360.1621216485396,3413.353515625,103196.0
2023-09-22,3409.6394749397596,3460.1166721037935,3394.877275769146,3431.16357421875,32498.0
2023-09-25,3428.5446635527696,3439.116396549977,3390.591663102562,3407.163330078125,84429.0
2023-09-26,3407.1154971479928,3422.0683624182197,3368.019665112539,3412.591796875,113520.0
2023-09-27,3424.7821624514654,3441.0206262477873,3386.3529683708284,3416.877197265625,26350.0
2023-09-28,3428.5923875627677,3431.06872060963,3360.829219501999,3368.876953125,374575.0
2023-09-29,3366.733734837455,3398.162932362104,3339.1141370127625,3362.68603515625,83502.0
2023-10-02,,,,,
2023-10-03,3362.972038644873,3366.495872111775,3314.3519725437377,3347.924072265625,110749.0
2023-10-04,3319.685344556911,3377.2102082835445,3311.4946120140676,3368.30517578125,282695.0
2023-10-05,3388.591148778392,3451.49720814037,3384.4957827394455,3418.258544921875,64884.0
2023-10-06,3419.115742498199,3461.259439324256,3406.68687693034,3447.878173828125,251185.0
2023-10-09,3480.0693982941266,3504.8317968588904,3457.21179961896,3464.11669921875,136192.0
2023-10-10,3466.6882509280235,3476.259917203956,3430.449385287239,3456.449951171875,57937.0
2023-10-11,3489.593164008307,3489.593164008307,3434.3539709099227,3438.35400390625,530680.0
2023-10-12,3414.354016208911,3417.925516225866,3370.543616000931,3373.638916015625,205521.0
2023-10-13,3361.9243268339656,3408.8300267410154,3357.209993347214,3400.353759765625,326628.0
2023-10-16,3395.25835740251,3404.7823574695694,3350.3051235898947,3356.400390625,41613.0
2023-10-17,3368.591165213117,3368.591165213117,3336.5906644235347,3339.7333984375,79395.0
2023-10-18,3340.1616963441566,3355.828627792092,3319.1135660879936,3321.1611328125,35991.0
2023-10-19,3317.1509759255314,3321.3525189558036,3296.048613575021,3298.817626953125,216685.0
2023-10-20,3298.769737286945,3342.4547801601143,3288.600525473136,3336.53466796875,391507.0
2023-10-23,3318.153615444068,3323.023516876357,3248.162011981832,3255.132568359375,26553.0
2023-10-24,,,,,
2023-10-25,3246.4909136333877,3271.269596231255,3224.576824009174,3236.846923828125,32271.0
2023-10-26,3217.749626636505,3220.279923839682,3180.0800426612946,3187.098388671875,155481.0
2023-10-27,3206.3386692186064,3211.256360128173,3187.814395454396,3199.320556640625,342615.0
2023-10-30,3202.614902740781,3230.210388111636,3182.8014682649696,3226.438720703125,17188.0
2023-10-31,3233.218494242256,3244.91558258511,3199.3208096568424,3216.174072265625,47077.0
2023-11-01,3203.3309973901337,3219.706826820031,3163.465413027353,3182.133056640625,16067.0
2023-11-02,3190.7267333395507,3222.6668963996353,3190.7267333395507,3208.296142578125,39442.0
2023-11-03,3234.50728189144,3234.50728189144,3194.928202726116,3199.607177734375,124559.0
2023-11-06,3212.1638447602163,3240.475480999594,3208.3443871564587,3232.55029296875,14209.0
2023-11-07,3232.215666118272,3250.8833098688315,3214.1210341980623,3217.98828125,38446.0
2023-11-08,3225.4838040484346,3248.4483370057033,3219.6592717119233,3228.157470703125,68334.0
2023-11-09,3237.944962066238,3239.377258569659,3192.111473956778,3197.12451171875,35061.0
2023-11-10,3193.0184700039267,3195.930852780231,3172.3935407340973,3182.371826171875,253510.0
2023-11-13,3198.7958430509248,3205.479894066255,3176.833961143411,3181.32177734375,32989.0
2023-11-14,,,,,
2023-11-15,3232.311334475822,3258.9519560157614,3208.3441465610777,3245.870361328125,128174.0
2023-11-16,3310.514683823234,3369.7162732080164,3261.3391700600678,3340.115478515625,169895.0
2023-11-17,3360.119754974778,3365.419298579326,3336.343726635894,3344.555419921875,271375.0
2023-11-20,3336.2477126521335,3373.6307858168434,3335.34063828971,3360.45361328125,80442.0
2023-11-21,3363.9868370766308,3379.646517920717,3343.9346873239742,3351.860107421875,48656.0
2023-11-22,3334.4339149802313,3373.010339330763,3323.8826178740937,3370.52783203125,114862.0
2023-11-23,3379.98091203931,3383.466073492148,3341.0701917439214,3350.571044921875,196038.0
2023-11-24,3341.070106190154,3346.70371217762,3296.4302012274816,3301.538818359375,365537.0
2023-11-27,,,,,
2023-11-28,3297.14650210486,3322.9278387850886,3276.712498873443,3313.808837890625,58924.0
2023-11-29,3318.29688961241,3358.2580575577267,3318.29688961241,3354.5341796875,98285.0
2023-11-30,3349.1387906229857,3356.3480628159996,3324.169182067005,3335.722900390625,46364.0
2023-12-01,3337.34684822204,3358.4014229471204,3332.4769462555346,3351.1923828125,441821.0
2023-12-04,3373.5834671439434,3384.9940492612236,3341.0702900888637,3351.239501953125,48292.0
2023-12-05,3377.355069312313,3377.355069312313,3344.8896827257654,3370.575439453125,77724.0
2023-12-06,3371.1004610447526,3449.3515400853726,3367.7106463166747,3440.710205078125,48863.0
2023-12-07,3453.6964797535447,3467.1123701676042,3430.2069571899715,3453.457763671875,37043.0
2023-12-08,3456.75231226114,3479.5259217648572,3438.609888410006,3462.72021484375,274344.0
2023-12-11,3462.7199814295227,3487.832960428574,3459.4735358918965,3477.806884765625,22168.0
2023-12-12,3475.706122254677,3532.0431170934203,3468.258133939897,3506.3095703125,77392.0
2023-12-13,3476.6607936141304,3485.2545720108697,3402.2291706799383,3431.54345703125,115769.0
2023-12-14,3456.847416041955,3510.4153954971607,3456.847416041955,3501.10546875,246373.0
2023-12-15,3494.994483191367,3718.289606983903,3494.994483191367,3685.82421875,272428.0
2023-12-18,3685.7764279378885,3751.6142789059627,3658.2762877580535,3683.86669921875,73334.0
2023-12-19,3668.0154218523157,3678.137076109802,3619.890357095602,3640.0380859375,54142.0
2023-12-20,3649.1095888580257,3722.872857786181,3597.928767913128,3609.721435546875,60720.0
2023-12-21,3565.8453157293607,3633.2588317161126,3565.8453157293607,3618.41064453125,90556.0
2023-12-22,3624.951754769324,3672.360678803308,3592.8682178009954,3652.642822265625,127163.0
2023-12-26,3609.482836014489,3660.806795016545,3609.482836014489,3623.328369140625,70216.0
2023-12-27,3624.2349514457123,3645.6716066468416,3598.023975125349,3638.796630859375,28290.0
2023-12-28,3649.587001053871,3665.007966532557,3622.516504405103,3629.487060546875,29256.0
2023-12-29,3626.4313556265406,3650.3983088948826,3596.0666252618707,3623.662109375,105711.0
2024-01-01,3620.845387987277,3658.944379913044,3602.512040241954,3638.60595703125,68853.0
2024-01-02,3642.2341630126875,3642.2341630126875,3596.4484680818327,3612.490234375,28298.0
2024-01-03,3599.8387523131537,3599.8387523131537,3521.7307985432353,3524.9296875,101894.0
2024-01-04,3532.9980721745465,3551.2836311104384,3486.734941340172,3501.487548828125,113458.0
2024-01-05,3505.4979209552744,3577.781104922063,3505.4979209552744,3569.044189453125,226503.0
2024-01-08,3569.043992827469,3569.4258452942413,3505.3545914357583,3511.704345703125,26313.0
2024-01-09,3550.9973221830005,3582.746561292422,3516.9084789580493,3523.592529296875,87204.0
2024-01-10,3523.5922458195273,3561.6436797213128,3521.5393809147995,3546.079345703125,99268.0
2024-01-11,3554.9598026592002,3601.748153540291,3540.636838103764,3567.56396484375,205186.0
2024-01-12,3670.4506976848584,3729.4613599514146,3648.1547554338053,3706.496826171875,1168288.0
2024-01-15,3774.053457294941,3786.0370512060954,3709.6479051540177,3726.262451171875,89116.0
2024-01-16,3726.119601779514,3726.119601779514,3681.240975017098,3686.7314453125,25447.0
2024-01-17,3662.716662258471,3733.519763501983,3645.7678193423176,3708.83642578125,41328.0
2024-01-18,,,,,
2024-01-19,3752.616876615115,3784.1274000065396,3740.585492617191,3764.31396484375,562002.0
2024-01-22,,,,,
2024-01-23,3723.9710015120418,3755.48152537099,3670.737313477607,3687.590576171875,51991.0
2024-01-24,3687.876897694446,3706.2102458532163,3633.2587056943134,3674.31787109375,408405.0
2024-01-25,3663.6231754515898,3681.001658056054,3609.3868398059367,3636.31396484375,1089054.0
2024-01-26,,,,,
2024-01-29,3635.9802999011245,3648.059240651932,3611.296963262821,3629.773681640625,251247.0
2024-01-30,3629.9168253313997,3672.1695728050063,3615.1164279112663,3627.625244140625,272018.0
2024-01-31,3632.4469486452253,3661.809025991868,3625.6197621204083,3642.568603515625,32384.0
2024-02-01,3643.953335887765,3728.4588320232697,3633.258901645135,3677.6123046875,780437.0
2024-02-02,3685.7762586505005,3802.317495007453,3685.7762586505005,3787.326171875,178429.0
2024-02-05,3794.249227978826,3838.554842363602,3781.692621395396,3793.4375,126912.0
2024-02-06,3819.4572056816373,3962.4481348193435,3807.139549441781,3946.884033203125,107328.0
2024-02-07,3953.281083076834,3968.463331217833,3889.018906334092,3898.901611328125,271054.0
2024-02-08,3905.395274585382,3969.944199267101,3901.3371010115466,3948.88916015625,39399.0
2024-02-09,3943.5895318310836,3995.6771925402977,3913.415726910496,3947.647705078125,202275.0
2024-02-12,3944.4492696286566,3971.615348394572,3920.7688189280616,3933.134033203125,57361.0
2024-02-13,3934.0885988711334,3981.1636901160746,3898.1380500717864,3961.875244140625,21924.0
2024-02-14,3916.9008585035267,3928.7891053630215,3866.77071660183,3915.8984375,15211.0
2024-02-15,3936.2370751951453,3957.9126821710447,3897.469722933679,3916.853515625,39303.0
2024-02-16,3926.4498748160945,3959.8225712880894,3915.8032302613706,3942.826171875,132816.0
2024-02-19,3933.229117212939,3935.616277919918,3872.070246397061,3916.471435546875,56840.0
2024-02-20,3905.299489284052,3913.8457114453495,3830.05636736182,3848.055419921875,30284.0
2024-02-21,3837.4567672781795,3879.613935972404,3800.360193248872,3809.240478515625,24380.0
2024-02-22,3789.235794300897,3909.0234727253687,3789.235794300897,3902.005126953125,31762.0
2024-02-23,3935.0437340552603,3942.58753578028,3862.903915408446,3869.062744140625,171593.0
2024-02-26,3856.696967124503,3868.012202502316,3803.5110714192406,3819.839111328125,19901.0
2024-02-27,3819.2663946092594,3938.4810663636185,3816.6405177011743,3917.6171875,334830.0
2024-02-28,3917.808183242359,3966.7449781220007,3906.6363176696786,3930.603271484375,33404.0
2024-02-29,3914.9437763305145,3951.2286210867487,3885.15205568121,3907.447998046875,30529.0
2024-03-01,3910.5508716920313,3953.042329898764,3903.3418332572473,3911.41015625,120954.0
2024-03-04,3910.598998421433,3928.4073577059457,3891.5017121889277,3897.374267578125,108134.0
2024-03-05,3876.7489758369957,3878.6587043965214,3800.837265595853,3830.294921875,120472.0
2024-03-06,3834.878095093356,3888.1595686835817,3780.641990341748,3881.809814453125,70501.0
2024-03-07,3876.8446751633746,3937.8604112748644,3856.696944990101,3924.587890625,227716.0
2024-03-08,,,,,
2024-03-11,3896.180814215906,3965.5991721889077,3896.180814215906,3935.473388671875,105726.0
2024-03-12,3931.462671771784,4038.407475435859,3931.462671771784,4002.170654296875,99915.0
2024-03-13,4010.4780773391226,4049.627518135608,3946.26344578879,3961.159423828125,46250.0
2024-03-14,3956.0504281561084,4023.51196525016,3902.3395433631263,4017.25732421875,50198.0
2024-03-15,4013.1512248482163,4047.478314193099,3988.4678912386075,4027.139892578125,106409.0
2024-03-18,4027.1404547391935,4062.422879482165,3930.8903133552362,3957.674072265625,39490.0
2024-03-19,3872.5955180115016,3872.6433078533632,3786.8964423736675,3798.020751953125,25582190.0
2024-03-20,3806.0896436891603,3836.645305655556,3781.740600559689,3791.241455078125,136936.0
2024-03-21,3805.516281420716,3827.525951278786,3770.6161759785414,3794.6787109375,64927.0
2024-03-22,3723.016055906461,3760.6376175958503,3681.956889349914,3736.479736328125,275926.0
2024-03-25,,,,,
2024-03-26,3721.6314206111897,3767.8945495894927,3697.234590980871,3702.1044921875,203863.0
2024-03-27,3721.0583840080194,3721.0583840080194,3655.745759193579,3664.291748046875,71441.0
2024-03-28,3682.386511056804,3737.9595686234793,3667.1564715668633,3708.263427734375,80498.0
2024-04-01,3723.971033239416,3754.5266929993295,3711.175943963426,3738.53271484375,58865.0
2024-04-02,3714.37431386015,3729.222500256239,3700.0991392889327,3707.356201171875,44046.0
2024-04-03,3685.3465816890684,3801.5057313550956,3681.6702608596656,3769.088134765625,62264.0
2024-04-04,3790.8588644976626,3845.5248428413242,3758.345690142398,3822.369384765625,42264.0
2024-04-05,3800.360062249402,3821.2714979866755,3780.7853433358055,3799.930419921875,93066.0
2024-04-08,3800.360204985454,3848.10342364105,3781.3584972090007,3793.3896484375,90377.0
2024-04-09,3800.3598163380098,3833.8278558171787,3747.9378608636207,3768.992431640625,81107.0
2024-04-10,3771.7618316575135,3809.2402559970933,3739.8216669655967,3802.794921875,109590.0
2024-04-11,,,,,
2024-04-12,3802.7475075264438,3832.109588093032,3769.8046854273443,3819.744140625,179585.0
2024-04-15,3814.682825603323,3879.6135971029544,3743.068004096377,3763.74072265625,104649.0
2024-04-16,3732.564714981286,3750.802717172234,3689.2615237987143,3697.521240234375,163353.0
2024-04-17,,,,,
2024-04-18,3714.1835973361212,3758.3460734275914,3677.182603854079,3689.118408203125,65782.0
2024-04-19,3667.251917897392,3677.9463514158624,3629.43919843008,3654.6953125,223097.0
2024-04-22,3655.7933726152078,3704.2527334593447,3643.284557651313,3690.97998046875,51988.0
2024-04-23,3704.873953625632,3719.1013402506123,3687.113382145855,3699.335693359375,61696.0
2024-04-24,3714.4220062703916,3720.151191884176,3651.544100910641,3658.32373046875,38530.0
2024-04-25,3642.0431181673443,3697.23431756934,3635.932080312384,3677.993896484375,86420.0
2024-04-26,3685.4416095850534,3700.9105965135923,3629.677632141746,3640.754150390625,114191.0
2024-04-29,3652.929054598106,3702.6773460528584,3647.581721130179,3695.89794921875,22303.0
2024-04-30,3695.8976934073658,3704.8733241917384,3638.0328260748774,3650.064208984375,98711.0
2024-05-01,,,,,
2024-05-02,3628.4840944475895,3695.515517147102,3611.7739703284233,3689.356689453125,76798.0
2024-05-03,3706.448923070264,3717.5732320566435,3626.6224073289222,3666.058349609375,149072.0
2024-05-06,3685.7285635943267,3761.3062159992674,3681.002031734234,3743.736572265625,53334.0
2024-05-07,3748.6541679375496,3808.285397843069,3736.097562310383,3798.68896484375,68881.0
2024-05-08,3773.1943601946564,3804.1796624779017,3762.2134199038696,3793.3896484375,25099.0
2024-05-09,3780.642188466426,3790.81140035998,3734.5221945783655,3781.310546875,24876.0
2024-05-10,3786.037076085443,3794.4399288306245,3709.3136337667424,3720.00830078125,119844.0
2024-05-13,3712.512620581856,3776.488532510607,3694.990766379763,3768.65869140625,68499.0
2024-05-14,3748.94067910299,3767.13089210225,3718.050956391345,3725.8330078125,19294.0
2024-05-15,3725.8329380892837,3752.807856224615,3700.147180086768,3705.2080078125,71057.0
2024-05-16,3740.2177696727936,3760.656118140951,3697.6579146273366,3751.32666015625,33443.0
2024-05-17,3765.5129407779386,3770.273826325109,3683.4228287198644,3687.510498046875,223617.0
2024-05-20,,,,,
2024-05-21,3698.090513847077,3698.090513847077,3664.571764752355,3675.680419921875,90317.0
2024-05-22,3693.329525317,3694.724094971519,3670.2462157837685,3685.010009765625,88374.0
2024-05-23,3689.29013550961,3755.6065157859966,3681.499424315215,3746.3251953125,39379.0
2024-05-24,3722.327860031098,3736.6107518117415,3695.6859204240227,3703.6689453125,163855.0
2024-05-27,3705.496506013127,3757.7706814693993,3693.3297713955703,3699.629638671875,99435.0
2024-05-28,3735.6011011367823,3735.6011011367823,3685.2026317034383,3693.329833984375,27095.0
2024-05-29,3695.2533712603663,3697.4174316677936,3655.386616495544,3660.099365234375,93331.0
2024-05-30,3636.5828923677595,3649.7595673367923,3575.027403049712,3593.109375,169744.0
2024-05-31,3606.2859114259545,3606.2859114259545,3515.3953877215263,3529.341552734375,350824.0
2024-06-03,3630.716050042157,3630.716050042157,3554.926036261537,3565.746337890625,51497.0
2024-06-04,3577.864930270335,3600.85220081354,3456.052473122863,3573.87353515625,200551.0
2024-06-05,3573.104194271447,3639.0840857015887,3558.677124846394,3603.497314453125,104806.0
2024-06-06,3631.7741019481346,3692.3677906194093,3599.0727461572883,3684.384765625,101962.0
2024-06-07,3688.520592690594,3765.464959682836,3688.520592690594,3744.208984375,429643.0
2024-06-10,3755.798532142647,3755.798532142647,3695.2529842697923,3709.0068359375,36808.0
2024-06-11,3714.4412051489244,3729.878215847043,3695.2532504601186,3704.91943359375,27087.0
2024-06-12,3731.4652889083677,3744.5940631733315,3681.018682351277,3686.02001953125,23859.0
2024-06-13,3711.844283410275,3741.3716367194147,3706.554358280066,3729.397216796875,79595.0
2024-06-14,3736.899280949155,3738.534301727986,3680.296989015033,3685.5869140625,66905.0
2024-06-17,,,,,
2024-06-18,3676.161205130375,3695.2531195728748,3652.308639894487,3669.0439453125,40767.0
2024-06-19,3675.5360016368104,3686.163988628206,3649.0863771320314,3655.915283203125,29711.0
2024-06-20,3655.819130009361,3663.850292005984,3635.717508645612,3641.96923828125,29584.0
2024-06-21,3701.9375133830067,3729.0124518986418,3652.2604031387746,3663.46533203125,345408.0
2024-06-24,3665.1967152204184,3708.7183714203065,3652.9337071198975,3671.49658203125,31624.0
2024-06-25,3674.0933067276383,3699.965754673397,3648.797800610878,3692.4638671875,52324.0
2024-06-26,3693.6660734571706,3717.374460892136,3693.6660734571706,3708.766357421875,81411.0
2024-06-27,3678.902504255315,3789.5100305270435,3673.2279511815154,3783.25830078125,200853.0
2024-06-28,3777.4870777305573,3808.697585999111,3747.5748646146712,3755.79833984375,299222.0
2024-07-01,3754.8848926141286,3848.131795020622,3737.6205482292835,3821.634033203125,155437.0
2024-07-02,3837.6000161949855,3868.3777606857725,3831.829189102963,3862.60693359375,50665.0
2024-07-03,3866.454563557965,3867.2721914093277,3803.408223898027,3813.4111328125,40378.0
2024-07-04,3851.9795195275224,3893.1448058683604,3827.3574611629133,3867.656982421875,56861.0
2024-07-05,3861.597382625393,3872.994861211614,3835.6767952773944,3859.19287109375,305014.0
2024-07-08,3861.6933209301046,3872.5136218808098,3760.6557082006307,3824.086669921875,92000.0
2024-07-09,3824.231340782882,3857.798227192986,3824.1350663972357,3839.2353515625,46214.0
2024-07-10,3826.1064438329104,3850.1034191802037,3753.1534784740593,3760.559326171875,214484.0
2024-07-11,3793.982413572348,3827.886025651829,3746.9021254633894,3772.870849609375,551198.0
2024-07-12,3848.3240825359576,4038.617201795658,3822.307457978646,4025.0556640625,589314.0
2024-07-15,4064.201551740978,4075.213932469859,3999.183467813737,4008.801513671875,158248.0
2024-07-16,4020.3433913955337,4033.1835772536174,3986.3435034774734,4015.87109375,177807.0
2024-07-17,,,,,
2024-07-18,4001.059026956738,4159.131229096952,4001.059026956738,4149.51318359375,289927.0
2024-07-19,4159.153505762619,4203.451288618789,4132.015900514909,4148.01904296875,239493.0
2024-07-22,4140.595333033545,4162.720215380528,4111.6261506711335,4132.06396484375,90087.0
2024-07-23,4144.356657598408,4203.211064606334,4112.157370571533,4147.77880859375,69621.0
2024-07-24,4127.099255752903,4182.965507923826,4123.436095590501,4151.34521484375,112849.0
2024-07-25,4142.4282902484065,4187.7381311337085,4122.713500978562,4167.44482421875,56996.0
2024-07-26,4175.301557698039,4262.499086799097,4175.301557698039,4230.15576171875,406430.0
2024-07-29,4262.836707689734,4271.898581763863,4213.622225516119,4222.6845703125,65907.0
2024-07-30,4223.696281790167,4239.795922953436,4171.879180472912,4207.3076171875,32025.0
2024-07-31,4207.018307352817,4255.653793914747,4191.930719976746,4226.9736328125,49127.0
2024-08-01,4241.530472299016,4260.088222532951,4208.656649168757,4237.67431640625,75476.0
2024-08-02,4206.102620689719,4239.265471801228,4114.807929036329,4128.9794921875,311400.0
2024-08-05,4049.011839272884,4081.2111186542925,3962.9713579786408,4005.87109375,53458.0
2024-08-06,4012.909206811235,4102.95036359724,4010.5471227538324,4020.718017578125,69313.0
2024-08-07,4068.292859383985,4089.453705104985,4030.647322264013,4049.735107421875,14407.0
2024-08-08,4027.7551718256245,4078.8492417410766,4010.8844883629754,4020.910400390625,65387.0
2024-08-09,4075.90875606658,4098.611685546653,4063.4242631022325,4077.932861328125,169602.0
2024-08-12,4087.3323230076057,4087.3323230076057,4038.2148188824444,4045.2041015625,46631.0
2024-08-13,4059.6166823055237,4080.633017214831,4033.1540913230046,4044.14404296875,33895.0
2024-08-14,4054.893015328791,4149.417332659561,4040.1914188761048,4137.318359375,115005.0
2024-08-15,,,,,
2024-08-16,4197.378574710315,4268.668989615209,4171.638540323627,4257.72705078125,183439.0
2024-08-19,4259.028395285127,4331.4278283816,4232.5658034943235,4327.9091796875,91876.0
2024-08-20,4341.068262100658,4400.597679196975,4338.176144670878,4359.9150390625,53774.0
2024-08-21,4339.187648555663,4394.860902036023,4338.175595872164,4388.0166015625,74833.0
2024-08-22,4399.874445659012,4399.874445659012,4335.621333886897,4338.1279296875,81625.0
2024-08-23,4338.175619802167,4342.513795421969,4293.010297260457,4303.47021484375,233214.0
2024-08-26,4319.1838717956,4387.341619410405,4319.1838717956,4339.2841796875,155945.0
2024-08-27,,,,,
2024-08-28,4338.176329256115,4399.055309598892,4297.542171783201,4344.68359375,72249.0
2024-08-29,4289.973332917641,4391.197422795473,4289.973332917641,4348.345703125,50690.0
2024-08-30,4350.7566203050965,4415.299228539563,4327.282643997525,4388.16162109375,141415.0
2024-09-02,4419.974375920032,4420.986428597794,4351.4311077493485,4358.27587890625,28256.0
2024-09-03,4376.833605968822,4391.197693081669,4333.837371953598,4349.93701171875,73169.0
2024-09-04,4317.931085923179,4325.11336543558,4278.742991042665,4318.5576171875,91069.0
2024-09-05,4322.750581559647,4336.247126640342,4294.793452463922,4319.23193359375,26026.0
2024-09-06,4318.846966706135,4355.335468478157,4280.574427809959,4297.2041015625,197568.0
2024-09-09,4242.832674642319,4328.53565845708,4242.832674642319,4292.8662109375,39832.0
2024-09-10,4292.8660244367065,4376.689410754956,4281.297555473481,4344.82763671875,68749.0
2024-09-11,4357.456410944206,4384.449503755365,4312.725094144436,4323.9560546875,21662.0
2024-09-12,4339.669250129363,4367.289342007506,4272.331507553997,4354.7568359375,39658.0
2024-09-13,4367.097279855851,4383.003925577181,4343.719330841171,4359.6259765625,126778.0
2024-09-16,4367.09765105667,4381.365243172978,4334.272304021411,4350.708984375,16633.0
2024-09-17,4343.140882943905,4371.917545718939,4308.049952024589,4341.69482421875,17791.0
2024-09-18,4354.516129223305,4354.516129223305,4166.239030959745,4190.2919921875,68843.0
2024-09-19,4239.602495253098,4262.016401913238,4128.8825224025495,4142.3310546875,81459.0
2024-09-20,4165.564657243537,4175.44605735388,4074.6074801321897,4131.1962890625,503940.0
2024-09-23,4131.919194271108,4149.175869059976,4099.768869991791,4114.08447265625,53740.0
2024-09-24,4111.578933002392,4135.727925256076,4090.7555933601507,4118.7607421875,25648.0
2024-09-25,4104.830401973799,4134.763627213707,4087.5257121441164,4122.18310546875,61267.0
2024-09-26,4101.986201254369,4161.130091743569,4101.986201254369,4136.9326171875,66991.0
2024-09-27,4187.159107044705,4220.996971885219,4145.464418081592,4154.09228515625,86656.0
2024-09-30,4140.50030808849,4141.946366873738,4106.662438369243,4114.90478515625,52596.0
2024-10-01,4101.986408709071,4140.740969178947,4090.514437456655,4132.16064453125,126596.0
2024-10-02,,,,,
2024-10-03,4124.111237853056,4124.111237853056,4057.9295773536446,4080.198974609375,89286.0
2024-10-04,4073.065390569258,4144.404287350826,4072.727882723816,4096.298828125,226516.0
2024-10-07,4111.67494084891,4142.717189408666,4076.9215181823834,4118.6162109375,95249.0
2024-10-08,4117.2661908069695,4119.194268869492,4053.784126453973,4098.4189453125,48326.0
2024-10-09,4120.929178089917,4140.547465698134,4092.9720473552843,4099.3828125,24745.0
2024-10-10,4095.2853114904165,4138.90807225477,4048.9634300615385,4076.342041015625,48517.0
2024-10-11,3991.1216680946336,4087.525573121074,3964.755105925464,4001.340576171875,285561.0
2024-10-14,3995.941910152187,4016.5722519250594,3973.7209980721864,3987.89208984375,54607.0
2024-10-15,3995.942228649628,4019.0791679711215,3948.2222912990474,3969.43115234375,120743.0
2024-10-16,3930.8694397387694,3966.6353845795484,3922.0003270695815,3947.54736328125,97300.0
2024-10-17,3970.6358553596183,3980.517255667342,3945.088820417699,3958.537353515625,70673.0
2024-10-18,3970.9069567682427,4006.7602144659754,3952.5454984624266,3983.3251953125,151716.0
2024-10-21,3986.4171382046866,3999.076974153743,3926.307808659399,3941.238525390625,49298.0
2024-10-22,3917.803871515807,3952.545637450021,3873.301446185742,3880.83935546875,44932.0
2024-10-23,3852.572508268719,3975.4008674920574,3852.572508268719,3930.0771484375,70857.0
2024-10-24,3881.370713086811,3938.629470206763,3881.370713086811,3912.101806640625,41480.0
2024-10-25,3933.120880331583,3954.2366515768636,3898.427482730144,3921.524169921875,142063.0
2024-10-28,3921.669181989107,3994.1002536037145,3914.9044344025538,3955.492919921875,77086.0
2024-10-29,3952.593802425906,3963.1757534099092,3923.1188303510453,3940.127197265625,100517.0
2024-10-30,,,,,
2024-10-31,3922.055509806985,3942.8329481086453,3825.9478249429494,3837.7861328125,417913.0
2024-11-01,3858.7572487486254,3861.7047933380863,3846.000913735548,3851.4609375,17194.0
2024-11-04,3836.5299533211833,3852.282198648921,3783.426731316532,3829.233642578125,69842.0
2024-11-05,,,,,
2024-11-06,3865.618591048216,4010.3356403822663,3843.343195443935,3999.705322265625,426912.0
2024-11-07,4043.386249729494,4063.9220905054863,3947.761758338537,4009.948974609375,44655.0
2024-11-08,4019.1783859747025,4029.03530662008,3981.247479317703,4005.697021484375,114003.0
2024-11-11,3995.9851257418095,4091.5612560543236,3980.570975580175,4054.06494140625,37213.0
2024-11-12,4058.9938686156343,4072.378500777233,4025.0252623961023,4054.935302734375,27766.0
2024-11-13,4046.0440279000723,4054.0167664753812,3992.167642982074,4009.61083984375,22090.0
2024-11-14,3992.9402789411015,4020.5310674979814,3977.574732810923,4006.80810546875,150903.0
2024-11-15,,,,,
2024-11-18,4073.344279523067,4073.344279523067,3856.534033521044,3884.41455078125,96670.0
2024-11-19,3893.4505618546323,3992.1674624673005,3880.8874592131233,3903.54931640625,55789.0
2024-11-20,,,,,
2024-11-21,3952.497259592526,3952.545626408348,3889.73010911824,3940.22412109375,77479.0
2024-11-22,3942.5919794672714,4111.51745898012,3917.3692732958493,4103.0615234375,228392.0
2024-11-25,4149.640972560365,4182.5464461248175,4110.936672532014,4170.080078125,114861.0
2024-11-26,4142.7797035484355,4217.868116235576,4142.7797035484355,4205.59521484375,75212.0
2024-11-27,4205.595530284275,4229.90020864186,4177.859875237346,4186.50927734375,33790.0
2024-11-28,4182.4988338012045,4194.2404089326765,4091.7060648004153,4105.28369140625,46853.0
2024-11-29,4078.1280116633716,4153.5547537027705,4054.98272371727,4129.92626953125,121945.0
2024-12-02,4121.616027694756,4142.92479432641,4087.8404198742037,4129.34716796875,40342.0
2024-12-03,4155.487702298802,4180.130710765923,4123.16168479634,4156.88916015625,30653.0
2024-12-04,4174.71912129925,4238.984226473512,4149.883115655476,4208.736328125,38270.0
2024-12-05,4218.303727307528,4337.170017905197,4213.665231544955,4309.38623046875,183703.0
2024-12-06,4300.44633836831,4313.106173648779,4264.68981825154,4297.06396484375,116291.0
2024-12-09,4275.320612279412,4319.7746692787005,4268.024537324812,4302.427734375,81719.0
2024-12-10,4297.499305430997,4342.967883689042,4266.139680139136,4283.00341796875,40964.0
2024-12-11,4289.333163314483,4300.349943573939,4259.471729076288,4278.7509765625,38019.0
2024-12-12,4295.566863323263,4334.22256630822,4278.219927860213,4307.16357421875,99704.0
2024-12-13,4299.4800689985395,4342.774262603605,4247.005146992602,4323.25341796875,184505.0
2024-12-16,4275.417283270088,4322.673783578804,4250.919138277949,4267.49267578125,34329.0
2024-12-17,4267.492789889496,4281.554084689671,4172.883053115096,4179.06787109375,53684.0
2024-12-18,4179.019802218553,4213.471602946352,4151.5743476195075,4202.068359375,23020.0
2024-12-19,4139.880843215841,4216.273985978885,4119.151534152006,4127.94580078125,55639.0
2024-12-20,4165.248509025531,4234.683906198505,4013.3800183640838,4027.97216796875,125781.0
2024-12-23,4057.8822959392355,4073.682908422249,3976.7053221695533,4017.100341796875,59196.0
2024-12-24,4020.144640157561,4075.566872136162,4018.308116923723,4040.148681640625,38839.0
2024-12-26,4035.655361014317,4051.40737111264,4003.1363454991915,4028.504150390625,28724.0
2024-12-27,4022.1255084078393,4040.003769317389,4009.562406147075,4027.875732421875,46264.0
2024-12-30,4034.592144778393,4057.882299504669,3973.806148026482,4019.178466796875,34498.0
2024-12-31,3984.9677277742226,3994.438657689706,3898.427465473397,3959.503662109375,49909.0
2025-01-01,3962.2092222570213,3995.6946277732923,3950.6125123382203,3974.578857421875,29165.0
2025-01-02,3986.3208009243267,4062.230740561938,3960.2763351547096,4043.627685546875,80295.0
2025-01-03,4039.5689476151256,4039.5689476151256,3953.5118806865394,3961.484619140625,161332.0
2025-01-06,3967.041292481569,4009.8041614687336,3928.095626759232,3957.08740234375,64713.0
2025-01-07,3968.007899023892,3997.8693351123156,3876.4422028640006,3892.822509765625,97931.0
2025-01-08,3908.6229134515665,3987.287406130876,3882.047119154977,3969.457275390625,58204.0
2025-01-09,3967.9109634275433,3997.8691316225445,3890.1647321860373,3900.98828125,72625.0
2025-01-10,4058.8484732903944,4152.395077926268,4031.9343479682375,4122.1953125,221040.0
2025-01-13,4107.119841159569,4176.409897706155,4082.669828697373,4147.56298828125,129611.0
2025-01-14,4136.256990220296,4170.902258706409,4076.630379081216,4091.464599609375,228749.0
2025-01-15,4081.8002566937475,4111.420091971489,4066.5795750618026,4105.7666015625,142598.0
2025-01-16,4126.496117107667,4145.823967773276,4051.3590976451087,4066.676513671875,60642.0
2025-01-17,4099.055500048879,4099.055500048879,4035.576729399863,4060.3779296875,41873.0
2025-01-20,4066.725381854831,4083.7517584849807,4003.935722425275,4012.3994140625,38280.0
2025-01-21,4033.1162527750885,4047.583699489049,3965.4055170209567,3970.47412109375,169326.0
2025-01-22,3997.735628327456,4097.087239367835,3987.2050894352756,4088.229736328125,62430.0
2025-01-23,4088.278689216365,4124.594835557633,4076.2226435988114,4080.061279296875,20614.0
2025-01-24,4035.0846908594845,4111.554658806377,4035.0846908594845,4085.572265625,40081.0
2025-01-27,4040.4483729095086,4089.2136527699686,3977.559961015909,4001.819580078125,31079.0
2025-01-28,4000.7372997195725,4037.0039491623916,3965.7501154100073,3972.540771484375,74127.0
2025-01-29,3993.0114073092886,4040.9895467156175,3990.797031644381,4031.492431640625,39893.0
2025-01-30,4033.116358388149,4064.4126767089647,3996.308608767676,4037.49609375,47369.0
2025-01-31,4037.545053273635,4062.493782436827,4023.6191865552164,4043.942138671875,45628.0
2025-02-01,4035.1336435549756,4063.6254699126457,3993.6020852321276,4009.250244140625,14616.0
2025-02-03,3966.1928679100974,4011.4645482882274,3935.6836920030964,4002.90234375,32307.0
2025-02-04,4024.4555399679393,4054.7679308066677,4000.6387472643455,4048.56787109375,75645.0
2025-02-05,4095.118685377261,4095.118685377261,4011.365981690758,4025.98095703125,32703.0
2025-02-06,4030.606723096514,4069.5305763009274,3988.533583522907,4018.05859375,40965.0
2025-02-07,3995.8656187059946,4027.1129215015585,3945.574828293027,3965.553466796875,22001.0
2025-02-10,3985.826877213561,3987.7952111067048,3950.4953799416858,3971.605712890625,91371.0
2025-02-11,3965.9962583081233,3976.871351805432,3892.9711143435043,3901.631591796875,73609.0
2025-02-12,3903.2556374366,3956.351399834574,3878.8975038182152,3887.656494140625,70639.0
2025-02-13,3892.380444105969,3914.9670284636413,3841.5483152000793,3847.207275390625,38697.0
2025-02-14,3862.8553719690617,3885.4912123653135,3838.841793919616,3870.482666015625,88802.0
2025-02-17,3838.251096456252,3872.2541125580897,3798.88441854388,3841.59716796875,126487.0
2025-02-18,3841.5974811406722,3862.4620143552397,3799.868895261844,3808.18505859375,55205.0
2025-02-19,3810.6946228825295,3811.875575227154,3707.8491714126885,3721.47998046875,163847.0
2025-02-20,3719.1669682922525,3729.5007214457505,3695.5469610842574,3718.133544921875,45355.0
2025-02-21,3721.3322947302086,3756.1719514665992,3715.2305072501526,3725.810302734375,89843.0
2025-02-24,3707.701766416239,3707.701766416239,3612.532622142654,3616.71533203125,276198.0
2025-02-25,3582.3186204961276,3600.0336264808034,3564.2593002268377,3573.60888671875,209408.0
2025-02-26,,,,,
2025-02-27,3571.4927897681773,3580.350292776047,3543.0012031478923,3555.15576171875,58527.0
2025-02-28,3531.978267058261,3542.016721520465,3402.609574339775,3428.739013671875,95141.0
2025-03-03,3444.4367638033546,3468.155042911104,3419.9801192148875,3441.18896484375,90088.0
2025-03-04,3428.7886434475226,3493.694410402637,3408.957774092012,3476.717529296875,68643.0
2025-03-05,3474.0600930889077,3541.0327023997156,3465.3503597063964,3493.153076171875,50343.0
2025-03-06,3511.5075235152453,3551.809110294287,3480.161711423144,3542.70556640625,52086.0
2025-03-07,3567.556097814818,3567.556097814818,3518.397004506187,3554.122314453125,30644.0
2025-03-10,3553.0394963428303,3566.079708509267,3525.384549045505,3531.28955078125,40546.0
2025-03-11,3496.99146410964,3532.7167749936807,3480.900237221224,3518.298583984375,48906.0
2025-03-12,3508.5059399612055,3508.850494505685,3434.3491040292242,3448.12744140625,37641.0
2025-03-13,3450.4894571929713,3468.3519919009555,3429.329866967744,3456.739013671875,21598.0
2025-03-14,,,,,
2025-03-17,3452.9498080802327,3553.138053502388,3422.932715548824,3441.8779296875,91119.0
2025-03-18,3447.536841585156,3500.140517247721,3423.91683467735,3496.400634765625,78586.0
2025-03-19,3492.8084485092004,3492.8084485092004,3408.2193485931457,3441.779296875,157024.0
2025-03-20,3452.5069949891163,3520.9065995591536,3452.5069949891163,3506.39013671875,113648.0
2025-03-21,3444.5352741336665,3557.7637365425608,3411.7134485577612,3522.727294921875,68893.0
2025-03-24,3528.287991788702,3591.8160204208534,3510.1791746163467,3574.0517578125,85061.0
2025-03-25,3592.1600597621264,3650.176652580488,3580.448569334548,3599.787353515625,140545.0
2025-03-26,3603.035222195838,3621.635881534978,3567.60521181642,3577.93896484375,29338.0
2025-03-27,3567.2609858615256,3604.856359225021,3552.8430347529925,3593.83349609375,30955.0
2025-03-28,3590.24138226491,3602.051386811834,3539.113952302216,3547.380859375,70765.0
2025-03-31,,,,,
2025-04-01,3532.1261537135565,3532.1261537135565,3468.2045542658716,3494.137451171875,71234.0
2025-04-02,3494.137459956036,3507.2759454492452,3474.158821484266,3488.8720703125,32290.0
2025-04-03,3430.2154675808906,3442.6160675362744,3342.3295492146704,3350.005859375,207922.0
2025-04-04,3313.6409884110844,3337.6055506516013,3243.4208180624837,3247.209716796875,171571.0
2025-04-07,3011.7970536967787,3237.9094213421786,3011.7970536967787,3224.7216796875,274432.0
2025-04-08,3246.766982489227,3295.8768204277308,3203.7589319887006,3241.4033203125,263659.0
2025-04-09,3224.1310869879467,3224.1310869879467,3164.982554269837,3194.70458984375,131136.0
2025-04-10,,,,,
2025-04-11,3237.909434804227,3246.1763415064343,3154.501281430471,3181.123046875,229229.0
2025-04-14,,,,,
2025-04-15,3247.8002902449075,3257.592703640399,3188.8978003847365,3196.279052734375,161796.0
2025-04-16,3222.9009512290168,3226.2962793956035,3178.9579898622087,3220.9326171875,87689.0
2025-04-17,3188.7009353340195,3251.68762047642,3167.5413457939944,3246.717529296875,70459.0
2025-04-21,3241.796672904066,3300.748417301527,3233.8250647839664,3269.009033203125,135470.0
2025-04-22,3272.3057924393756,3280.91725309422,3242.2887010139166,3265.51513671875,170295.0
2025-04-23,3304.8818919001874,3365.850986718616,3284.706469318979,3358.27294921875,153398.0
2025-04-24,3348.037561647316,3358.273042430373,3335.3419036831588,3347.39794921875,60547.0
2025-04-25,3348.7265949366415,3422.489860549707,3348.7265949366415,3392.76806640625,67985.0
2025-04-28,3376.676733158778,3403.199983838415,3351.0883930065984,3389.028076171875,69145.0
2025-04-29,3389.569565598772,3439.6635683815985,3376.8736674903053,3416.53564453125,107574.0
2025-04-30,3416.5358753576884,3454.032735647825,3314.5270578912496,3375.348388671875,52154.0
2025-05-01,,,,,
2025-05-02,3419.488047048715,3436.5141832355425,3366.933628347313,3389.274169921875,54402.0
2025-05-05,3390.5046373498826,3448.32444972447,3390.5046373498826,3400.444580078125,47732.0
2025-05-06,3401.7241526869434,3418.7995471183694,3381.5487281573796,3404.1845703125,88329.0
2025-05-07,3395.3268928583607,3403.5940398216553,3367.1306044245366,3390.652099609375,40003.0
2025-05-08,3394.2934491642563,3420.1278327542273,3375.6927890895354,3392.866455078125,52602.0
2025-05-09,3326.4843260113607,3390.602707368655,3326.4843260113607,3387.699462890625,50372.0
2025-05-12,3444.6831503987282,3572.526352695025,3444.6831503987282,3562.97998046875,172535.0
2025-05-13,3566.5720204746076,3566.5720204746076,3454.6230220625857,3460.281982421875,130770.0
2025-05-14,3460.2816447553237,3504.6184126900703,3451.719440580525,3492.857666015625,58427.0
2025-05-15,3497.729441528704,3542.0169555604402,3459.150144027197,3524.055908203125,117209.0
2025-05-16,3524.2528481868985,3529.2229397013525,3490.8404258563014,3506.537841796875,239863.0
2025-05-19,3493.0547352438766,3493.300776994616,3448.1276076689646,3463.48046875,202305.0
2025-05-20,3483.9512861971857,3502.60120336064,3437.498650436254,3442.66552734375,276279.0
2025-05-21,3447.7337721350987,3479.0303306611386,3443.6003188071636,3469.139404296875,89492.0
2025-05-22,3449.505088216239,3449.505088216239,3397.294984546414,3423.916748046875,87035.0
2025-05-23,3423.9169484172685,3478.5874726104344,3415.059445532602,3458.36279296875,56031.0
2025-05-26,3469.188555459402,3489.216449329343,3453.3433711953335,3482.031982421875,120342.0
2025-05-27,3481.3431211324296,3482.770115181316,3426.7218543963863,3443.501708984375,545274.0
2025-05-28,3456.3944808437386,3470.615645843434,3437.6460515643153,3442.763671875,44196.0
2025-05-29,3444.633829541489,3475.97940499193,3431.003020192021,3441.828857421875,60523.0
2025-05-30,3446.798787675666,3446.8480440794365,3397.737967869234,3409.646484375,55453.0
2025-06-02,3407.8751018436174,3407.8751018436174,3364.1781821407285,3395.179443359375,163215.0
2025-06-03,3395.3269422766416,3417.4707000941353,3345.577251658309,3351.137939453125,919365.0
2025-06-04,3364.9392660514377,3371.839976871111,3346.71942111107,3356.598876953125,107633.0
2025-06-05,3404.9538946220714,3405.0035888561592,3340.364722907358,3348.059814453125,62839.0
2025-06-06,3348.0598205441647,3365.9819854978,3334.208704218765,3361.71240234375,147321.0
2025-06-09,3370.2515105270713,3410.911332230421,3366.0316216799774,3399.443115234375,159154.0
2025-06-10,3415.6276786036524,3460.3088546318977,3399.741038238054,3438.961181640625,313572.0
2025-06-11,3440.599399517342,3464.479054334134,3425.5568338634303,3447.5498046875,111532.0
2025-06-12,3452.365399877814,3452.365399877814,3398.847379196665,3409.620361328125,180783.0
2025-06-13,3375.911095447784,3425.556846851428,3368.712461494256,3422.677490234375,64111.0
2025-06-16,3398.996421777286,3483.344506218492,3398.996421777286,3470.585693359375,237333.0
2025-06-17,3485.1316786290536,3497.3445817115557,3463.4860829690656,3490.344482421875,570631.0
2025-06-18,3499.380175649181,3514.3730471243857,3419.25173896652,3427.7412109375,51232.0
2025-06-19,3424.2659815734446,3427.54264962218,3389.1665810570194,3399.9892578125,53098.0
2025-06-20,3400.0886719888586,3421.1881163269873,3384.3508718358257,3410.017822265625,419497.0
2025-06-23,3390.109980618654,3405.0037067065923,3346.2231828950444,3369.35791015625,136998.0
2025-06-24,3406.1949433249083,3418.407846435536,3358.435634358241,3366.180419921875,771522.0
2025-06-25,3385.443156211248,3425.457437671919,3376.8046015905315,3421.237548828125,18541.0
2025-06-26,3422.826290196679,3426.5497215080827,3391.7976959349785,3417.265869140625,60021.0
2025-06-27,3430.5212664667206,3442.088629054997,3406.4430781275546,3418.755126953125,35961.0
2025-06-30,3420.542535731893,3440.450530283969,3405.847345013581,3436.528564453125,80588.0
2025-07-01,3436.4291666677605,3460.308821218896,3390.258618551067,3405.15234375,221565.0
2025-07-02,3425.6064854618994,3465.1245514197067,3395.8687293361613,3399.095703125,54493.0
2025-07-03,3410.563712762242,3410.663101228819,3374.0740856966936,3376.65576171875,113506.0
2025-07-04,3377.0034284514454,3401.726915902137,3364.641442315202,3396.712646484375,170988.0
2025-07-07,3396.6629081688957,3402.074488977665,3384.0529358480135,3387.7763671875,77567.0
2025-07-08,3385.840107192951,3399.7409170172036,3370.0031616253546,3382.216064453125,377142.0
2025-07-09,3392.3935799496467,3392.3935799496467,3343.0455091537615,3360.3720703125,79903.0
2025-07-10,3361.017247777359,3375.6627439087374,3332.570330222121,3358.33642578125,268234.0
2025-07-11,3290.520415955705,3313.605690449058,3238.24353648673,3242.2646484375,453988.0
2025-07-14,3258.151377480064,3258.151377480064,3177.8246461752246,3200.36376953125,191459.0
2025-07-15,3187.257096481404,3236.704311133293,3185.6683355437262,3229.75390625,236281.0
2025-07-16,3213.016452274017,3232.9421356989724,3208.383828171091,3220.438720703125,124256.0
2025-07-17,3217.9979913279667,3230.0032646791465,3192.0946019240882,3196.577880859375,92023.0
2025-07-18,3201.1110596958356,3215.955597271079,3175.05808141922,3177.997314453125,95407.0
2025-07-21,3209.728654829271,3209.728654829271,3140.7858390625943,3146.663818359375,66767.0
2025-07-22,3149.1546627514836,3167.834991692874,3142.529470046984,3148.009033203125,127085.0
2025-07-23,3157.2244944910462,3171.122609838726,3147.2616529180227,3167.5361328125,78657.0
2025-07-24,3153.239497763856,3162.5049894845433,3128.3323927262268,3138.444580078125,142183.0
2025-07-25,3138.2452561709756,3145.5181792204853,3115.380583236189,3122.703369140625,101533.0
2025-07-28,3101.4326863540136,3101.482549210249,3058.592466144177,3067.60888671875,224281.0
2025-07-29,3057.895005789587,3063.0756347492406,3029.7001155545427,3045.1923828125,163690.0
2025-07-30,3048.629597609916,3058.5924394321705,3036.72405027901,3042.20361328125,100412.0
2025-07-31,3036.2260152139706,3048.6297050732155,3003.8467781502845,3026.06396484375,118847.0
2025-08-01,3010.222831140295,3026.014032918151,2988.8525838127234,2991.941162109375,262947.0
2025-08-04,3003.3983797577926,3068.5552676940224,2980.9321229012016,3063.47412109375,169679.0
2025-08-05,3060.584980776661,3066.0146808751656,3031.094871949759,3050.771484375,131048.0
2025-08-06,3061.382064480233,3061.382064480233,3015.7522005754167,3020.335205078125,37832.0
2025-08-07,3018.5916272402715,3039.6130768517655,3000.8078578807713,3035.8271484375,88044.0
2025-08-08,3035.6779175709808,3046.6370436271936,3013.759665458555,3023.224365234375,80383.0
2025-08-11,3036.67421113516,3037.819840660288,3010.6710964826525,3029.052734375,82049.0
2025-08-12,3030.8957586492666,3083.947892545299,3014.556794986873,3024.220703125,52665.0
2025-08-13,3028.6540026833222,3034.532225204529,3017.744739709074,3024.3203125,69512.0
2025-08-14,3024.3204307769292,3043.64824706557,3006.68600575709,3010.671142578125,150008.0
2025-08-15,,,,,
2025-08-18,3048.5796967919523,3048.5796967919523,2992.7379204268914,3000.758056640625,93061.0
2025-08-19,3003.796753317711,3013.659869244185,2998.8153324996056,3004.9423828125,166183.0
2025-08-20,3004.892913044999,3090.573355389298,3000.808050477065,3085.890625,103099.0
2025-08-21,3103.475147140964,3111.3955578875525,3071.6439155844814,3089.676513671875,56847.0
2025-08-22,3086.4885252743297,3086.4885252743297,3039.2148875026,3042.30322265625,84551.0
2025-08-25,3072.540461698042,3140.2877870532516,3068.5553249124414,3129.07958984375,178864.0
2025-08-26,3118.3695126856433,3151.6453073167704,3109.4029549814354,3144.52197265625,609827.0
2025-08-27,,,,,
2025-08-28,3144.2230111028616,3144.2230111028616,3075.6289912089446,3085.143310546875,135322.0
2025-08-29,3078.5182537944934,3103.2261512095024,3065.566558875617,3072.93896484375,275151.0
2025-09-01,3085.09361117143,3119.066754911418,3083.6488045601627,3100.635498046875,58410.0
2025-09-02,3111.3954739355568,3143.6253642426427,3093.462358812009,3100.585693359375,36874.0
2025-09-03,3108.7054769735405,3130.972281750752,3076.276379295658,3086.6875,172159.0
2025-09-04,3108.4067181317128,3108.4067181317128,3078.6179177096633,3084.246826171875,394965.0
2025-09-05,3088.4311955314997,3093.064063059153,3018.243021415773,3037.12255859375,191114.0
2025-09-08,3037.172259349095,3055.1552370695076,3005.390891963698,3008.080810546875,194003.0
2025-09-09,3023.6226693156464,3048.529773063785,3019.787121278494,3038.11865234375,111210.0
2025-09-10,3043.6482844178126,3110.3993269893326,3043.6482844178126,3098.59326171875,250881.0
2025-09-11,3121.408324712734,3126.6388168687313,3098.5932701303136,3112.342041015625,533044.0
2025-09-12,3128.38224620674,3136.800799037537,3108.755496142602,3122.404541015625,43288.0
2025-09-15,3114.434215917266,3119.3657739716828,3084.495827600233,3099.938232421875,103887.0
2025-09-16,3118.3195584083323,3138.295104465986,3097.845870270605,3133.761962890625,74763.0
2025-09-17,3143.724870213567,3170.1762638651644,3129.776891679905,3161.010498046875,142149.0
2025-09-18,3174.9586010743765,3191.048493934663,3149.25441955062,3164.44775390625,365538.0
2025-09-19,3158.17101568194,3165.4938017630952,3132.815631723331,3158.071533203125,44929.0
2025-09-22,3058.6921675300778,3095.0565402096777,3051.66831539322,3062.62744140625,385138.0
2025-09-23,3062.5775606363386,3069.5016870210175,3040.90837978278,3050.970947265625,137822.0
2025-09-24,3038.6169346124916,3047.0354874210852,3022.726250334712,3024.8681640625,93221.0
2025-09-25,3013.7099125395407,3019.0899932852803,2940.0347428752766,2949.35009765625,569581.0
2025-09-26,2929.0756178438746,2941.031028528952,2881.2539751035665,2889.323974609375,590085.0
2025-09-29,2900.3326430790225,2917.917205097813,2881.752040096584,2885.637451171875,187488.0
2025-09-30,2908.950739609448,2908.950739609448,2875.2762840326454,2878.26513671875,150363.0
2025-10-01,2878.264899145906,2913.5332606374973,2856.894652850855,2903.271728515625,566102.0
2025-10-02,,,,,
2025-10-03,2909.1995991339927,2913.5332892736624,2880.9548460106444,2891.365966796875,80725.0
2025-10-06,2891.216718319628,2980.8822953867425,2885.1891503256497,2976.947021484375,190827.0
2025-10-07,2985.863686151012,2993.335817497736,2944.517892699138,2962.7998046875,90183.0
2025-10-08,2962.799723139621,3030.696390814696,2957.96764770836,3015.602783203125,360325.0
2025-10-09,3023.722455890714,3055.155270100286,3008.9275386731283,3050.572265625,439505.0
2025-10-10,3053.511345940216,3058.642355508022,2995.477791315805,3017.14697265625,286309.0
2025-10-13,2993.883779271275,3024.718725537428,2987.6570032387954,2995.975830078125,135947.0
2025-10-14,2998.8651858105345,3015.752153683482,2946.012262451951,2949.300048828125,145577.0
2025-10-15,2974.949951171875,2979.89990234375,2951.60009765625,2969.0,229177.0
2025-10-16,2969.0,2974.550048828125,2944.25,2970.85009765625,534755.0
2025-10-17,2970.85009765625,2988.0,2955.050048828125,2962.60009765625,143733.0
2025-10-20,2971.14990234375,3022.0,2971.14990234375,3014.25,492693.0
2025-10-21,3033.949951171875,3033.949951171875,2996.050048828125,3007.25,29725.0
2025-10-22,,,,,
2025-10-23,3040.0,3097.949951171875,3038.60009765625,3074.64990234375,1303141.0
2025-10-24,3084.949951171875,3090.0,3058.050048828125,3062.449951171875,127168.0
2025-10-27,3063.199951171875,3093.75,3060.89990234375,3084.550048828125,52850.0
2025-10-28,3081.89990234375,3090.0,3041.050048828125,3056.85009765625,161232.0
2025-10-29,3056.85009765625,3075.35009765625,3046.5,3057.35009765625,56349.0
2025-10-30,3050.0,3064.89990234375,3031.800048828125,3035.550048828125,216814.0
2025-10-31,3033.0,3067.0,3026.699951171875,3057.800048828125,75073.0
2025-11-03,3055.75,3055.75,3010.0,3016.10009765625,76263.0
2025-11-04,3025.0,3029.550048828125,2976.0,2989.800048828125,133856.0
2025-11-05,,,,,
2025-11-06,2989.800048828125,3024.0,2989.800048828125,3011.050048828125,586552.0
2025-11-07,2996.199951171875,3002.39990234375,2960.0,2992.35009765625,167733.0
2025-11-10,2990.0,3047.0,2990.0,3025.800048828125,111706.0
2025-11-11,3047.89990234375,3055.0,3017.5,3048.14990234375,111395.0
2025-11-12,3056.10009765625,3136.0,3056.10009765625,3131.25,309022.0
2025-11-13,3131.25,3132.0,3101.050048828125,3105.699951171875,477009.0
2025-11-14,3099.75,3112.10009765625,3077.5,3105.0,167532.0
2025-11-17,3109.949951171875,3111.0,3087.60009765625,3102.550048828125,41297.0
2025-11-18,3100.0,3102.0,3080.0,3085.64990234375,104079.0
2025-11-19,3103.949951171875,3156.0,3084.050048828125,3147.199951171875,122096.0
2025-11-20,3150.0,3163.5,3137.14990234375,3145.75,361891.0
2025-11-21,3145.75,3170.0,3136.0,3150.050048828125,242380.0
2025-11-24,3145.449951171875,3179.0,3131.39990234375,3140.550048828125,112076.0
2025-11-25,3140.75,3146.949951171875,3115.449951171875,3119.800048828125,105596.0
2025-11-26,3119.800048828125,3177.0,3117.949951171875,3162.25,165644.0
